invoice_id,order_id,invoice_date,due_date,amount,status,payment_method
1,1,2022-06-22,2022-07-22,430.82,Paid,Cash
2,2,2023-02-09,2023-03-11,1777.43,Unpaid,Cash
3,3,2024-08-02,2024-09-01,1043.9,Paid,Bank Transfer
4,4,2024-02-23,2024-03-24,661.93,Paid,Cash
5,5,2024-07-02,2024-08-01,683.54,Unpaid,Bank Transfer
6,6,2024-10-18,2024-11-17,1716.61,Overdue,Credit Card
7,7,2024-05-08,2024-06-07,979.26,Paid,Credit Card
8,8,2024-02-23,2024-03-24,288.71,Paid,Credit Card
9,9,2024-10-25,2024-11-24,1594.9,Unpaid,Credit Card
10,10,2022-03-02,2022-04-01,953.83,Overdue,Cash
11,11,2023-04-22,2023-05-22,352.28,Paid,Bank Transfer
12,12,2022-04-25,2022-05-25,266.26,Paid,Credit Card
13,13,2022-12-22,2023-01-21,674.27,Paid,Cash
14,14,2022-02-27,2022-03-29,660.98,Unpaid,Bank Transfer
15,15,2024-10-05,2024-11-04,1494.24,Unpaid,Bank Transfer
16,16,2023-03-25,2023-04-24,1038.04,Paid,Cash
17,17,2022-09-25,2022-10-25,834.32,Paid,Cash
18,18,2022-10-30,2022-11-29,1300.71,Overdue,Credit Card
19,19,2022-05-29,2022-06-28,1522.31,Unpaid,Cash
20,20,2023-10-23,2023-11-22,1738.98,Unpaid,Credit Card
21,21,2022-12-23,2023-01-22,659.69,Paid,Credit Card
22,22,2022-12-26,2023-01-25,57.51,Paid,Credit Card
23,23,2022-01-04,2022-02-03,1544.17,Paid,Bank Transfer
24,24,2023-10-14,2023-11-13,1107.56,Unpaid,Cash
25,25,2022-06-09,2022-07-09,680.26,Overdue,Cash
26,26,2023-11-19,2023-12-19,432.62,Paid,Cash
27,27,2022-08-10,2022-09-09,1842.91,Paid,Credit Card
28,28,2024-04-27,2024-05-27,1814.97,Unpaid,Bank Transfer
29,29,2023-04-07,2023-05-07,713.55,Unpaid,Bank Transfer
30,30,2023-10-15,2023-11-14,116.57,Paid,Bank Transfer
31,31,2022-06-03,2022-07-03,668.54,Paid,Credit Card
32,32,2022-03-05,2022-04-04,1891.8,Unpaid,Credit Card
33,33,2022-07-27,2022-08-26,522.38,Paid,Credit Card
34,34,2023-06-28,2023-07-28,1265.16,Paid,Bank Transfer
35,35,2024-10-02,2024-11-01,1027.17,Overdue,Bank Transfer
36,36,2024-09-10,2024-10-10,1499.47,Paid,Credit Card
37,37,2022-08-25,2022-09-24,227.8,Paid,Cash
38,38,2024-03-04,2024-04-03,1926.75,Paid,Credit Card
39,39,2024-06-19,2024-07-19,754.15,Unpaid,Credit Card
40,40,2022-07-18,2022-08-17,964.02,Paid,Bank Transfer
41,41,2023-04-11,2023-05-11,1767.93,Paid,Bank Transfer
42,42,2024-08-30,2024-09-29,616.88,Paid,Bank Transfer
43,43,2022-03-13,2022-04-12,933.87,Unpaid,Credit Card
44,44,2024-07-08,2024-08-07,1356.9,Paid,Bank Transfer
45,45,2022-06-10,2022-07-10,505.11,Unpaid,Bank Transfer
46,46,2022-05-18,2022-06-17,1085.6,Paid,Cash
47,47,2024-11-30,2024-12-30,1236.22,Overdue,Cash
48,48,2024-05-09,2024-06-08,987.0,Unpaid,Bank Transfer
49,49,2022-07-25,2022-08-24,1571.44,Paid,Cash
50,50,2023-12-06,2024-01-05,559.78,Paid,Cash
51,51,2022-03-18,2022-04-17,494.07,Paid,Cash
52,52,2024-04-02,2024-05-02,1431.47,Paid,Cash
53,53,2023-07-05,2023-08-04,721.2,Paid,Bank Transfer
54,54,2024-10-03,2024-11-02,1504.81,Paid,Credit Card
55,55,2023-10-20,2023-11-19,1925.36,Paid,Bank Transfer
56,56,2023-03-09,2023-04-08,790.8,Unpaid,Cash
57,57,2024-11-21,2024-12-21,961.13,Paid,Bank Transfer
58,58,2024-12-09,2025-01-08,1746.8,Paid,Bank Transfer
59,59,2023-05-26,2023-06-25,854.08,Paid,Credit Card
60,60,2024-08-08,2024-09-07,630.09,Unpaid,Bank Transfer
61,61,2024-09-28,2024-10-28,415.45,Paid,Credit Card
62,62,2023-12-18,2024-01-17,647.84,Unpaid,Credit Card
63,63,2024-03-02,2024-04-01,1310.45,Paid,Credit Card
64,64,2023-04-07,2023-05-07,1251.54,Paid,Credit Card
65,65,2022-01-19,2022-02-18,1293.83,Paid,Cash
66,66,2023-09-18,2023-10-18,1705.19,Paid,Bank Transfer
67,67,2024-08-13,2024-09-12,757.75,Paid,Cash
68,68,2022-01-16,2022-02-15,1022.36,Paid,Cash
69,69,2023-08-02,2023-09-01,595.2,Paid,Bank Transfer
70,70,2023-10-28,2023-11-27,503.45,Paid,Cash
71,71,2024-11-25,2024-12-25,1321.31,Paid,Credit Card
72,72,2023-10-17,2023-11-16,697.07,Paid,Credit Card
73,73,2024-05-07,2024-06-06,1732.54,Paid,Bank Transfer
74,74,2023-12-04,2024-01-03,871.08,Paid,Cash
75,75,2024-01-05,2024-02-04,1373.41,Paid,Credit Card
76,76,2022-07-19,2022-08-18,535.25,Paid,Cash
77,77,2023-01-10,2023-02-09,1478.99,Paid,Credit Card
78,78,2023-09-21,2023-10-21,1476.51,Paid,Cash
79,79,2022-08-30,2022-09-29,1979.41,Paid,Bank Transfer
80,80,2022-05-26,2022-06-25,174.04,Overdue,Cash
81,81,2024-04-26,2024-05-26,1535.46,Overdue,Cash
82,82,2024-07-26,2024-08-25,1191.31,Unpaid,Bank Transfer
83,83,2022-12-29,2023-01-28,1987.36,Paid,Cash
84,84,2022-12-12,2023-01-11,221.57,Paid,Cash
85,85,2024-06-07,2024-07-07,445.77,Unpaid,Bank Transfer
86,86,2024-12-29,2025-01-28,815.55,Paid,Bank Transfer
87,87,2024-12-23,2025-01-22,1465.73,Unpaid,Bank Transfer
88,88,2023-12-07,2024-01-06,861.6,Paid,Cash
89,89,2022-05-14,2022-06-13,1292.82,Unpaid,Cash
90,90,2023-11-23,2023-12-23,983.98,Paid,Bank Transfer
91,91,2023-01-21,2023-02-20,1446.68,Overdue,Bank Transfer
92,92,2022-02-14,2022-03-16,811.79,Unpaid,Cash
93,93,2023-06-08,2023-07-08,1773.17,Overdue,Credit Card
94,94,2022-02-10,2022-03-12,1485.94,Paid,Bank Transfer
95,95,2023-06-02,2023-07-02,820.15,Overdue,Cash
96,96,2022-07-26,2022-08-25,762.36,Overdue,Cash
97,97,2022-08-03,2022-09-02,1245.27,Paid,Cash
98,98,2024-10-16,2024-11-15,344.86,Paid,Cash
99,99,2024-01-04,2024-02-03,478.48,Paid,Cash
100,100,2024-09-11,2024-10-11,1414.66,Unpaid,Bank Transfer
101,101,2024-10-08,2024-11-07,1818.37,Paid,Bank Transfer
102,102,2023-04-19,2023-05-19,570.91,Unpaid,Cash
103,103,2022-03-22,2022-04-21,499.1,Overdue,Bank Transfer
104,104,2022-07-14,2022-08-13,365.98,Paid,Credit Card
105,105,2024-06-15,2024-07-15,521.69,Paid,Credit Card
106,106,2024-03-31,2024-04-30,448.24,Paid,Cash
107,107,2022-12-08,2023-01-07,789.33,Paid,Bank Transfer
108,108,2024-09-15,2024-10-15,979.42,Unpaid,Credit Card
109,109,2022-03-01,2022-03-31,442.16,Overdue,Credit Card
110,110,2022-05-10,2022-06-09,521.59,Overdue,Bank Transfer
111,111,2023-04-04,2023-05-04,351.97,Unpaid,Bank Transfer
112,112,2023-05-25,2023-06-24,1732.19,Paid,Credit Card
113,113,2022-04-22,2022-05-22,392.2,Overdue,Bank Transfer
114,114,2022-12-05,2023-01-04,578.41,Paid,Cash
115,115,2023-04-02,2023-05-02,1750.05,Paid,Cash
116,116,2024-06-28,2024-07-28,467.34,Overdue,Bank Transfer
117,117,2024-10-15,2024-11-14,1297.38,Paid,Credit Card
118,118,2022-07-06,2022-08-05,1083.8,Unpaid,Bank Transfer
119,119,2024-07-23,2024-08-22,633.99,Unpaid,Bank Transfer
120,120,2023-11-11,2023-12-11,618.84,Paid,Credit Card
121,121,2022-08-22,2022-09-21,1939.36,Paid,Credit Card
122,122,2023-08-21,2023-09-20,1020.86,Paid,Credit Card
123,123,2024-10-05,2024-11-04,299.88,Overdue,Bank Transfer
124,124,2023-02-06,2023-03-08,407.28,Unpaid,Bank Transfer
125,125,2023-01-26,2023-02-25,1078.33,Paid,Bank Transfer
126,126,2024-07-11,2024-08-10,435.87,Overdue,Cash
127,127,2022-01-09,2022-02-08,1556.12,Paid,Cash
128,128,2024-09-16,2024-10-16,352.22,Paid,Bank Transfer
129,129,2023-10-22,2023-11-21,1109.75,Paid,Bank Transfer
130,130,2023-12-04,2024-01-03,1756.11,Overdue,Credit Card
131,131,2024-11-15,2024-12-15,1621.51,Overdue,Bank Transfer
132,132,2023-02-16,2023-03-18,1417.65,Paid,Credit Card
133,133,2022-09-29,2022-10-29,1942.83,Overdue,Bank Transfer
134,134,2023-12-23,2024-01-22,673.98,Overdue,Credit Card
135,135,2024-12-29,2025-01-28,766.04,Paid,Cash
136,136,2022-10-25,2022-11-24,372.07,Overdue,Credit Card
137,137,2023-05-29,2023-06-28,1886.08,Paid,Cash
138,138,2022-03-08,2022-04-07,456.27,Overdue,Cash
139,139,2024-03-07,2024-04-06,201.57,Paid,Cash
140,140,2022-04-07,2022-05-07,129.86,Paid,Cash
141,141,2022-04-21,2022-05-21,148.76,Paid,Bank Transfer
142,142,2024-01-24,2024-02-23,394.38,Paid,Cash
143,143,2022-12-30,2023-01-29,1221.27,Paid,Bank Transfer
144,144,2024-05-27,2024-06-26,1831.16,Paid,Cash
145,145,2022-01-12,2022-02-11,1224.37,Paid,Cash
146,146,2023-10-23,2023-11-22,937.35,Paid,Credit Card
147,147,2023-09-09,2023-10-09,1684.02,Paid,Credit Card
148,148,2023-01-12,2023-02-11,145.36,Paid,Credit Card
149,149,2024-04-06,2024-05-06,954.92,Paid,Bank Transfer
150,150,2023-08-25,2023-09-24,199.54,Paid,Bank Transfer
151,151,2022-01-19,2022-02-18,1452.98,Paid,Credit Card
152,152,2023-05-15,2023-06-14,513.93,Paid,Cash
153,153,2023-08-03,2023-09-02,725.59,Paid,Credit Card
154,154,2024-07-01,2024-07-31,1905.49,Paid,Credit Card
155,155,2022-06-18,2022-07-18,97.2,Paid,Bank Transfer
156,156,2023-03-08,2023-04-07,607.73,Unpaid,Bank Transfer
157,157,2024-06-10,2024-07-10,1074.99,Paid,Credit Card
158,158,2022-03-19,2022-04-18,1240.95,Unpaid,Bank Transfer
159,159,2023-04-12,2023-05-12,1235.54,Paid,Cash
160,160,2022-02-04,2022-03-06,1540.75,Paid,Bank Transfer
161,161,2022-04-04,2022-05-04,825.42,Unpaid,Credit Card
162,162,2023-07-31,2023-08-30,1503.64,Paid,Bank Transfer
163,163,2024-12-28,2025-01-27,1976.15,Paid,Credit Card
164,164,2022-10-23,2022-11-22,1570.51,Paid,Cash
165,165,2022-10-17,2022-11-16,1190.2,Paid,Bank Transfer
166,166,2022-06-24,2022-07-24,1878.74,Overdue,Bank Transfer
167,167,2024-11-15,2024-12-15,695.66,Paid,Bank Transfer
168,168,2023-01-07,2023-02-06,627.44,Paid,Cash
169,169,2022-05-30,2022-06-29,1836.37,Paid,Credit Card
170,170,2024-09-24,2024-10-24,850.32,Paid,Cash
171,171,2022-05-23,2022-06-22,1501.46,Unpaid,Cash
172,172,2022-11-09,2022-12-09,1239.4,Paid,Credit Card
173,173,2023-10-04,2023-11-03,1792.44,Overdue,Cash
174,174,2024-01-07,2024-02-06,282.18,Paid,Credit Card
175,175,2024-01-05,2024-02-04,1604.12,Paid,Bank Transfer
176,176,2023-07-29,2023-08-28,1080.38,Unpaid,Cash
177,177,2022-02-08,2022-03-10,1851.61,Paid,Cash
178,178,2023-03-12,2023-04-11,185.76,Unpaid,Bank Transfer
179,179,2022-11-01,2022-12-01,1857.18,Unpaid,Credit Card
180,180,2023-08-19,2023-09-18,1307.76,Unpaid,Cash
181,181,2022-01-22,2022-02-21,1145.59,Unpaid,Credit Card
182,182,2022-11-23,2022-12-23,80.34,Paid,Cash
183,183,2024-09-17,2024-10-17,556.56,Overdue,Cash
184,184,2024-01-27,2024-02-26,190.97,Paid,Credit Card
185,185,2024-07-20,2024-08-19,703.62,Paid,Credit Card
186,186,2023-07-15,2023-08-14,1330.86,Paid,Bank Transfer
187,187,2024-01-19,2024-02-18,276.42,Paid,Cash
188,188,2023-04-02,2023-05-02,1262.05,Paid,Cash
189,189,2024-09-14,2024-10-14,418.45,Paid,Credit Card
190,190,2022-06-07,2022-07-07,112.32,Unpaid,Bank Transfer
191,191,2022-08-31,2022-09-30,1126.54,Overdue,Bank Transfer
192,192,2024-09-07,2024-10-07,1475.33,Paid,Credit Card
193,193,2022-03-30,2022-04-29,1121.87,Paid,Credit Card
194,194,2022-10-28,2022-11-27,1227.92,Paid,Bank Transfer
195,195,2022-02-08,2022-03-10,682.66,Paid,Bank Transfer
196,196,2022-12-16,2023-01-15,1360.25,Overdue,Cash
197,197,2023-01-08,2023-02-07,65.67,Paid,Cash
198,198,2022-05-21,2022-06-20,1896.5,Unpaid,Credit Card
199,199,2024-10-29,2024-11-28,1615.91,Paid,Bank Transfer
200,200,2022-03-21,2022-04-20,1113.79,Paid,Credit Card
201,201,2022-01-03,2022-02-02,539.05,Unpaid,Bank Transfer
202,202,2024-05-28,2024-06-27,1697.45,Unpaid,Bank Transfer
203,203,2022-07-20,2022-08-19,913.29,Unpaid,Cash
204,204,2022-06-21,2022-07-21,1959.87,Paid,Credit Card
205,205,2022-01-15,2022-02-14,1441.67,Paid,Bank Transfer
206,206,2023-10-09,2023-11-08,1743.84,Overdue,Cash
207,207,2024-05-17,2024-06-16,1177.16,Paid,Bank Transfer
208,208,2024-04-26,2024-05-26,796.44,Paid,Credit Card
209,209,2023-06-04,2023-07-04,89.85,Unpaid,Bank Transfer
210,210,2022-09-01,2022-10-01,1261.47,Paid,Bank Transfer
211,211,2024-11-07,2024-12-07,1614.41,Paid,Cash
212,212,2022-01-11,2022-02-10,1126.55,Overdue,Cash
213,213,2023-06-23,2023-07-23,1854.96,Unpaid,Cash
214,214,2024-12-03,2025-01-02,1762.55,Paid,Bank Transfer
215,215,2024-06-18,2024-07-18,1400.57,Overdue,Cash
216,216,2022-03-10,2022-04-09,1662.58,Paid,Credit Card
217,217,2022-03-15,2022-04-14,790.92,Paid,Bank Transfer
218,218,2024-03-29,2024-04-28,1301.37,Paid,Cash
219,219,2022-05-21,2022-06-20,65.6,Paid,Credit Card
220,220,2023-12-14,2024-01-13,1602.74,Paid,Cash
221,221,2024-04-07,2024-05-07,776.74,Paid,Bank Transfer
222,222,2022-05-29,2022-06-28,1664.8,Paid,Cash
223,223,2023-05-28,2023-06-27,1511.41,Paid,Cash
224,224,2024-07-28,2024-08-27,1238.49,Paid,Cash
225,225,2024-02-23,2024-03-24,53.02,Paid,Credit Card
226,226,2024-11-23,2024-12-23,1524.66,Paid,Cash
227,227,2024-03-28,2024-04-27,1181.99,Paid,Cash
228,228,2023-03-24,2023-04-23,506.87,Paid,Cash
229,229,2023-02-13,2023-03-15,1147.68,Paid,Credit Card
230,230,2023-05-27,2023-06-26,1186.46,Paid,Bank Transfer
231,231,2024-10-05,2024-11-04,930.01,Overdue,Cash
232,232,2024-01-31,2024-03-01,114.6,Paid,Credit Card
233,233,2024-10-02,2024-11-01,629.1,Paid,Cash
234,234,2024-12-12,2025-01-11,493.95,Paid,Credit Card
235,235,2022-12-24,2023-01-23,1915.48,Unpaid,Bank Transfer
236,236,2022-01-25,2022-02-24,445.8,Paid,Cash
237,237,2023-06-16,2023-07-16,676.13,Paid,Credit Card
238,238,2023-12-04,2024-01-03,1321.87,Unpaid,Bank Transfer
239,239,2024-02-02,2024-03-03,35.5,Overdue,Bank Transfer
240,240,2023-04-14,2023-05-14,1731.77,Overdue,Bank Transfer
241,241,2024-02-20,2024-03-21,1633.09,Overdue,Cash
242,242,2022-01-20,2022-02-19,1545.04,Paid,Bank Transfer
243,243,2023-10-09,2023-11-08,1383.76,Paid,Cash
244,244,2022-07-22,2022-08-21,1784.02,Paid,Cash
245,245,2022-07-17,2022-08-16,1879.74,Overdue,Cash
246,246,2023-06-12,2023-07-12,387.43,Paid,Cash
247,247,2022-12-24,2023-01-23,1814.34,Overdue,Credit Card
248,248,2024-07-04,2024-08-03,1525.07,Paid,Cash
249,249,2023-11-22,2023-12-22,452.3,Paid,Bank Transfer
250,250,2023-12-05,2024-01-04,435.14,Unpaid,Cash
251,251,2024-03-20,2024-04-19,1038.19,Unpaid,Cash
252,252,2024-12-02,2025-01-01,1460.44,Unpaid,Bank Transfer
253,253,2023-04-26,2023-05-26,1815.16,Unpaid,Cash
254,254,2022-07-30,2022-08-29,56.57,Unpaid,Bank Transfer
255,255,2024-12-09,2025-01-08,661.42,Overdue,Credit Card
256,256,2024-03-09,2024-04-08,969.67,Paid,Cash
257,257,2022-09-26,2022-10-26,575.84,Paid,Cash
258,258,2023-10-29,2023-11-28,960.39,Paid,Credit Card
259,259,2022-10-04,2022-11-03,477.48,Paid,Credit Card
260,260,2024-12-29,2025-01-28,1876.5,Paid,Bank Transfer
261,261,2024-01-20,2024-02-19,1373.68,Paid,Cash
262,262,2022-10-07,2022-11-06,1264.45,Overdue,Cash
263,263,2024-09-04,2024-10-04,1252.85,Paid,Cash
264,264,2022-01-15,2022-02-14,1422.9,Paid,Credit Card
265,265,2023-05-27,2023-06-26,1934.6,Paid,Cash
266,266,2022-06-12,2022-07-12,1279.5,Overdue,Bank Transfer
267,267,2023-07-11,2023-08-10,1374.13,Paid,Bank Transfer
268,268,2022-05-21,2022-06-20,898.65,Paid,Cash
269,269,2023-07-12,2023-08-11,1310.79,Overdue,Cash
270,270,2022-02-15,2022-03-17,996.18,Paid,Bank Transfer
271,271,2023-04-22,2023-05-22,463.56,Overdue,Bank Transfer
272,272,2024-10-17,2024-11-16,724.07,Paid,Credit Card
273,273,2022-10-27,2022-11-26,1539.66,Unpaid,Bank Transfer
274,274,2023-01-29,2023-02-28,1775.71,Overdue,Bank Transfer
275,275,2024-06-26,2024-07-26,892.39,Overdue,Bank Transfer
276,276,2023-03-03,2023-04-02,490.41,Paid,Credit Card
277,277,2022-03-28,2022-04-27,1140.13,Paid,Bank Transfer
278,278,2022-04-17,2022-05-17,1478.07,Paid,Credit Card
279,279,2023-07-20,2023-08-19,1673.44,Unpaid,Credit Card
280,280,2024-08-31,2024-09-30,1677.5,Paid,Cash
281,281,2022-07-07,2022-08-06,668.02,Unpaid,Cash
282,282,2022-11-12,2022-12-12,1285.82,Paid,Bank Transfer
283,283,2023-12-13,2024-01-12,306.28,Overdue,Bank Transfer
284,284,2022-10-03,2022-11-02,1523.46,Paid,Bank Transfer
285,285,2024-09-30,2024-10-30,1549.14,Overdue,Credit Card
286,286,2023-07-18,2023-08-17,969.6,Unpaid,Cash
287,287,2023-06-24,2023-07-24,116.66,Overdue,Bank Transfer
288,288,2023-01-15,2023-02-14,883.07,Paid,Credit Card
289,289,2022-05-10,2022-06-09,1612.84,Overdue,Credit Card
290,290,2022-11-12,2022-12-12,563.7,Paid,Credit Card
291,291,2024-12-07,2025-01-06,1821.78,Overdue,Credit Card
292,292,2023-02-18,2023-03-20,162.54,Paid,Credit Card
293,293,2024-03-06,2024-04-05,888.49,Paid,Bank Transfer
294,294,2023-03-29,2023-04-28,1593.23,Overdue,Bank Transfer
295,295,2022-06-13,2022-07-13,812.49,Unpaid,Credit Card
296,296,2022-04-30,2022-05-30,1858.52,Paid,Bank Transfer
297,297,2022-06-09,2022-07-09,559.68,Paid,Bank Transfer
298,298,2023-01-24,2023-02-23,505.2,Paid,Bank Transfer
299,299,2024-04-30,2024-05-30,100.99,Unpaid,Bank Transfer
300,300,2024-05-24,2024-06-23,1714.47,Unpaid,Cash
301,301,2022-11-20,2022-12-20,1407.02,Unpaid,Credit Card
302,302,2024-02-01,2024-03-02,115.19,Paid,Cash
303,303,2023-03-15,2023-04-14,428.3,Paid,Cash
304,304,2022-01-01,2022-01-31,1155.3,Paid,Cash
305,305,2022-01-14,2022-02-13,1387.93,Overdue,Bank Transfer
306,306,2023-07-20,2023-08-19,829.36,Paid,Cash
307,307,2022-03-19,2022-04-18,741.57,Paid,Credit Card
308,308,2023-05-27,2023-06-26,1962.61,Paid,Bank Transfer
309,309,2023-03-22,2023-04-21,1450.86,Paid,Cash
310,310,2022-07-15,2022-08-14,506.88,Paid,Cash
311,311,2022-04-25,2022-05-25,1004.31,Paid,Bank Transfer
312,312,2023-04-10,2023-05-10,1107.06,Paid,Credit Card
313,313,2024-12-09,2025-01-08,784.83,Unpaid,Bank Transfer
314,314,2023-03-29,2023-04-28,450.74,Overdue,Bank Transfer
315,315,2024-10-30,2024-11-29,807.38,Overdue,Bank Transfer
316,316,2023-11-20,2023-12-20,591.37,Unpaid,Credit Card
317,317,2022-06-24,2022-07-24,902.71,Overdue,Credit Card
318,318,2024-09-11,2024-10-11,1665.76,Paid,Credit Card
319,319,2024-12-09,2025-01-08,1339.28,Overdue,Cash
320,320,2022-07-03,2022-08-02,1147.65,Paid,Cash
321,321,2023-12-07,2024-01-06,1019.65,Unpaid,Bank Transfer
322,322,2024-06-24,2024-07-24,761.8,Paid,Credit Card
323,323,2024-02-05,2024-03-06,1153.72,Paid,Bank Transfer
324,324,2022-10-30,2022-11-29,210.04,Paid,Cash
325,325,2024-08-22,2024-09-21,1565.89,Paid,Credit Card
326,326,2024-12-07,2025-01-06,1350.92,Unpaid,Bank Transfer
327,327,2022-02-07,2022-03-09,1247.43,Paid,Cash
328,328,2023-08-05,2023-09-04,1523.48,Paid,Cash
329,329,2022-05-17,2022-06-16,1565.63,Paid,Cash
330,330,2022-02-09,2022-03-11,1149.32,Paid,Bank Transfer
331,331,2022-07-23,2022-08-22,900.98,Paid,Bank Transfer
332,332,2024-10-22,2024-11-21,1564.66,Overdue,Credit Card
333,333,2023-09-17,2023-10-17,973.19,Paid,Bank Transfer
334,334,2023-12-22,2024-01-21,619.92,Overdue,Bank Transfer
335,335,2022-05-07,2022-06-06,1304.31,Paid,Cash
336,336,2023-04-07,2023-05-07,1673.98,Paid,Bank Transfer
337,337,2024-12-02,2025-01-01,1083.35,Unpaid,Credit Card
338,338,2024-05-23,2024-06-22,685.85,Unpaid,Cash
339,339,2022-10-11,2022-11-10,365.95,Paid,Cash
340,340,2024-12-08,2025-01-07,25.29,Overdue,Bank Transfer
341,341,2023-10-13,2023-11-12,1540.01,Paid,Bank Transfer
342,342,2022-10-26,2022-11-25,821.73,Paid,Bank Transfer
343,343,2023-07-15,2023-08-14,1732.96,Paid,Credit Card
344,344,2023-07-01,2023-07-31,732.69,Unpaid,Bank Transfer
345,345,2022-02-23,2022-03-25,267.48,Paid,Cash
346,346,2024-08-18,2024-09-17,114.52,Paid,Bank Transfer
347,347,2023-01-31,2023-03-02,1294.03,Unpaid,Bank Transfer
348,348,2024-04-25,2024-05-25,1720.44,Paid,Cash
349,349,2024-06-18,2024-07-18,1922.66,Paid,Cash
350,350,2024-05-25,2024-06-24,162.08,Paid,Cash
351,351,2024-03-18,2024-04-17,1082.39,Paid,Credit Card
352,352,2022-03-20,2022-04-19,717.75,Paid,Bank Transfer
353,353,2024-11-28,2024-12-28,1924.61,Paid,Bank Transfer
354,354,2022-04-11,2022-05-11,524.03,Paid,Bank Transfer
355,355,2023-08-09,2023-09-08,555.32,Unpaid,Bank Transfer
356,356,2022-10-19,2022-11-18,208.56,Overdue,Bank Transfer
357,357,2022-10-05,2022-11-04,1753.56,Paid,Bank Transfer
358,358,2023-02-18,2023-03-20,443.71,Paid,Credit Card
359,359,2022-09-11,2022-10-11,490.82,Paid,Cash
360,360,2024-02-26,2024-03-27,746.1,Paid,Bank Transfer
361,361,2022-12-16,2023-01-15,1114.32,Overdue,Bank Transfer
362,362,2022-10-24,2022-11-23,982.25,Overdue,Bank Transfer
363,363,2024-07-02,2024-08-01,1669.07,Paid,Cash
364,364,2022-01-08,2022-02-07,213.49,Unpaid,Bank Transfer
365,365,2022-01-12,2022-02-11,107.74,Overdue,Bank Transfer
366,366,2024-06-23,2024-07-23,1263.58,Paid,Credit Card
367,367,2023-03-02,2023-04-01,832.88,Paid,Credit Card
368,368,2022-03-08,2022-04-07,1488.49,Paid,Bank Transfer
369,369,2024-05-03,2024-06-02,23.72,Paid,Bank Transfer
370,370,2022-12-30,2023-01-29,221.49,Unpaid,Cash
371,371,2023-09-05,2023-10-05,1994.24,Unpaid,Cash
372,372,2022-05-13,2022-06-12,1438.31,Paid,Cash
373,373,2024-04-27,2024-05-27,1958.56,Overdue,Bank Transfer
374,374,2024-12-19,2025-01-18,1446.32,Paid,Bank Transfer
375,375,2023-10-11,2023-11-10,266.48,Paid,Cash
376,376,2024-10-13,2024-11-12,652.3,Paid,Credit Card
377,377,2023-04-22,2023-05-22,1046.04,Paid,Bank Transfer
378,378,2022-08-30,2022-09-29,1878.88,Paid,Cash
379,379,2023-03-11,2023-04-10,1537.83,Paid,Credit Card
380,380,2023-09-23,2023-10-23,933.73,Paid,Cash
381,381,2023-11-14,2023-12-14,1652.8,Paid,Credit Card
382,382,2023-02-02,2023-03-04,174.11,Paid,Cash
383,383,2022-10-06,2022-11-05,1362.05,Paid,Credit Card
384,384,2024-08-05,2024-09-04,887.89,Paid,Bank Transfer
385,385,2023-10-09,2023-11-08,930.82,Paid,Cash
386,386,2023-12-26,2024-01-25,86.22,Overdue,Bank Transfer
387,387,2024-12-30,2025-01-29,1407.44,Paid,Cash
388,388,2023-09-24,2023-10-24,638.95,Paid,Bank Transfer
389,389,2023-05-02,2023-06-01,1809.65,Paid,Credit Card
390,390,2022-12-25,2023-01-24,1503.54,Paid,Cash
391,391,2024-06-27,2024-07-27,1624.64,Paid,Cash
392,392,2023-11-28,2023-12-28,1108.36,Overdue,Bank Transfer
393,393,2022-07-21,2022-08-20,901.44,Paid,Bank Transfer
394,394,2024-12-05,2025-01-04,1996.46,Unpaid,Bank Transfer
395,395,2023-11-14,2023-12-14,1999.72,Paid,Cash
396,396,2023-10-02,2023-11-01,1595.26,Overdue,Cash
397,397,2024-06-22,2024-07-22,826.89,Unpaid,Credit Card
398,398,2024-11-18,2024-12-18,919.82,Paid,Cash
399,399,2023-08-04,2023-09-03,1085.9,Paid,Credit Card
400,400,2024-06-27,2024-07-27,1934.74,Paid,Bank Transfer
401,401,2022-04-21,2022-05-21,1644.14,Paid,Cash
402,402,2024-07-02,2024-08-01,34.46,Paid,Credit Card
403,403,2024-12-28,2025-01-27,113.31,Unpaid,Bank Transfer
404,404,2023-09-28,2023-10-28,346.64,Paid,Cash
405,405,2023-06-13,2023-07-13,468.89,Unpaid,Cash
406,406,2023-10-28,2023-11-27,1847.31,Paid,Bank Transfer
407,407,2024-08-02,2024-09-01,1430.29,Overdue,Bank Transfer
408,408,2022-07-30,2022-08-29,894.43,Paid,Cash
409,409,2023-09-11,2023-10-11,550.7,Paid,Credit Card
410,410,2022-11-22,2022-12-22,1413.12,Paid,Cash
411,411,2024-06-10,2024-07-10,122.07,Unpaid,Cash
412,412,2022-06-09,2022-07-09,1447.41,Paid,Cash
413,413,2022-07-19,2022-08-18,885.17,Paid,Cash
414,414,2024-02-16,2024-03-17,1631.24,Unpaid,Credit Card
415,415,2022-10-12,2022-11-11,1037.06,Paid,Credit Card
416,416,2024-07-16,2024-08-15,1898.2,Unpaid,Credit Card
417,417,2023-10-11,2023-11-10,1795.91,Unpaid,Cash
418,418,2024-06-09,2024-07-09,1893.03,Paid,Credit Card
419,419,2022-09-19,2022-10-19,1774.98,Overdue,Bank Transfer
420,420,2024-01-06,2024-02-05,869.75,Overdue,Credit Card
421,421,2024-03-18,2024-04-17,195.15,Paid,Cash
422,422,2022-12-22,2023-01-21,274.28,Paid,Credit Card
423,423,2022-11-12,2022-12-12,169.61,Paid,Bank Transfer
424,424,2022-10-22,2022-11-21,1736.14,Unpaid,Credit Card
425,425,2024-05-01,2024-05-31,1848.08,Overdue,Bank Transfer
426,426,2024-11-09,2024-12-09,1583.64,Overdue,Cash
427,427,2024-05-19,2024-06-18,1615.94,Paid,Bank Transfer
428,428,2023-07-06,2023-08-05,1623.82,Paid,Bank Transfer
429,429,2024-01-25,2024-02-24,1953.96,Paid,Bank Transfer
430,430,2024-12-14,2025-01-13,1928.25,Paid,Bank Transfer
431,431,2024-08-25,2024-09-24,1831.13,Paid,Credit Card
432,432,2022-04-19,2022-05-19,762.07,Paid,Bank Transfer
433,433,2024-08-18,2024-09-17,587.09,Paid,Credit Card
434,434,2022-03-14,2022-04-13,1051.13,Overdue,Cash
435,435,2024-08-27,2024-09-26,1703.0,Paid,Credit Card
436,436,2022-02-25,2022-03-27,443.38,Unpaid,Credit Card
437,437,2023-07-24,2023-08-23,1032.19,Paid,Cash
438,438,2022-08-17,2022-09-16,689.49,Paid,Credit Card
439,439,2022-12-26,2023-01-25,1114.18,Overdue,Credit Card
440,440,2023-12-04,2024-01-03,1386.23,Paid,Bank Transfer
441,441,2024-04-25,2024-05-25,1678.25,Unpaid,Cash
442,442,2023-12-08,2024-01-07,615.8,Paid,Cash
443,443,2024-08-08,2024-09-07,1561.62,Paid,Bank Transfer
444,444,2024-03-09,2024-04-08,1879.42,Paid,Bank Transfer
445,445,2024-07-08,2024-08-07,1348.11,Paid,Credit Card
446,446,2024-12-24,2025-01-23,1893.31,Paid,Cash
447,447,2023-07-01,2023-07-31,1054.01,Paid,Credit Card
448,448,2023-05-11,2023-06-10,660.81,Paid,Credit Card
449,449,2022-01-22,2022-02-21,240.36,Unpaid,Credit Card
450,450,2024-07-02,2024-08-01,1092.57,Unpaid,Credit Card
451,451,2022-07-08,2022-08-07,407.28,Overdue,Bank Transfer
452,452,2022-09-07,2022-10-07,1759.33,Unpaid,Bank Transfer
453,453,2023-01-14,2023-02-13,948.05,Unpaid,Credit Card
454,454,2022-06-05,2022-07-05,1469.98,Paid,Bank Transfer
455,455,2022-06-01,2022-07-01,1329.57,Unpaid,Bank Transfer
456,456,2023-06-27,2023-07-27,234.65,Overdue,Credit Card
457,457,2023-01-01,2023-01-31,1555.45,Unpaid,Credit Card
458,458,2022-08-06,2022-09-05,1486.12,Paid,Credit Card
459,459,2023-05-29,2023-06-28,976.7,Unpaid,Cash
460,460,2024-03-10,2024-04-09,1679.91,Unpaid,Credit Card
461,461,2024-11-21,2024-12-21,1917.75,Unpaid,Credit Card
462,462,2022-01-07,2022-02-06,102.76,Overdue,Cash
463,463,2024-01-06,2024-02-05,1694.2,Unpaid,Cash
464,464,2023-11-28,2023-12-28,117.66,Paid,Credit Card
465,465,2022-03-22,2022-04-21,1011.99,Overdue,Credit Card
466,466,2024-01-06,2024-02-05,108.54,Paid,Bank Transfer
467,467,2023-01-31,2023-03-02,1693.0,Paid,Bank Transfer
468,468,2023-09-23,2023-10-23,528.27,Unpaid,Bank Transfer
469,469,2022-04-25,2022-05-25,611.05,Overdue,Cash
470,470,2024-12-07,2025-01-06,184.96,Paid,Bank Transfer
471,471,2023-04-23,2023-05-23,1441.49,Paid,Cash
472,472,2022-04-04,2022-05-04,1369.83,Unpaid,Bank Transfer
473,473,2023-09-22,2023-10-22,1596.25,Overdue,Credit Card
474,474,2022-08-06,2022-09-05,1931.21,Unpaid,Cash
475,475,2023-02-20,2023-03-22,50.62,Paid,Credit Card
476,476,2022-10-09,2022-11-08,685.86,Paid,Cash
477,477,2022-09-05,2022-10-05,1923.43,Unpaid,Cash
478,478,2024-06-17,2024-07-17,125.1,Overdue,Credit Card
479,479,2022-11-20,2022-12-20,1480.04,Paid,Cash
480,480,2023-08-05,2023-09-04,1156.26,Paid,Bank Transfer
481,481,2023-02-27,2023-03-29,1987.07,Paid,Cash
482,482,2022-03-19,2022-04-18,794.69,Paid,Bank Transfer
483,483,2023-09-09,2023-10-09,569.0,Paid,Bank Transfer
484,484,2022-07-15,2022-08-14,1846.1,Paid,Cash
485,485,2024-08-08,2024-09-07,512.96,Unpaid,Cash
486,486,2024-08-29,2024-09-28,294.32,Paid,Credit Card
487,487,2024-01-16,2024-02-15,815.03,Paid,Credit Card
488,488,2024-07-17,2024-08-16,364.98,Unpaid,Cash
489,489,2022-03-01,2022-03-31,1475.24,Paid,Cash
490,490,2023-10-30,2023-11-29,1421.52,Unpaid,Bank Transfer
491,491,2022-08-14,2022-09-13,1589.48,Overdue,Credit Card
492,492,2024-02-09,2024-03-10,300.3,Overdue,Credit Card
493,493,2022-10-24,2022-11-23,413.99,Paid,Cash
494,494,2023-02-02,2023-03-04,476.97,Overdue,Bank Transfer
495,495,2022-05-03,2022-06-02,400.41,Overdue,Cash
496,496,2023-12-05,2024-01-04,183.71,Unpaid,Bank Transfer
497,497,2023-04-16,2023-05-16,908.3,Paid,Credit Card
498,498,2024-08-05,2024-09-04,970.44,Paid,Bank Transfer
499,499,2024-06-08,2024-07-08,767.22,Paid,Cash
500,500,2024-05-05,2024-06-04,1417.92,Paid,Credit Card
501,501,2024-12-23,2025-01-22,1754.64,Paid,Bank Transfer
502,502,2023-05-08,2023-06-07,113.23,Paid,Credit Card
503,503,2022-09-29,2022-10-29,1823.55,Paid,Credit Card
504,504,2023-09-17,2023-10-17,191.83,Paid,Bank Transfer
505,505,2024-08-07,2024-09-06,1036.19,Overdue,Cash
506,506,2022-01-03,2022-02-02,974.74,Overdue,Credit Card
507,507,2023-07-07,2023-08-06,1864.83,Paid,Cash
508,508,2023-11-19,2023-12-19,918.52,Unpaid,Bank Transfer
509,509,2024-01-19,2024-02-18,181.26,Unpaid,Cash
510,510,2022-05-18,2022-06-17,73.11,Paid,Bank Transfer
511,511,2022-08-21,2022-09-20,833.39,Unpaid,Credit Card
512,512,2023-04-07,2023-05-07,1788.64,Paid,Credit Card
513,513,2022-05-10,2022-06-09,276.55,Unpaid,Credit Card
514,514,2024-08-20,2024-09-19,673.32,Unpaid,Bank Transfer
515,515,2024-01-24,2024-02-23,1090.92,Paid,Cash
516,516,2023-08-14,2023-09-13,1269.77,Overdue,Bank Transfer
517,517,2023-02-23,2023-03-25,433.49,Unpaid,Bank Transfer
518,518,2024-08-28,2024-09-27,1126.06,Paid,Cash
519,519,2022-05-09,2022-06-08,918.02,Unpaid,Bank Transfer
520,520,2023-12-04,2024-01-03,940.28,Unpaid,Credit Card
521,521,2024-06-30,2024-07-30,38.59,Paid,Credit Card
522,522,2023-06-17,2023-07-17,634.12,Overdue,Cash
523,523,2023-08-06,2023-09-05,920.99,Paid,Credit Card
524,524,2022-12-26,2023-01-25,1285.32,Unpaid,Credit Card
525,525,2024-06-21,2024-07-21,108.32,Paid,Credit Card
526,526,2023-12-06,2024-01-05,543.11,Unpaid,Cash
527,527,2022-09-06,2022-10-06,1660.86,Unpaid,Bank Transfer
528,528,2022-11-16,2022-12-16,1826.57,Unpaid,Bank Transfer
529,529,2023-08-29,2023-09-28,1989.2,Paid,Credit Card
530,530,2024-06-24,2024-07-24,1563.37,Paid,Cash
531,531,2022-08-28,2022-09-27,576.19,Overdue,Credit Card
532,532,2022-07-09,2022-08-08,1181.56,Unpaid,Cash
533,533,2023-07-24,2023-08-23,1607.95,Paid,Cash
534,534,2022-06-28,2022-07-28,203.6,Paid,Bank Transfer
535,535,2022-04-25,2022-05-25,58.68,Paid,Bank Transfer
536,536,2024-02-03,2024-03-04,341.15,Paid,Bank Transfer
537,537,2022-06-29,2022-07-29,1196.82,Overdue,Bank Transfer
538,538,2023-08-15,2023-09-14,1638.9,Paid,Bank Transfer
539,539,2022-06-26,2022-07-26,838.84,Paid,Credit Card
540,540,2024-02-09,2024-03-10,232.86,Unpaid,Cash
541,541,2024-08-04,2024-09-03,955.86,Paid,Bank Transfer
542,542,2024-10-01,2024-10-31,736.87,Paid,Bank Transfer
543,543,2024-08-07,2024-09-06,696.01,Paid,Cash
544,544,2024-08-25,2024-09-24,1139.24,Unpaid,Credit Card
545,545,2023-05-17,2023-06-16,349.51,Overdue,Credit Card
546,546,2024-01-11,2024-02-10,606.17,Paid,Bank Transfer
547,547,2024-09-01,2024-10-01,1887.68,Paid,Credit Card
548,548,2022-11-30,2022-12-30,1168.34,Overdue,Cash
549,549,2022-04-19,2022-05-19,530.49,Unpaid,Cash
550,550,2023-08-21,2023-09-20,1719.38,Unpaid,Credit Card
551,551,2022-12-09,2023-01-08,1688.84,Unpaid,Cash
552,552,2024-01-13,2024-02-12,1188.46,Overdue,Credit Card
553,553,2024-11-27,2024-12-27,1845.89,Unpaid,Credit Card
554,554,2022-11-30,2022-12-30,452.6,Paid,Bank Transfer
555,555,2024-12-12,2025-01-11,1567.94,Unpaid,Credit Card
556,556,2022-06-06,2022-07-06,1257.1,Unpaid,Bank Transfer
557,557,2022-10-12,2022-11-11,1782.93,Unpaid,Cash
558,558,2023-09-16,2023-10-16,761.68,Paid,Cash
559,559,2022-10-19,2022-11-18,426.14,Overdue,Bank Transfer
560,560,2022-08-17,2022-09-16,305.74,Paid,Bank Transfer
561,561,2022-08-09,2022-09-08,947.5,Paid,Cash
562,562,2023-06-03,2023-07-03,1619.64,Unpaid,Credit Card
563,563,2023-02-25,2023-03-27,1346.76,Paid,Credit Card
564,564,2023-07-23,2023-08-22,1893.78,Paid,Bank Transfer
565,565,2023-05-11,2023-06-10,263.94,Overdue,Cash
566,566,2024-12-19,2025-01-18,850.5,Paid,Cash
567,567,2022-01-09,2022-02-08,1590.09,Unpaid,Cash
568,568,2023-01-15,2023-02-14,1934.33,Paid,Bank Transfer
569,569,2023-03-15,2023-04-14,419.4,Paid,Credit Card
570,570,2022-08-14,2022-09-13,1375.13,Paid,Credit Card
571,571,2022-03-25,2022-04-24,1579.83,Paid,Cash
572,572,2023-10-01,2023-10-31,1186.99,Paid,Bank Transfer
573,573,2022-05-23,2022-06-22,574.25,Paid,Bank Transfer
574,574,2024-03-22,2024-04-21,1632.5,Paid,Bank Transfer
575,575,2024-03-31,2024-04-30,1140.68,Paid,Cash
576,576,2023-02-12,2023-03-14,468.6,Paid,Bank Transfer
577,577,2024-05-19,2024-06-18,1231.7,Paid,Credit Card
578,578,2024-03-30,2024-04-29,695.23,Overdue,Bank Transfer
579,579,2023-07-26,2023-08-25,659.78,Paid,Cash
580,580,2022-10-03,2022-11-02,624.93,Paid,Cash
581,581,2022-02-24,2022-03-26,700.4,Unpaid,Cash
582,582,2022-07-17,2022-08-16,1672.6,Paid,Bank Transfer
583,583,2023-02-18,2023-03-20,1725.74,Paid,Bank Transfer
584,584,2022-02-06,2022-03-08,1071.5,Overdue,Bank Transfer
585,585,2024-06-25,2024-07-25,588.79,Unpaid,Bank Transfer
586,586,2022-12-03,2023-01-02,505.91,Paid,Cash
587,587,2022-08-13,2022-09-12,1270.87,Overdue,Credit Card
588,588,2024-09-01,2024-10-01,526.73,Paid,Bank Transfer
589,589,2024-02-13,2024-03-14,1926.91,Paid,Cash
590,590,2022-02-27,2022-03-29,1608.28,Paid,Credit Card
591,591,2022-02-25,2022-03-27,1949.36,Unpaid,Bank Transfer
592,592,2022-04-26,2022-05-26,1941.83,Paid,Bank Transfer
593,593,2022-05-15,2022-06-14,1605.41,Unpaid,Cash
594,594,2024-08-01,2024-08-31,1722.09,Unpaid,Cash
595,595,2024-08-19,2024-09-18,1069.47,Unpaid,Cash
596,596,2022-07-20,2022-08-19,805.84,Paid,Credit Card
597,597,2023-11-27,2023-12-27,472.8,Overdue,Credit Card
598,598,2022-06-04,2022-07-04,354.19,Paid,Credit Card
599,599,2023-04-08,2023-05-08,1835.77,Paid,Credit Card
600,600,2023-11-21,2023-12-21,1250.44,Paid,Cash
601,601,2023-12-13,2024-01-12,814.54,Unpaid,Credit Card
602,602,2023-10-04,2023-11-03,1903.81,Overdue,Cash
603,603,2023-01-05,2023-02-04,280.8,Unpaid,Cash
604,604,2023-03-13,2023-04-12,1058.48,Unpaid,Credit Card
605,605,2024-06-07,2024-07-07,1840.98,Overdue,Bank Transfer
606,606,2022-10-30,2022-11-29,421.91,Paid,Bank Transfer
607,607,2024-04-20,2024-05-20,1606.85,Paid,Cash
608,608,2023-08-11,2023-09-10,737.34,Unpaid,Credit Card
609,609,2022-11-04,2022-12-04,1161.03,Paid,Bank Transfer
610,610,2024-06-12,2024-07-12,1833.11,Overdue,Bank Transfer
611,611,2023-06-14,2023-07-14,633.22,Paid,Bank Transfer
612,612,2024-09-22,2024-10-22,36.52,Paid,Credit Card
613,613,2022-05-11,2022-06-10,1092.97,Overdue,Credit Card
614,614,2022-10-15,2022-11-14,952.59,Paid,Bank Transfer
615,615,2024-12-11,2025-01-10,175.59,Paid,Credit Card
616,616,2023-10-04,2023-11-03,1063.6,Paid,Bank Transfer
617,617,2023-03-23,2023-04-22,1375.85,Paid,Credit Card
618,618,2023-06-05,2023-07-05,311.34,Paid,Cash
619,619,2024-05-17,2024-06-16,1412.55,Paid,Credit Card
620,620,2024-01-24,2024-02-23,1451.85,Unpaid,Bank Transfer
621,621,2022-04-22,2022-05-22,609.16,Paid,Credit Card
622,622,2022-09-07,2022-10-07,808.73,Overdue,Bank Transfer
623,623,2023-06-08,2023-07-08,1246.64,Paid,Credit Card
624,624,2022-11-25,2022-12-25,1739.52,Paid,Bank Transfer
625,625,2023-07-16,2023-08-15,841.8,Unpaid,Bank Transfer
626,626,2022-07-25,2022-08-24,1307.46,Paid,Credit Card
627,627,2023-11-01,2023-12-01,723.91,Unpaid,Cash
628,628,2022-10-06,2022-11-05,1367.48,Unpaid,Bank Transfer
629,629,2022-08-15,2022-09-14,566.03,Paid,Credit Card
630,630,2024-04-20,2024-05-20,1738.09,Unpaid,Credit Card
631,631,2023-11-02,2023-12-02,972.94,Paid,Bank Transfer
632,632,2024-02-12,2024-03-13,1475.19,Paid,Credit Card
633,633,2023-04-14,2023-05-14,46.53,Paid,Cash
634,634,2024-05-28,2024-06-27,1905.65,Paid,Credit Card
635,635,2022-08-29,2022-09-28,1383.81,Paid,Bank Transfer
636,636,2024-10-09,2024-11-08,1079.12,Paid,Bank Transfer
637,637,2024-10-09,2024-11-08,116.97,Paid,Bank Transfer
638,638,2023-08-03,2023-09-02,684.43,Overdue,Credit Card
639,639,2023-06-21,2023-07-21,473.66,Unpaid,Bank Transfer
640,640,2024-07-27,2024-08-26,169.45,Overdue,Bank Transfer
641,641,2024-03-25,2024-04-24,1010.33,Paid,Cash
642,642,2022-07-15,2022-08-14,1275.85,Paid,Credit Card
643,643,2023-12-27,2024-01-26,742.67,Paid,Cash
644,644,2024-10-30,2024-11-29,875.93,Overdue,Bank Transfer
645,645,2022-03-26,2022-04-25,1345.23,Paid,Cash
646,646,2024-08-16,2024-09-15,275.67,Paid,Cash
647,647,2022-08-28,2022-09-27,278.78,Paid,Cash
648,648,2024-05-30,2024-06-29,326.38,Paid,Credit Card
649,649,2024-06-11,2024-07-11,491.78,Paid,Cash
650,650,2024-06-20,2024-07-20,910.93,Paid,Bank Transfer
651,651,2023-06-17,2023-07-17,1159.19,Paid,Bank Transfer
652,652,2024-01-01,2024-01-31,1179.27,Overdue,Credit Card
653,653,2022-07-11,2022-08-10,1194.91,Paid,Bank Transfer
654,654,2023-03-11,2023-04-10,1080.34,Paid,Bank Transfer
655,655,2022-06-07,2022-07-07,1624.9,Paid,Bank Transfer
656,656,2022-09-07,2022-10-07,1687.79,Overdue,Cash
657,657,2022-11-11,2022-12-11,898.39,Paid,Cash
658,658,2023-07-06,2023-08-05,346.45,Paid,Bank Transfer
659,659,2024-07-16,2024-08-15,681.81,Unpaid,Bank Transfer
660,660,2022-04-10,2022-05-10,1398.06,Paid,Bank Transfer
661,661,2024-02-21,2024-03-22,1831.19,Paid,Cash
662,662,2023-03-03,2023-04-02,1625.19,Paid,Cash
663,663,2024-10-02,2024-11-01,835.85,Unpaid,Credit Card
664,664,2022-07-16,2022-08-15,704.74,Paid,Cash
665,665,2024-05-16,2024-06-15,1852.84,Paid,Cash
666,666,2024-05-22,2024-06-21,158.78,Paid,Cash
667,667,2022-11-14,2022-12-14,1158.71,Unpaid,Cash
668,668,2024-06-14,2024-07-14,910.07,Unpaid,Cash
669,669,2023-09-08,2023-10-08,1583.02,Unpaid,Credit Card
670,670,2022-04-03,2022-05-03,1766.1,Paid,Bank Transfer
671,671,2023-06-03,2023-07-03,398.71,Paid,Credit Card
672,672,2024-08-05,2024-09-04,1266.74,Paid,Bank Transfer
673,673,2023-09-02,2023-10-02,1252.82,Unpaid,Cash
674,674,2023-06-27,2023-07-27,1000.91,Overdue,Bank Transfer
675,675,2022-08-06,2022-09-05,736.57,Paid,Bank Transfer
676,676,2024-09-04,2024-10-04,1809.93,Paid,Credit Card
677,677,2023-09-13,2023-10-13,1790.77,Paid,Credit Card
678,678,2022-06-29,2022-07-29,1234.5,Overdue,Credit Card
679,679,2022-02-24,2022-03-26,1530.54,Paid,Bank Transfer
680,680,2023-01-26,2023-02-25,1857.63,Paid,Cash
681,681,2022-08-27,2022-09-26,607.72,Paid,Bank Transfer
682,682,2024-07-09,2024-08-08,1170.74,Unpaid,Credit Card
683,683,2022-01-17,2022-02-16,1260.44,Paid,Cash
684,684,2023-08-19,2023-09-18,588.42,Overdue,Credit Card
685,685,2024-09-26,2024-10-26,849.52,Paid,Bank Transfer
686,686,2022-05-11,2022-06-10,471.55,Unpaid,Credit Card
687,687,2023-12-12,2024-01-11,590.21,Paid,Bank Transfer
688,688,2024-08-19,2024-09-18,776.25,Paid,Credit Card
689,689,2023-11-26,2023-12-26,744.62,Overdue,Credit Card
690,690,2024-03-10,2024-04-09,1847.23,Paid,Bank Transfer
691,691,2022-11-28,2022-12-28,1568.14,Paid,Credit Card
692,692,2022-09-22,2022-10-22,1198.96,Paid,Cash
693,693,2024-10-08,2024-11-07,1915.78,Paid,Credit Card
694,694,2023-06-19,2023-07-19,1363.96,Paid,Bank Transfer
695,695,2022-05-11,2022-06-10,498.62,Paid,Bank Transfer
696,696,2024-09-23,2024-10-23,385.01,Paid,Bank Transfer
697,697,2023-07-02,2023-08-01,635.26,Paid,Bank Transfer
698,698,2024-06-15,2024-07-15,992.86,Paid,Bank Transfer
699,699,2022-07-28,2022-08-27,1151.72,Paid,Credit Card
700,700,2024-01-11,2024-02-10,1275.59,Overdue,Bank Transfer
701,701,2022-07-23,2022-08-22,269.23,Overdue,Credit Card
702,702,2023-02-18,2023-03-20,450.51,Paid,Cash
703,703,2024-08-28,2024-09-27,1064.43,Paid,Bank Transfer
704,704,2024-04-29,2024-05-29,1606.23,Paid,Credit Card
705,705,2023-04-13,2023-05-13,1158.91,Paid,Cash
706,706,2024-11-23,2024-12-23,1528.71,Overdue,Bank Transfer
707,707,2024-11-25,2024-12-25,1375.1,Unpaid,Bank Transfer
708,708,2024-03-16,2024-04-15,1598.56,Paid,Bank Transfer
709,709,2024-11-30,2024-12-30,513.41,Overdue,Credit Card
710,710,2023-10-05,2023-11-04,1583.49,Paid,Bank Transfer
711,711,2022-10-28,2022-11-27,1542.91,Paid,Cash
712,712,2024-06-24,2024-07-24,616.37,Paid,Bank Transfer
713,713,2023-11-17,2023-12-17,662.41,Paid,Cash
714,714,2023-08-05,2023-09-04,421.53,Overdue,Cash
715,715,2022-11-24,2022-12-24,51.48,Paid,Cash
716,716,2023-09-15,2023-10-15,1943.35,Paid,Bank Transfer
717,717,2024-11-05,2024-12-05,615.22,Unpaid,Bank Transfer
718,718,2022-01-11,2022-02-10,153.76,Paid,Bank Transfer
719,719,2024-12-28,2025-01-27,308.38,Overdue,Bank Transfer
720,720,2024-02-13,2024-03-14,513.85,Paid,Bank Transfer
721,721,2024-01-10,2024-02-09,534.42,Paid,Cash
722,722,2022-05-08,2022-06-07,1843.73,Paid,Cash
723,723,2024-12-13,2025-01-12,512.2,Unpaid,Cash
724,724,2024-10-18,2024-11-17,995.56,Paid,Cash
725,725,2022-11-30,2022-12-30,1416.55,Paid,Cash
726,726,2024-11-17,2024-12-17,877.08,Paid,Bank Transfer
727,727,2022-11-18,2022-12-18,1893.26,Paid,Cash
728,728,2024-01-27,2024-02-26,408.98,Paid,Cash
729,729,2024-02-06,2024-03-07,1157.65,Overdue,Credit Card
730,730,2024-05-13,2024-06-12,568.81,Paid,Cash
731,731,2023-12-16,2024-01-15,1560.19,Overdue,Credit Card
732,732,2023-11-23,2023-12-23,1586.55,Paid,Credit Card
733,733,2022-10-11,2022-11-10,1036.5,Overdue,Cash
734,734,2023-10-29,2023-11-28,460.42,Unpaid,Credit Card
735,735,2024-03-20,2024-04-19,511.28,Overdue,Credit Card
736,736,2022-07-01,2022-07-31,1786.03,Paid,Credit Card
737,737,2022-09-11,2022-10-11,1869.82,Paid,Bank Transfer
738,738,2022-04-19,2022-05-19,693.97,Paid,Credit Card
739,739,2022-09-04,2022-10-04,377.96,Paid,Bank Transfer
740,740,2024-06-28,2024-07-28,634.25,Paid,Credit Card
741,741,2022-02-17,2022-03-19,600.38,Unpaid,Bank Transfer
742,742,2023-06-11,2023-07-11,62.84,Overdue,Cash
743,743,2023-06-08,2023-07-08,761.13,Unpaid,Credit Card
744,744,2023-10-29,2023-11-28,128.83,Paid,Bank Transfer
745,745,2022-10-19,2022-11-18,108.75,Paid,Bank Transfer
746,746,2023-05-06,2023-06-05,115.43,Paid,Credit Card
747,747,2023-07-06,2023-08-05,666.77,Paid,Bank Transfer
748,748,2024-04-14,2024-05-14,1423.23,Paid,Bank Transfer
749,749,2023-05-20,2023-06-19,662.05,Unpaid,Credit Card
750,750,2022-06-21,2022-07-21,1611.86,Paid,Cash
751,751,2023-05-18,2023-06-17,1995.38,Paid,Bank Transfer
752,752,2023-08-16,2023-09-15,320.73,Paid,Bank Transfer
753,753,2023-05-29,2023-06-28,798.68,Paid,Credit Card
754,754,2023-07-31,2023-08-30,1195.59,Paid,Bank Transfer
755,755,2024-03-20,2024-04-19,1629.76,Paid,Credit Card
756,756,2023-03-08,2023-04-07,655.07,Overdue,Credit Card
757,757,2024-07-16,2024-08-15,1883.93,Overdue,Credit Card
758,758,2023-11-04,2023-12-04,1181.04,Paid,Cash
759,759,2022-01-09,2022-02-08,1947.96,Paid,Credit Card
760,760,2022-06-16,2022-07-16,711.61,Paid,Cash
761,761,2023-12-24,2024-01-23,1383.4,Overdue,Bank Transfer
762,762,2024-01-29,2024-02-28,1864.57,Paid,Cash
763,763,2024-01-03,2024-02-02,1431.64,Unpaid,Credit Card
764,764,2023-03-29,2023-04-28,679.7,Unpaid,Bank Transfer
765,765,2023-03-05,2023-04-04,728.73,Paid,Bank Transfer
766,766,2024-10-21,2024-11-20,875.84,Paid,Credit Card
767,767,2022-12-26,2023-01-25,1918.41,Paid,Bank Transfer
768,768,2023-04-12,2023-05-12,830.97,Paid,Bank Transfer
769,769,2024-12-27,2025-01-26,258.24,Unpaid,Credit Card
770,770,2022-04-17,2022-05-17,1693.84,Paid,Cash
771,771,2024-11-27,2024-12-27,1345.84,Overdue,Cash
772,772,2023-04-05,2023-05-05,742.07,Unpaid,Credit Card
773,773,2023-02-03,2023-03-05,645.57,Paid,Credit Card
774,774,2022-06-02,2022-07-02,927.24,Paid,Bank Transfer
775,775,2022-07-18,2022-08-17,102.24,Paid,Credit Card
776,776,2023-11-16,2023-12-16,642.5,Overdue,Cash
777,777,2023-11-15,2023-12-15,783.12,Paid,Cash
778,778,2022-07-15,2022-08-14,1311.22,Overdue,Bank Transfer
779,779,2024-02-12,2024-03-13,931.95,Paid,Bank Transfer
780,780,2024-06-24,2024-07-24,395.9,Paid,Cash
781,781,2022-04-25,2022-05-25,1929.42,Paid,Cash
782,782,2024-04-21,2024-05-21,103.23,Overdue,Credit Card
783,783,2024-08-08,2024-09-07,236.42,Paid,Bank Transfer
784,784,2023-11-04,2023-12-04,1535.28,Unpaid,Cash
785,785,2023-02-01,2023-03-03,210.17,Paid,Cash
786,786,2024-06-29,2024-07-29,448.77,Paid,Bank Transfer
787,787,2024-06-11,2024-07-11,1665.49,Overdue,Cash
788,788,2022-10-26,2022-11-25,1123.39,Overdue,Cash
789,789,2024-11-26,2024-12-26,430.11,Paid,Bank Transfer
790,790,2022-04-22,2022-05-22,1319.76,Unpaid,Credit Card
791,791,2023-12-01,2023-12-31,1118.63,Paid,Bank Transfer
792,792,2023-11-10,2023-12-10,1934.43,Unpaid,Cash
793,793,2022-08-03,2022-09-02,1080.6,Paid,Credit Card
794,794,2023-04-17,2023-05-17,1064.34,Paid,Bank Transfer
795,795,2024-02-09,2024-03-10,1863.31,Paid,Bank Transfer
796,796,2022-06-01,2022-07-01,1262.87,Overdue,Bank Transfer
797,797,2024-01-08,2024-02-07,681.46,Unpaid,Cash
798,798,2023-06-21,2023-07-21,1081.88,Paid,Bank Transfer
799,799,2022-12-27,2023-01-26,967.69,Overdue,Credit Card
800,800,2022-08-16,2022-09-15,43.82,Paid,Cash
801,801,2022-12-17,2023-01-16,986.78,Paid,Cash
802,802,2022-09-25,2022-10-25,1283.87,Overdue,Credit Card
803,803,2024-05-29,2024-06-28,1352.99,Paid,Bank Transfer
804,804,2023-08-26,2023-09-25,325.59,Paid,Bank Transfer
805,805,2024-11-06,2024-12-06,437.34,Unpaid,Bank Transfer
806,806,2022-05-13,2022-06-12,55.13,Overdue,Credit Card
807,807,2024-11-28,2024-12-28,1459.76,Paid,Cash
808,808,2024-10-10,2024-11-09,459.45,Unpaid,Cash
809,809,2023-03-01,2023-03-31,898.02,Overdue,Cash
810,810,2024-05-20,2024-06-19,1176.3,Overdue,Bank Transfer
811,811,2022-06-23,2022-07-23,224.42,Paid,Bank Transfer
812,812,2022-03-26,2022-04-25,1954.35,Overdue,Cash
813,813,2024-04-17,2024-05-17,424.75,Unpaid,Credit Card
814,814,2023-04-24,2023-05-24,535.22,Unpaid,Bank Transfer
815,815,2024-10-24,2024-11-23,1137.31,Unpaid,Bank Transfer
816,816,2022-07-21,2022-08-20,1063.17,Unpaid,Bank Transfer
817,817,2023-11-06,2023-12-06,757.7,Overdue,Bank Transfer
818,818,2022-10-10,2022-11-09,1530.47,Paid,Credit Card
819,819,2024-04-07,2024-05-07,861.47,Paid,Bank Transfer
820,820,2022-11-02,2022-12-02,109.96,Overdue,Bank Transfer
821,821,2024-11-22,2024-12-22,1645.63,Paid,Bank Transfer
822,822,2022-06-25,2022-07-25,512.91,Paid,Cash
823,823,2024-07-10,2024-08-09,116.65,Unpaid,Credit Card
824,824,2022-01-20,2022-02-19,1185.37,Paid,Credit Card
825,825,2024-04-06,2024-05-06,1445.12,Paid,Bank Transfer
826,826,2022-10-12,2022-11-11,1067.93,Paid,Bank Transfer
827,827,2024-03-11,2024-04-10,675.93,Paid,Credit Card
828,828,2022-08-11,2022-09-10,1545.65,Unpaid,Bank Transfer
829,829,2022-08-02,2022-09-01,1593.31,Paid,Cash
830,830,2023-01-18,2023-02-17,416.12,Unpaid,Bank Transfer
831,831,2024-12-09,2025-01-08,1381.28,Unpaid,Credit Card
832,832,2024-04-21,2024-05-21,1191.97,Paid,Bank Transfer
833,833,2022-05-21,2022-06-20,233.31,Paid,Cash
834,834,2024-08-30,2024-09-29,971.36,Paid,Credit Card
835,835,2024-07-28,2024-08-27,1707.19,Paid,Bank Transfer
836,836,2024-03-28,2024-04-27,1336.28,Paid,Bank Transfer
837,837,2024-07-31,2024-08-30,1911.5,Paid,Bank Transfer
838,838,2024-07-23,2024-08-22,656.07,Paid,Bank Transfer
839,839,2022-12-25,2023-01-24,605.66,Paid,Cash
840,840,2023-01-11,2023-02-10,1987.19,Paid,Cash
841,841,2022-11-20,2022-12-20,1135.9,Overdue,Credit Card
842,842,2023-03-21,2023-04-20,1144.7,Unpaid,Bank Transfer
843,843,2022-08-04,2022-09-03,1269.57,Paid,Cash
844,844,2022-04-02,2022-05-02,1029.8,Paid,Bank Transfer
845,845,2024-03-28,2024-04-27,767.46,Unpaid,Credit Card
846,846,2022-10-07,2022-11-06,46.12,Paid,Credit Card
847,847,2023-05-12,2023-06-11,1061.78,Paid,Credit Card
848,848,2022-02-06,2022-03-08,79.22,Paid,Bank Transfer
849,849,2022-12-11,2023-01-10,462.34,Paid,Cash
850,850,2024-01-04,2024-02-03,628.28,Paid,Credit Card
851,851,2022-04-08,2022-05-08,993.6,Paid,Credit Card
852,852,2023-09-24,2023-10-24,886.61,Overdue,Cash
853,853,2023-05-27,2023-06-26,1924.31,Unpaid,Bank Transfer
854,854,2023-11-22,2023-12-22,1980.93,Unpaid,Bank Transfer
855,855,2022-12-10,2023-01-09,322.16,Overdue,Bank Transfer
856,856,2023-01-24,2023-02-23,1392.51,Paid,Credit Card
857,857,2023-03-14,2023-04-13,1053.3,Unpaid,Credit Card
858,858,2022-01-25,2022-02-24,307.64,Paid,Bank Transfer
859,859,2024-01-26,2024-02-25,1560.42,Unpaid,Credit Card
860,860,2022-12-18,2023-01-17,28.27,Paid,Credit Card
861,861,2022-09-30,2022-10-30,93.96,Paid,Bank Transfer
862,862,2024-09-14,2024-10-14,97.13,Unpaid,Cash
863,863,2024-11-12,2024-12-12,946.83,Paid,Credit Card
864,864,2022-09-12,2022-10-12,731.66,Paid,Cash
865,865,2022-05-03,2022-06-02,1136.45,Paid,Bank Transfer
866,866,2022-03-19,2022-04-18,222.53,Overdue,Cash
867,867,2023-11-05,2023-12-05,348.68,Overdue,Credit Card
868,868,2024-04-29,2024-05-29,686.89,Unpaid,Bank Transfer
869,869,2023-02-26,2023-03-28,874.09,Overdue,Credit Card
870,870,2024-02-21,2024-03-22,1702.61,Paid,Cash
871,871,2024-10-03,2024-11-02,271.64,Overdue,Cash
872,872,2022-09-15,2022-10-15,601.95,Paid,Bank Transfer
873,873,2022-06-10,2022-07-10,1277.07,Paid,Cash
874,874,2022-12-28,2023-01-27,1122.61,Paid,Bank Transfer
875,875,2023-02-17,2023-03-19,184.14,Paid,Bank Transfer
876,876,2022-12-10,2023-01-09,794.0,Paid,Cash
877,877,2024-09-14,2024-10-14,1624.42,Paid,Bank Transfer
878,878,2022-11-09,2022-12-09,619.8,Paid,Credit Card
879,879,2023-08-04,2023-09-03,336.94,Paid,Cash
880,880,2024-08-19,2024-09-18,1119.54,Paid,Cash
881,881,2024-02-06,2024-03-07,1097.56,Unpaid,Credit Card
882,882,2023-09-23,2023-10-23,1453.89,Paid,Bank Transfer
883,883,2022-11-29,2022-12-29,484.72,Paid,Bank Transfer
884,884,2024-09-27,2024-10-27,746.64,Paid,Credit Card
885,885,2023-05-12,2023-06-11,1678.44,Paid,Cash
886,886,2022-10-30,2022-11-29,82.5,Paid,Bank Transfer
887,887,2022-11-27,2022-12-27,1364.5,Overdue,Credit Card
888,888,2022-06-14,2022-07-14,1841.77,Paid,Cash
889,889,2023-09-11,2023-10-11,1529.22,Overdue,Bank Transfer
890,890,2024-04-22,2024-05-22,32.67,Paid,Credit Card
891,891,2023-07-05,2023-08-04,542.11,Paid,Cash
892,892,2024-10-04,2024-11-03,1144.36,Paid,Credit Card
893,893,2023-08-14,2023-09-13,1632.87,Overdue,Credit Card
894,894,2023-01-08,2023-02-07,1472.6,Unpaid,Cash
895,895,2022-05-01,2022-05-31,1359.55,Paid,Bank Transfer
896,896,2022-08-12,2022-09-11,1458.04,Unpaid,Cash
897,897,2023-12-02,2024-01-01,1113.38,Paid,Bank Transfer
898,898,2023-06-29,2023-07-29,145.51,Paid,Credit Card
899,899,2024-12-05,2025-01-04,538.43,Paid,Credit Card
900,900,2024-08-27,2024-09-26,412.05,Paid,Cash
901,901,2023-05-06,2023-06-05,225.22,Overdue,Cash
902,902,2023-11-08,2023-12-08,225.07,Paid,Bank Transfer
903,903,2022-10-12,2022-11-11,1844.83,Paid,Credit Card
904,904,2023-05-25,2023-06-24,643.43,Paid,Bank Transfer
905,905,2023-01-20,2023-02-19,1750.27,Paid,Bank Transfer
906,906,2023-10-29,2023-11-28,637.4,Paid,Cash
907,907,2023-12-15,2024-01-14,735.09,Paid,Cash
908,908,2023-08-25,2023-09-24,1494.78,Paid,Bank Transfer
909,909,2024-10-30,2024-11-29,917.41,Paid,Cash
910,910,2024-08-14,2024-09-13,1638.71,Unpaid,Cash
911,911,2023-03-10,2023-04-09,441.11,Paid,Credit Card
912,912,2022-11-25,2022-12-25,227.04,Paid,Bank Transfer
913,913,2022-09-10,2022-10-10,558.1,Unpaid,Credit Card
914,914,2023-11-13,2023-12-13,1893.8,Paid,Bank Transfer
915,915,2024-02-12,2024-03-13,669.68,Unpaid,Cash
916,916,2023-04-03,2023-05-03,552.21,Paid,Bank Transfer
917,917,2023-01-21,2023-02-20,1456.77,Paid,Credit Card
918,918,2022-01-04,2022-02-03,445.29,Unpaid,Bank Transfer
919,919,2024-01-18,2024-02-17,531.38,Overdue,Cash
920,920,2022-01-19,2022-02-18,1843.79,Overdue,Bank Transfer
921,921,2024-10-20,2024-11-19,27.35,Paid,Credit Card
922,922,2023-09-25,2023-10-25,1224.75,Paid,Bank Transfer
923,923,2023-03-18,2023-04-17,1500.63,Overdue,Bank Transfer
924,924,2022-11-09,2022-12-09,196.14,Unpaid,Bank Transfer
925,925,2023-01-02,2023-02-01,160.2,Unpaid,Credit Card
926,926,2024-03-14,2024-04-13,463.81,Unpaid,Bank Transfer
927,927,2024-03-11,2024-04-10,714.17,Paid,Cash
928,928,2024-03-17,2024-04-16,1298.89,Paid,Bank Transfer
929,929,2022-04-21,2022-05-21,988.04,Unpaid,Credit Card
930,930,2024-09-15,2024-10-15,193.43,Paid,Credit Card
931,931,2022-01-19,2022-02-18,72.99,Overdue,Cash
932,932,2022-12-11,2023-01-10,823.97,Paid,Bank Transfer
933,933,2022-08-29,2022-09-28,825.87,Paid,Credit Card
934,934,2024-04-07,2024-05-07,657.8,Unpaid,Credit Card
935,935,2022-12-20,2023-01-19,789.22,Paid,Credit Card
936,936,2024-02-22,2024-03-23,141.64,Unpaid,Bank Transfer
937,937,2022-06-19,2022-07-19,1902.15,Unpaid,Bank Transfer
938,938,2024-09-09,2024-10-09,1206.91,Overdue,Bank Transfer
939,939,2024-09-18,2024-10-18,1554.3,Overdue,Cash
940,940,2023-01-14,2023-02-13,1190.07,Overdue,Bank Transfer
941,941,2024-12-21,2025-01-20,1043.19,Unpaid,Credit Card
942,942,2022-09-12,2022-10-12,1798.4,Paid,Bank Transfer
943,943,2022-01-11,2022-02-10,1620.08,Paid,Credit Card
944,944,2023-02-27,2023-03-29,1844.28,Unpaid,Bank Transfer
945,945,2024-11-02,2024-12-02,27.78,Paid,Bank Transfer
946,946,2022-04-05,2022-05-05,982.85,Paid,Cash
947,947,2023-10-03,2023-11-02,971.33,Overdue,Bank Transfer
948,948,2022-04-02,2022-05-02,1199.13,Paid,Credit Card
949,949,2023-03-19,2023-04-18,899.42,Paid,Credit Card
950,950,2023-06-07,2023-07-07,1864.52,Paid,Bank Transfer
951,951,2023-06-05,2023-07-05,231.1,Unpaid,Credit Card
952,952,2023-07-06,2023-08-05,1985.55,Paid,Cash
953,953,2024-05-09,2024-06-08,66.78,Paid,Bank Transfer
954,954,2023-05-22,2023-06-21,587.5,Paid,Bank Transfer
955,955,2023-11-06,2023-12-06,681.69,Overdue,Bank Transfer
956,956,2023-04-08,2023-05-08,906.52,Paid,Credit Card
957,957,2022-09-10,2022-10-10,481.92,Overdue,Bank Transfer
958,958,2024-09-29,2024-10-29,1333.91,Unpaid,Cash
959,959,2022-07-22,2022-08-21,1852.72,Paid,Credit Card
960,960,2024-12-24,2025-01-23,473.05,Paid,Bank Transfer
961,961,2022-01-20,2022-02-19,1556.79,Paid,Credit Card
962,962,2023-07-02,2023-08-01,1459.25,Paid,Credit Card
963,963,2024-05-06,2024-06-05,1815.61,Paid,Bank Transfer
964,964,2023-07-19,2023-08-18,1242.03,Overdue,Cash
965,965,2022-06-28,2022-07-28,376.62,Unpaid,Bank Transfer
966,966,2022-06-07,2022-07-07,444.6,Unpaid,Cash
967,967,2024-10-06,2024-11-05,241.1,Overdue,Bank Transfer
968,968,2024-11-20,2024-12-20,1302.24,Unpaid,Credit Card
969,969,2022-01-15,2022-02-14,225.46,Unpaid,Credit Card
970,970,2024-12-17,2025-01-16,1923.83,Paid,Bank Transfer
971,971,2024-12-08,2025-01-07,1395.05,Paid,Bank Transfer
972,972,2022-04-15,2022-05-15,1023.0,Paid,Credit Card
973,973,2023-05-27,2023-06-26,1589.7,Overdue,Bank Transfer
974,974,2022-01-05,2022-02-04,1694.68,Unpaid,Bank Transfer
975,975,2022-03-14,2022-04-13,1940.1,Paid,Cash
976,976,2024-07-31,2024-08-30,323.8,Unpaid,Cash
977,977,2023-01-17,2023-02-16,1627.9,Overdue,Bank Transfer
978,978,2024-12-19,2025-01-18,1334.29,Paid,Cash
979,979,2023-05-28,2023-06-27,174.92,Paid,Bank Transfer
980,980,2023-01-09,2023-02-08,1161.48,Paid,Bank Transfer
981,981,2023-12-26,2024-01-25,1836.47,Unpaid,Bank Transfer
982,982,2023-08-07,2023-09-06,1875.71,Unpaid,Credit Card
983,983,2022-11-25,2022-12-25,743.28,Overdue,Cash
984,984,2024-10-11,2024-11-10,220.51,Paid,Bank Transfer
985,985,2024-03-07,2024-04-06,935.76,Paid,Credit Card
986,986,2024-10-21,2024-11-20,1764.06,Paid,Bank Transfer
987,987,2022-01-17,2022-02-16,289.77,Paid,Bank Transfer
988,988,2023-05-23,2023-06-22,1401.02,Overdue,Cash
989,989,2022-08-24,2022-09-23,1232.46,Paid,Bank Transfer
990,990,2022-07-31,2022-08-30,798.43,Unpaid,Credit Card
991,991,2022-11-01,2022-12-01,1642.83,Overdue,Cash
992,992,2022-10-27,2022-11-26,1200.02,Paid,Credit Card
993,993,2024-12-11,2025-01-10,1878.57,Paid,Bank Transfer
994,994,2024-09-08,2024-10-08,982.28,Paid,Cash
995,995,2024-01-15,2024-02-14,1440.35,Paid,Cash
996,996,2023-01-08,2023-02-07,281.99,Paid,Cash
997,997,2024-08-24,2024-09-23,1091.19,Unpaid,Bank Transfer
998,998,2024-01-15,2024-02-14,1908.45,Overdue,Credit Card
999,999,2022-09-24,2022-10-24,736.99,Paid,Cash
1000,1000,2024-02-01,2024-03-02,1670.83,Paid,Bank Transfer
1001,1001,2022-08-06,2022-09-05,67.23,Paid,Bank Transfer
1002,1002,2023-01-26,2023-02-25,1970.13,Paid,Credit Card
1003,1003,2023-12-04,2024-01-03,1340.28,Paid,Cash
1004,1004,2022-11-11,2022-12-11,1546.02,Paid,Credit Card
1005,1005,2023-12-13,2024-01-12,1639.59,Unpaid,Credit Card
1006,1006,2024-05-08,2024-06-07,842.25,Overdue,Bank Transfer
1007,1007,2022-09-22,2022-10-22,401.2,Paid,Bank Transfer
1008,1008,2024-03-25,2024-04-24,1936.53,Overdue,Cash
1009,1009,2024-11-09,2024-12-09,1038.25,Paid,Credit Card
1010,1010,2023-01-12,2023-02-11,1713.72,Paid,Credit Card
1011,1011,2024-11-16,2024-12-16,1351.72,Overdue,Cash
1012,1012,2023-03-28,2023-04-27,297.06,Paid,Cash
1013,1013,2024-12-28,2025-01-27,1710.31,Unpaid,Cash
1014,1014,2023-07-08,2023-08-07,1256.5,Overdue,Bank Transfer
1015,1015,2022-01-03,2022-02-02,966.58,Paid,Cash
1016,1016,2023-06-25,2023-07-25,1865.69,Paid,Credit Card
1017,1017,2022-01-22,2022-02-21,542.12,Paid,Cash
1018,1018,2022-08-06,2022-09-05,267.24,Unpaid,Cash
1019,1019,2024-06-24,2024-07-24,505.12,Unpaid,Bank Transfer
1020,1020,2023-04-20,2023-05-20,1939.47,Unpaid,Credit Card
1021,1021,2024-07-29,2024-08-28,1219.7,Paid,Credit Card
1022,1022,2022-02-13,2022-03-15,1548.76,Overdue,Cash
1023,1023,2022-10-21,2022-11-20,289.7,Paid,Credit Card
1024,1024,2024-12-14,2025-01-13,833.11,Paid,Cash
1025,1025,2024-02-26,2024-03-27,1459.93,Unpaid,Bank Transfer
1026,1026,2022-06-21,2022-07-21,260.7,Unpaid,Credit Card
1027,1027,2022-08-06,2022-09-05,1283.39,Paid,Credit Card
1028,1028,2024-09-10,2024-10-10,327.97,Unpaid,Bank Transfer
1029,1029,2023-05-15,2023-06-14,1533.86,Unpaid,Cash
1030,1030,2022-04-02,2022-05-02,492.7,Overdue,Credit Card
1031,1031,2023-04-05,2023-05-05,647.39,Overdue,Cash
1032,1032,2023-04-08,2023-05-08,150.91,Unpaid,Bank Transfer
1033,1033,2022-08-14,2022-09-13,562.35,Paid,Credit Card
1034,1034,2024-01-09,2024-02-08,466.15,Overdue,Cash
1035,1035,2023-01-07,2023-02-06,154.09,Overdue,Cash
1036,1036,2023-12-15,2024-01-14,471.67,Paid,Bank Transfer
1037,1037,2022-06-06,2022-07-06,297.03,Overdue,Credit Card
1038,1038,2024-07-03,2024-08-02,1773.31,Unpaid,Bank Transfer
1039,1039,2023-10-24,2023-11-23,1824.79,Paid,Bank Transfer
1040,1040,2024-09-12,2024-10-12,1778.37,Paid,Bank Transfer
1041,1041,2023-05-19,2023-06-18,1174.68,Overdue,Cash
1042,1042,2023-04-17,2023-05-17,1143.99,Paid,Credit Card
1043,1043,2023-03-26,2023-04-25,639.78,Overdue,Bank Transfer
1044,1044,2024-08-28,2024-09-27,1527.99,Paid,Bank Transfer
1045,1045,2022-10-13,2022-11-12,1373.91,Paid,Credit Card
1046,1046,2024-05-12,2024-06-11,1606.84,Unpaid,Cash
1047,1047,2022-10-21,2022-11-20,1464.7,Unpaid,Cash
1048,1048,2022-08-06,2022-09-05,243.67,Paid,Credit Card
1049,1049,2024-01-19,2024-02-18,632.04,Paid,Credit Card
1050,1050,2024-05-02,2024-06-01,111.74,Paid,Credit Card
1051,1051,2024-08-20,2024-09-19,1217.9,Overdue,Credit Card
1052,1052,2022-11-16,2022-12-16,654.54,Unpaid,Bank Transfer
1053,1053,2022-01-23,2022-02-22,188.64,Paid,Bank Transfer
1054,1054,2023-06-13,2023-07-13,1410.91,Overdue,Cash
1055,1055,2023-07-11,2023-08-10,1326.65,Paid,Cash
1056,1056,2024-03-31,2024-04-30,1821.5,Paid,Bank Transfer
1057,1057,2022-06-08,2022-07-08,1070.68,Overdue,Credit Card
1058,1058,2022-12-04,2023-01-03,360.03,Paid,Cash
1059,1059,2022-06-09,2022-07-09,213.98,Paid,Credit Card
1060,1060,2022-11-30,2022-12-30,1432.21,Paid,Bank Transfer
1061,1061,2023-09-26,2023-10-26,1908.36,Unpaid,Credit Card
1062,1062,2022-06-24,2022-07-24,250.14,Paid,Cash
1063,1063,2023-10-07,2023-11-06,1933.92,Unpaid,Cash
1064,1064,2024-10-21,2024-11-20,64.52,Paid,Credit Card
1065,1065,2022-07-19,2022-08-18,661.52,Paid,Credit Card
1066,1066,2022-11-04,2022-12-04,1079.67,Paid,Credit Card
1067,1067,2022-03-18,2022-04-17,1252.53,Paid,Cash
1068,1068,2022-07-11,2022-08-10,1246.07,Overdue,Bank Transfer
1069,1069,2022-11-26,2022-12-26,947.45,Paid,Cash
1070,1070,2023-12-01,2023-12-31,921.64,Overdue,Credit Card
1071,1071,2022-03-23,2022-04-22,1211.26,Paid,Bank Transfer
1072,1072,2024-10-15,2024-11-14,1708.38,Paid,Bank Transfer
1073,1073,2022-06-28,2022-07-28,153.55,Paid,Bank Transfer
1074,1074,2023-07-28,2023-08-27,1445.23,Paid,Cash
1075,1075,2024-08-01,2024-08-31,188.97,Paid,Bank Transfer
1076,1076,2022-10-15,2022-11-14,1357.32,Unpaid,Bank Transfer
1077,1077,2022-09-22,2022-10-22,43.46,Overdue,Bank Transfer
1078,1078,2024-04-26,2024-05-26,313.87,Paid,Bank Transfer
1079,1079,2022-04-27,2022-05-27,1916.53,Unpaid,Bank Transfer
1080,1080,2023-08-19,2023-09-18,226.06,Paid,Bank Transfer
1081,1081,2024-08-04,2024-09-03,1897.19,Paid,Cash
1082,1082,2024-08-10,2024-09-09,1703.32,Paid,Credit Card
1083,1083,2023-02-13,2023-03-15,80.65,Paid,Cash
1084,1084,2024-09-02,2024-10-02,105.06,Unpaid,Credit Card
1085,1085,2022-10-26,2022-11-25,83.51,Overdue,Cash
1086,1086,2022-05-08,2022-06-07,309.38,Paid,Cash
1087,1087,2024-05-16,2024-06-15,520.44,Overdue,Credit Card
1088,1088,2024-04-09,2024-05-09,1032.33,Paid,Credit Card
1089,1089,2023-06-16,2023-07-16,1602.75,Paid,Bank Transfer
1090,1090,2023-09-01,2023-10-01,1372.24,Overdue,Cash
1091,1091,2022-11-26,2022-12-26,421.39,Paid,Cash
1092,1092,2023-02-11,2023-03-13,893.93,Unpaid,Bank Transfer
1093,1093,2023-10-11,2023-11-10,1529.74,Paid,Cash
1094,1094,2022-08-21,2022-09-20,710.89,Paid,Credit Card
1095,1095,2022-09-15,2022-10-15,954.43,Paid,Credit Card
1096,1096,2024-05-10,2024-06-09,1242.02,Paid,Cash
1097,1097,2022-01-30,2022-03-01,603.95,Overdue,Bank Transfer
1098,1098,2022-09-13,2022-10-13,521.7,Paid,Bank Transfer
1099,1099,2024-05-22,2024-06-21,1370.12,Paid,Bank Transfer
1100,1100,2022-12-29,2023-01-28,1233.88,Unpaid,Credit Card
1101,1101,2024-06-14,2024-07-14,1265.88,Paid,Credit Card
1102,1102,2022-08-01,2022-08-31,330.88,Paid,Bank Transfer
1103,1103,2022-07-24,2022-08-23,677.39,Paid,Credit Card
1104,1104,2023-03-10,2023-04-09,1914.85,Paid,Credit Card
1105,1105,2022-09-12,2022-10-12,1036.27,Overdue,Bank Transfer
1106,1106,2023-04-04,2023-05-04,1383.5,Paid,Cash
1107,1107,2024-04-29,2024-05-29,275.22,Unpaid,Credit Card
1108,1108,2024-02-06,2024-03-07,431.82,Paid,Credit Card
1109,1109,2024-05-30,2024-06-29,435.41,Paid,Bank Transfer
1110,1110,2024-05-28,2024-06-27,286.59,Paid,Bank Transfer
1111,1111,2023-10-14,2023-11-13,95.81,Overdue,Credit Card
1112,1112,2024-03-13,2024-04-12,25.58,Paid,Cash
1113,1113,2022-02-22,2022-03-24,558.0,Paid,Cash
1114,1114,2022-06-11,2022-07-11,563.82,Unpaid,Bank Transfer
1115,1115,2024-01-04,2024-02-03,1617.62,Overdue,Credit Card
1116,1116,2023-05-18,2023-06-17,1961.61,Overdue,Credit Card
1117,1117,2022-02-17,2022-03-19,1701.85,Overdue,Credit Card
1118,1118,2022-10-18,2022-11-17,1731.65,Paid,Bank Transfer
1119,1119,2023-03-02,2023-04-01,1424.74,Paid,Credit Card
1120,1120,2022-06-06,2022-07-06,855.61,Unpaid,Cash
1121,1121,2024-07-12,2024-08-11,783.3,Overdue,Bank Transfer
1122,1122,2022-03-06,2022-04-05,1459.23,Paid,Credit Card
1123,1123,2022-01-11,2022-02-10,512.48,Paid,Bank Transfer
1124,1124,2022-03-02,2022-04-01,760.16,Paid,Credit Card
1125,1125,2024-01-18,2024-02-17,1886.88,Unpaid,Credit Card
1126,1126,2022-09-17,2022-10-17,883.07,Paid,Cash
1127,1127,2023-08-26,2023-09-25,939.33,Paid,Cash
1128,1128,2023-01-31,2023-03-02,1102.26,Paid,Cash
1129,1129,2022-07-30,2022-08-29,675.95,Paid,Credit Card
1130,1130,2024-09-26,2024-10-26,671.81,Paid,Bank Transfer
1131,1131,2022-08-09,2022-09-08,826.29,Paid,Cash
1132,1132,2022-05-12,2022-06-11,1891.83,Paid,Cash
1133,1133,2023-08-25,2023-09-24,27.11,Paid,Bank Transfer
1134,1134,2023-10-23,2023-11-22,209.87,Paid,Credit Card
1135,1135,2024-02-01,2024-03-02,649.35,Paid,Cash
1136,1136,2023-03-14,2023-04-13,1227.48,Unpaid,Cash
1137,1137,2024-02-29,2024-03-30,1154.83,Unpaid,Credit Card
1138,1138,2022-06-03,2022-07-03,1467.0,Paid,Credit Card
1139,1139,2023-10-18,2023-11-17,673.19,Paid,Cash
1140,1140,2024-05-12,2024-06-11,676.2,Paid,Cash
1141,1141,2023-04-30,2023-05-30,504.19,Paid,Credit Card
1142,1142,2024-08-03,2024-09-02,1328.1,Overdue,Credit Card
1143,1143,2024-12-16,2025-01-15,662.27,Overdue,Credit Card
1144,1144,2024-04-30,2024-05-30,1968.53,Unpaid,Cash
1145,1145,2023-10-04,2023-11-03,622.24,Paid,Bank Transfer
1146,1146,2022-09-06,2022-10-06,1485.54,Paid,Bank Transfer
1147,1147,2022-10-12,2022-11-11,1990.22,Paid,Bank Transfer
1148,1148,2022-06-30,2022-07-30,1497.38,Paid,Cash
1149,1149,2022-04-18,2022-05-18,740.98,Paid,Credit Card
1150,1150,2023-11-06,2023-12-06,249.31,Paid,Credit Card
1151,1151,2022-09-03,2022-10-03,1637.8,Paid,Cash
1152,1152,2024-04-26,2024-05-26,1377.93,Paid,Bank Transfer
1153,1153,2024-09-30,2024-10-30,901.74,Overdue,Cash
1154,1154,2023-08-30,2023-09-29,1085.84,Unpaid,Credit Card
1155,1155,2023-02-26,2023-03-28,457.68,Unpaid,Bank Transfer
1156,1156,2024-08-16,2024-09-15,1072.42,Paid,Credit Card
1157,1157,2024-12-16,2025-01-15,59.35,Paid,Cash
1158,1158,2024-10-30,2024-11-29,1783.97,Overdue,Credit Card
1159,1159,2024-11-17,2024-12-17,1419.26,Overdue,Bank Transfer
1160,1160,2023-09-22,2023-10-22,253.11,Overdue,Bank Transfer
1161,1161,2023-05-08,2023-06-07,153.47,Paid,Credit Card
1162,1162,2024-07-16,2024-08-15,372.62,Paid,Bank Transfer
1163,1163,2023-03-11,2023-04-10,1915.41,Paid,Cash
1164,1164,2023-07-13,2023-08-12,1540.97,Paid,Cash
1165,1165,2023-01-23,2023-02-22,1760.98,Paid,Bank Transfer
1166,1166,2024-06-06,2024-07-06,1478.18,Paid,Cash
1167,1167,2022-04-19,2022-05-19,825.4,Paid,Bank Transfer
1168,1168,2023-04-09,2023-05-09,1001.93,Overdue,Credit Card
1169,1169,2023-07-04,2023-08-03,231.81,Paid,Bank Transfer
1170,1170,2023-08-13,2023-09-12,1979.09,Overdue,Credit Card
1171,1171,2023-09-18,2023-10-18,56.28,Paid,Bank Transfer
1172,1172,2024-07-21,2024-08-20,946.12,Paid,Bank Transfer
1173,1173,2023-06-25,2023-07-25,1750.62,Paid,Cash
1174,1174,2024-08-28,2024-09-27,226.08,Unpaid,Credit Card
1175,1175,2022-02-05,2022-03-07,1107.99,Paid,Cash
1176,1176,2022-10-28,2022-11-27,1149.47,Paid,Credit Card
1177,1177,2023-12-20,2024-01-19,1758.83,Paid,Credit Card
1178,1178,2023-12-24,2024-01-23,250.25,Paid,Credit Card
1179,1179,2023-07-07,2023-08-06,770.25,Overdue,Cash
1180,1180,2022-10-18,2022-11-17,1558.17,Paid,Credit Card
1181,1181,2022-07-02,2022-08-01,1832.52,Paid,Bank Transfer
1182,1182,2024-07-09,2024-08-08,927.84,Paid,Credit Card
1183,1183,2024-03-11,2024-04-10,1349.81,Overdue,Cash
1184,1184,2023-12-05,2024-01-04,1181.69,Paid,Credit Card
1185,1185,2023-12-12,2024-01-11,1379.98,Unpaid,Bank Transfer
1186,1186,2022-11-04,2022-12-04,793.02,Paid,Cash
1187,1187,2023-08-14,2023-09-13,251.33,Paid,Cash
1188,1188,2022-09-10,2022-10-10,1677.46,Overdue,Cash
1189,1189,2022-01-02,2022-02-01,968.75,Overdue,Credit Card
1190,1190,2024-10-25,2024-11-24,943.75,Paid,Cash
1191,1191,2024-06-03,2024-07-03,800.02,Paid,Credit Card
1192,1192,2023-05-25,2023-06-24,438.26,Unpaid,Cash
1193,1193,2023-09-11,2023-10-11,1091.19,Overdue,Cash
1194,1194,2022-10-13,2022-11-12,718.48,Paid,Cash
1195,1195,2022-06-25,2022-07-25,743.68,Overdue,Cash
1196,1196,2024-06-13,2024-07-13,1033.96,Overdue,Cash
1197,1197,2024-01-03,2024-02-02,227.73,Paid,Credit Card
1198,1198,2022-02-24,2022-03-26,1938.93,Unpaid,Bank Transfer
1199,1199,2024-11-14,2024-12-14,1399.42,Paid,Cash
1200,1200,2022-04-20,2022-05-20,1820.55,Overdue,Credit Card
1201,1201,2024-11-26,2024-12-26,1297.2,Unpaid,Credit Card
1202,1202,2022-07-19,2022-08-18,1002.95,Paid,Cash
1203,1203,2024-11-12,2024-12-12,1173.14,Overdue,Cash
1204,1204,2022-10-07,2022-11-06,1313.88,Paid,Bank Transfer
1205,1205,2022-01-14,2022-02-13,639.01,Paid,Bank Transfer
1206,1206,2022-09-05,2022-10-05,568.67,Paid,Bank Transfer
1207,1207,2024-11-01,2024-12-01,817.92,Paid,Cash
1208,1208,2023-01-12,2023-02-11,863.57,Unpaid,Cash
1209,1209,2022-09-10,2022-10-10,1546.95,Paid,Bank Transfer
1210,1210,2023-05-08,2023-06-07,1315.3,Paid,Bank Transfer
1211,1211,2023-08-17,2023-09-16,1664.08,Overdue,Credit Card
1212,1212,2023-07-18,2023-08-17,1384.95,Paid,Cash
1213,1213,2024-05-20,2024-06-19,533.05,Paid,Cash
1214,1214,2023-09-13,2023-10-13,1311.47,Overdue,Credit Card
1215,1215,2023-12-28,2024-01-27,1843.39,Overdue,Bank Transfer
1216,1216,2024-10-22,2024-11-21,1910.51,Overdue,Cash
1217,1217,2022-05-09,2022-06-08,127.3,Overdue,Cash
1218,1218,2022-10-14,2022-11-13,1569.98,Unpaid,Bank Transfer
1219,1219,2024-09-17,2024-10-17,1022.44,Paid,Bank Transfer
1220,1220,2024-11-04,2024-12-04,1024.62,Paid,Cash
1221,1221,2023-12-14,2024-01-13,1003.82,Unpaid,Cash
1222,1222,2022-11-22,2022-12-22,1972.72,Overdue,Credit Card
1223,1223,2023-04-20,2023-05-20,769.27,Overdue,Bank Transfer
1224,1224,2022-05-12,2022-06-11,1992.08,Paid,Bank Transfer
1225,1225,2024-02-06,2024-03-07,1360.84,Unpaid,Cash
1226,1226,2024-07-09,2024-08-08,436.82,Unpaid,Cash
1227,1227,2024-10-02,2024-11-01,1346.45,Unpaid,Bank Transfer
1228,1228,2024-12-18,2025-01-17,1915.46,Paid,Cash
1229,1229,2022-10-15,2022-11-14,1280.91,Paid,Bank Transfer
1230,1230,2023-11-29,2023-12-29,1322.03,Paid,Bank Transfer
1231,1231,2023-03-01,2023-03-31,1025.56,Paid,Bank Transfer
1232,1232,2022-10-10,2022-11-09,1176.06,Paid,Credit Card
1233,1233,2022-09-18,2022-10-18,410.8,Overdue,Bank Transfer
1234,1234,2023-11-09,2023-12-09,579.39,Paid,Credit Card
1235,1235,2024-01-03,2024-02-02,829.42,Overdue,Cash
1236,1236,2024-11-26,2024-12-26,693.33,Overdue,Bank Transfer
1237,1237,2022-08-16,2022-09-15,1370.59,Paid,Cash
1238,1238,2023-06-19,2023-07-19,390.83,Paid,Credit Card
1239,1239,2023-11-07,2023-12-07,1860.8,Unpaid,Bank Transfer
1240,1240,2022-03-14,2022-04-13,407.22,Unpaid,Credit Card
1241,1241,2024-09-07,2024-10-07,640.85,Paid,Credit Card
1242,1242,2023-04-07,2023-05-07,583.79,Unpaid,Credit Card
1243,1243,2022-04-24,2022-05-24,539.71,Paid,Credit Card
1244,1244,2022-02-07,2022-03-09,296.52,Paid,Credit Card
1245,1245,2024-05-30,2024-06-29,550.32,Unpaid,Credit Card
1246,1246,2024-01-24,2024-02-23,598.2,Overdue,Bank Transfer
1247,1247,2022-07-08,2022-08-07,1774.74,Overdue,Credit Card
1248,1248,2022-01-31,2022-03-02,1426.52,Paid,Bank Transfer
1249,1249,2022-03-31,2022-04-30,702.46,Unpaid,Credit Card
1250,1250,2024-03-25,2024-04-24,1828.23,Paid,Credit Card
1251,1251,2023-02-26,2023-03-28,101.09,Paid,Bank Transfer
1252,1252,2023-09-12,2023-10-12,517.92,Paid,Bank Transfer
1253,1253,2023-07-02,2023-08-01,1949.26,Paid,Bank Transfer
1254,1254,2024-04-21,2024-05-21,1135.93,Unpaid,Bank Transfer
1255,1255,2023-04-18,2023-05-18,240.09,Paid,Credit Card
1256,1256,2022-10-18,2022-11-17,1111.0,Paid,Cash
1257,1257,2022-02-13,2022-03-15,1202.19,Paid,Bank Transfer
1258,1258,2022-06-23,2022-07-23,1360.46,Paid,Bank Transfer
1259,1259,2024-02-23,2024-03-24,663.36,Unpaid,Cash
1260,1260,2024-06-01,2024-07-01,822.34,Paid,Credit Card
1261,1261,2022-02-23,2022-03-25,1741.22,Overdue,Cash
1262,1262,2022-02-26,2022-03-28,488.97,Paid,Bank Transfer
1263,1263,2022-04-27,2022-05-27,784.68,Paid,Bank Transfer
1264,1264,2024-08-07,2024-09-06,1123.77,Paid,Credit Card
1265,1265,2024-02-20,2024-03-21,1348.97,Paid,Bank Transfer
1266,1266,2023-07-16,2023-08-15,752.04,Paid,Cash
1267,1267,2022-03-21,2022-04-20,679.27,Paid,Bank Transfer
1268,1268,2022-01-26,2022-02-25,440.25,Paid,Bank Transfer
1269,1269,2024-06-27,2024-07-27,33.1,Unpaid,Bank Transfer
1270,1270,2024-09-10,2024-10-10,1540.96,Overdue,Cash
1271,1271,2023-10-06,2023-11-05,636.99,Paid,Credit Card
1272,1272,2024-10-10,2024-11-09,1299.41,Unpaid,Bank Transfer
1273,1273,2023-04-22,2023-05-22,1718.49,Paid,Cash
1274,1274,2023-10-12,2023-11-11,1451.89,Paid,Bank Transfer
1275,1275,2022-02-03,2022-03-05,1363.18,Unpaid,Credit Card
1276,1276,2022-06-08,2022-07-08,77.88,Paid,Cash
1277,1277,2024-01-31,2024-03-01,1488.82,Paid,Bank Transfer
1278,1278,2023-10-31,2023-11-30,1139.82,Paid,Bank Transfer
1279,1279,2022-03-05,2022-04-04,1781.79,Overdue,Credit Card
1280,1280,2022-02-22,2022-03-24,383.81,Paid,Credit Card
1281,1281,2024-11-06,2024-12-06,142.9,Unpaid,Bank Transfer
1282,1282,2022-03-08,2022-04-07,1898.82,Paid,Bank Transfer
1283,1283,2023-04-05,2023-05-05,226.28,Overdue,Credit Card
1284,1284,2022-09-06,2022-10-06,874.7,Unpaid,Credit Card
1285,1285,2023-10-12,2023-11-11,1837.02,Paid,Bank Transfer
1286,1286,2024-01-12,2024-02-11,1362.87,Paid,Credit Card
1287,1287,2024-06-30,2024-07-30,130.52,Overdue,Credit Card
1288,1288,2024-01-12,2024-02-11,520.65,Overdue,Credit Card
1289,1289,2022-09-14,2022-10-14,925.05,Overdue,Bank Transfer
1290,1290,2023-06-18,2023-07-18,1790.21,Paid,Bank Transfer
1291,1291,2022-10-31,2022-11-30,381.0,Paid,Cash
1292,1292,2024-07-18,2024-08-17,1305.13,Paid,Cash
1293,1293,2024-08-20,2024-09-19,1639.44,Overdue,Cash
1294,1294,2022-12-08,2023-01-07,1277.68,Paid,Cash
1295,1295,2023-12-27,2024-01-26,1200.61,Overdue,Bank Transfer
1296,1296,2023-11-21,2023-12-21,1570.73,Overdue,Credit Card
1297,1297,2023-12-28,2024-01-27,242.7,Paid,Credit Card
1298,1298,2024-09-04,2024-10-04,69.28,Paid,Credit Card
1299,1299,2024-11-09,2024-12-09,363.21,Unpaid,Credit Card
1300,1300,2024-07-17,2024-08-16,1734.47,Overdue,Credit Card
1301,1301,2022-07-18,2022-08-17,1771.23,Overdue,Credit Card
1302,1302,2024-12-11,2025-01-10,1311.69,Unpaid,Cash
1303,1303,2023-10-15,2023-11-14,573.86,Unpaid,Credit Card
1304,1304,2023-07-24,2023-08-23,644.8,Overdue,Cash
1305,1305,2023-08-13,2023-09-12,661.82,Overdue,Cash
1306,1306,2023-06-16,2023-07-16,1780.49,Paid,Cash
1307,1307,2024-11-07,2024-12-07,1868.39,Paid,Bank Transfer
1308,1308,2023-02-04,2023-03-06,403.16,Paid,Cash
1309,1309,2024-05-23,2024-06-22,1327.26,Paid,Credit Card
1310,1310,2022-09-03,2022-10-03,1962.08,Paid,Bank Transfer
1311,1311,2022-08-27,2022-09-26,1952.56,Overdue,Credit Card
1312,1312,2024-11-04,2024-12-04,1805.04,Paid,Bank Transfer
1313,1313,2022-06-01,2022-07-01,1413.3,Paid,Cash
1314,1314,2022-03-14,2022-04-13,1167.59,Paid,Cash
1315,1315,2023-06-28,2023-07-28,1764.46,Unpaid,Bank Transfer
1316,1316,2023-02-11,2023-03-13,46.02,Overdue,Bank Transfer
1317,1317,2022-05-18,2022-06-17,1640.58,Paid,Cash
1318,1318,2023-06-23,2023-07-23,864.64,Paid,Bank Transfer
1319,1319,2023-01-04,2023-02-03,328.15,Paid,Bank Transfer
1320,1320,2024-03-14,2024-04-13,370.23,Unpaid,Credit Card
1321,1321,2023-08-12,2023-09-11,917.04,Unpaid,Cash
1322,1322,2024-08-09,2024-09-08,516.2,Unpaid,Cash
1323,1323,2024-09-17,2024-10-17,1814.16,Paid,Credit Card
1324,1324,2024-11-05,2024-12-05,894.21,Overdue,Bank Transfer
1325,1325,2023-10-13,2023-11-12,844.82,Unpaid,Bank Transfer
1326,1326,2022-04-22,2022-05-22,927.13,Paid,Bank Transfer
1327,1327,2024-04-19,2024-05-19,191.09,Overdue,Cash
1328,1328,2023-11-07,2023-12-07,1010.24,Unpaid,Credit Card
1329,1329,2022-07-04,2022-08-03,1100.6,Paid,Bank Transfer
1330,1330,2024-11-28,2024-12-28,1054.46,Overdue,Credit Card
1331,1331,2024-03-21,2024-04-20,1035.05,Paid,Bank Transfer
1332,1332,2023-03-18,2023-04-17,1380.29,Paid,Cash
1333,1333,2024-12-14,2025-01-13,1294.92,Unpaid,Bank Transfer
1334,1334,2023-09-10,2023-10-10,256.66,Paid,Credit Card
1335,1335,2022-09-11,2022-10-11,696.37,Unpaid,Credit Card
1336,1336,2022-06-06,2022-07-06,1298.04,Unpaid,Credit Card
1337,1337,2022-11-07,2022-12-07,682.68,Unpaid,Cash
1338,1338,2023-10-02,2023-11-01,1040.32,Paid,Credit Card
1339,1339,2023-02-20,2023-03-22,1386.15,Unpaid,Bank Transfer
1340,1340,2022-07-10,2022-08-09,625.12,Unpaid,Cash
1341,1341,2024-12-28,2025-01-27,1679.47,Paid,Credit Card
1342,1342,2024-02-03,2024-03-04,943.1,Overdue,Credit Card
1343,1343,2024-03-24,2024-04-23,1797.18,Paid,Bank Transfer
1344,1344,2023-11-12,2023-12-12,284.4,Paid,Credit Card
1345,1345,2024-09-30,2024-10-30,1966.3,Paid,Credit Card
1346,1346,2024-12-07,2025-01-06,1680.14,Paid,Credit Card
1347,1347,2023-11-23,2023-12-23,1162.07,Paid,Cash
1348,1348,2022-01-12,2022-02-11,1121.61,Paid,Cash
1349,1349,2023-10-04,2023-11-03,59.05,Unpaid,Credit Card
1350,1350,2022-06-16,2022-07-16,1863.3,Paid,Bank Transfer
1351,1351,2022-11-28,2022-12-28,22.33,Overdue,Cash
1352,1352,2022-03-21,2022-04-20,1376.61,Unpaid,Credit Card
1353,1353,2024-05-06,2024-06-05,746.7,Paid,Bank Transfer
1354,1354,2023-07-10,2023-08-09,945.33,Paid,Cash
1355,1355,2022-10-17,2022-11-16,1899.12,Unpaid,Bank Transfer
1356,1356,2024-01-31,2024-03-01,135.27,Paid,Credit Card
1357,1357,2022-10-05,2022-11-04,860.8,Overdue,Cash
1358,1358,2023-01-03,2023-02-02,758.52,Unpaid,Cash
1359,1359,2023-01-20,2023-02-19,771.03,Paid,Cash
1360,1360,2024-08-17,2024-09-16,1825.78,Unpaid,Credit Card
1361,1361,2023-12-08,2024-01-07,1345.99,Paid,Credit Card
1362,1362,2023-09-19,2023-10-19,201.35,Overdue,Credit Card
1363,1363,2023-02-19,2023-03-21,121.46,Unpaid,Credit Card
1364,1364,2023-06-23,2023-07-23,1634.18,Unpaid,Cash
1365,1365,2024-02-24,2024-03-25,1479.08,Paid,Cash
1366,1366,2024-08-27,2024-09-26,369.69,Paid,Credit Card
1367,1367,2022-10-28,2022-11-27,314.22,Paid,Cash
1368,1368,2022-04-17,2022-05-17,957.64,Paid,Cash
1369,1369,2024-10-21,2024-11-20,1371.7,Paid,Credit Card
1370,1370,2023-12-29,2024-01-28,182.18,Paid,Cash
1371,1371,2022-12-07,2023-01-06,1804.42,Unpaid,Bank Transfer
1372,1372,2023-05-29,2023-06-28,1810.84,Overdue,Bank Transfer
1373,1373,2024-01-19,2024-02-18,552.68,Unpaid,Cash
1374,1374,2023-01-27,2023-02-26,1391.78,Paid,Cash
1375,1375,2024-01-10,2024-02-09,475.53,Overdue,Bank Transfer
1376,1376,2024-01-26,2024-02-25,656.16,Unpaid,Cash
1377,1377,2024-09-07,2024-10-07,632.28,Paid,Bank Transfer
1378,1378,2022-03-04,2022-04-03,319.67,Overdue,Cash
1379,1379,2022-08-01,2022-08-31,530.67,Paid,Credit Card
1380,1380,2022-12-29,2023-01-28,576.94,Unpaid,Bank Transfer
1381,1381,2022-05-08,2022-06-07,243.75,Paid,Bank Transfer
1382,1382,2022-02-04,2022-03-06,597.61,Paid,Credit Card
1383,1383,2024-01-21,2024-02-20,1802.9,Paid,Credit Card
1384,1384,2024-10-24,2024-11-23,928.0,Overdue,Credit Card
1385,1385,2023-02-11,2023-03-13,1739.43,Unpaid,Bank Transfer
1386,1386,2023-12-20,2024-01-19,1488.29,Overdue,Bank Transfer
1387,1387,2024-08-06,2024-09-05,771.05,Paid,Cash
1388,1388,2022-02-11,2022-03-13,1358.6,Unpaid,Credit Card
1389,1389,2023-05-21,2023-06-20,1678.22,Paid,Bank Transfer
1390,1390,2022-09-29,2022-10-29,1002.88,Paid,Bank Transfer
1391,1391,2023-10-09,2023-11-08,616.33,Paid,Bank Transfer
1392,1392,2023-06-16,2023-07-16,1051.51,Overdue,Cash
1393,1393,2024-12-07,2025-01-06,794.15,Overdue,Credit Card
1394,1394,2024-02-29,2024-03-30,564.56,Overdue,Cash
1395,1395,2023-08-15,2023-09-14,89.02,Paid,Credit Card
1396,1396,2023-07-05,2023-08-04,1912.89,Paid,Cash
1397,1397,2022-03-06,2022-04-05,813.52,Paid,Cash
1398,1398,2023-10-24,2023-11-23,109.36,Paid,Bank Transfer
1399,1399,2022-08-03,2022-09-02,525.87,Paid,Credit Card
1400,1400,2022-07-25,2022-08-24,1138.58,Overdue,Cash
1401,1401,2022-02-14,2022-03-16,884.72,Paid,Bank Transfer
1402,1402,2024-08-27,2024-09-26,760.29,Paid,Bank Transfer
1403,1403,2024-04-01,2024-05-01,307.81,Unpaid,Cash
1404,1404,2024-05-22,2024-06-21,1190.5,Paid,Credit Card
1405,1405,2023-09-08,2023-10-08,199.25,Paid,Cash
1406,1406,2022-09-24,2022-10-24,1045.79,Paid,Cash
1407,1407,2024-07-28,2024-08-27,515.56,Unpaid,Cash
1408,1408,2022-12-19,2023-01-18,1227.18,Paid,Cash
1409,1409,2023-05-17,2023-06-16,460.3,Paid,Credit Card
1410,1410,2022-11-23,2022-12-23,500.67,Overdue,Bank Transfer
1411,1411,2024-08-25,2024-09-24,253.21,Paid,Credit Card
1412,1412,2023-10-14,2023-11-13,1641.09,Unpaid,Cash
1413,1413,2024-05-19,2024-06-18,1395.0,Paid,Cash
1414,1414,2022-02-25,2022-03-27,1875.25,Overdue,Credit Card
1415,1415,2024-10-23,2024-11-22,1757.62,Paid,Credit Card
1416,1416,2022-10-10,2022-11-09,312.64,Unpaid,Bank Transfer
1417,1417,2024-02-26,2024-03-27,326.63,Overdue,Bank Transfer
1418,1418,2024-09-11,2024-10-11,1332.14,Paid,Credit Card
1419,1419,2022-08-06,2022-09-05,683.19,Paid,Bank Transfer
1420,1420,2024-04-08,2024-05-08,1102.36,Paid,Cash
1421,1421,2024-07-20,2024-08-19,1043.74,Unpaid,Cash
1422,1422,2022-04-22,2022-05-22,1731.64,Overdue,Credit Card
1423,1423,2024-07-11,2024-08-10,1937.4,Paid,Bank Transfer
1424,1424,2024-01-18,2024-02-17,1944.05,Paid,Cash
1425,1425,2022-06-13,2022-07-13,1463.11,Paid,Bank Transfer
1426,1426,2024-11-20,2024-12-20,623.99,Paid,Bank Transfer
1427,1427,2022-03-23,2022-04-22,365.52,Paid,Bank Transfer
1428,1428,2023-06-01,2023-07-01,1917.65,Unpaid,Cash
1429,1429,2023-01-02,2023-02-01,1104.33,Paid,Cash
1430,1430,2022-03-14,2022-04-13,959.39,Paid,Credit Card
1431,1431,2023-05-25,2023-06-24,539.26,Paid,Bank Transfer
1432,1432,2024-06-01,2024-07-01,382.66,Paid,Cash
1433,1433,2024-12-08,2025-01-07,113.89,Paid,Bank Transfer
1434,1434,2022-07-27,2022-08-26,1605.21,Overdue,Credit Card
1435,1435,2022-02-15,2022-03-17,859.17,Unpaid,Cash
1436,1436,2024-06-06,2024-07-06,1840.58,Overdue,Cash
1437,1437,2023-05-15,2023-06-14,1244.95,Overdue,Cash
1438,1438,2023-01-16,2023-02-15,1058.98,Unpaid,Bank Transfer
1439,1439,2023-08-07,2023-09-06,600.52,Paid,Cash
1440,1440,2023-07-17,2023-08-16,530.81,Unpaid,Bank Transfer
1441,1441,2023-04-06,2023-05-06,1933.62,Paid,Bank Transfer
1442,1442,2024-08-01,2024-08-31,28.46,Overdue,Credit Card
1443,1443,2022-01-26,2022-02-25,1449.65,Overdue,Cash
1444,1444,2024-10-18,2024-11-17,1967.77,Unpaid,Credit Card
1445,1445,2022-03-08,2022-04-07,1388.69,Overdue,Bank Transfer
1446,1446,2024-12-20,2025-01-19,380.35,Unpaid,Bank Transfer
1447,1447,2022-03-02,2022-04-01,1333.71,Paid,Cash
1448,1448,2024-04-30,2024-05-30,1171.23,Paid,Bank Transfer
1449,1449,2022-09-27,2022-10-27,1793.71,Overdue,Cash
1450,1450,2022-08-15,2022-09-14,73.89,Paid,Bank Transfer
1451,1451,2023-12-22,2024-01-21,1686.15,Overdue,Bank Transfer
1452,1452,2023-10-13,2023-11-12,1579.5,Unpaid,Cash
1453,1453,2024-08-08,2024-09-07,499.95,Paid,Bank Transfer
1454,1454,2022-01-07,2022-02-06,255.28,Paid,Bank Transfer
1455,1455,2022-07-21,2022-08-20,830.99,Unpaid,Credit Card
1456,1456,2022-03-01,2022-03-31,1416.4,Paid,Credit Card
1457,1457,2024-04-17,2024-05-17,1932.85,Unpaid,Credit Card
1458,1458,2022-07-06,2022-08-05,1321.32,Paid,Cash
1459,1459,2023-01-31,2023-03-02,519.6,Paid,Bank Transfer
1460,1460,2023-02-14,2023-03-16,1936.24,Paid,Bank Transfer
1461,1461,2024-08-02,2024-09-01,89.54,Paid,Bank Transfer
1462,1462,2024-08-02,2024-09-01,1278.62,Paid,Credit Card
1463,1463,2022-11-23,2022-12-23,511.19,Paid,Bank Transfer
1464,1464,2024-04-12,2024-05-12,1921.24,Paid,Cash
1465,1465,2022-09-05,2022-10-05,1436.64,Unpaid,Credit Card
1466,1466,2022-05-03,2022-06-02,1083.05,Paid,Bank Transfer
1467,1467,2024-11-13,2024-12-13,610.54,Paid,Bank Transfer
1468,1468,2022-08-17,2022-09-16,392.34,Paid,Credit Card
1469,1469,2024-09-15,2024-10-15,277.52,Paid,Credit Card
1470,1470,2024-10-03,2024-11-02,1096.34,Paid,Bank Transfer
1471,1471,2024-07-11,2024-08-10,1098.17,Paid,Cash
1472,1472,2023-08-14,2023-09-13,1810.08,Overdue,Credit Card
1473,1473,2022-11-21,2022-12-21,1814.22,Unpaid,Credit Card
1474,1474,2022-11-13,2022-12-13,651.52,Paid,Bank Transfer
1475,1475,2023-04-12,2023-05-12,1252.71,Overdue,Bank Transfer
1476,1476,2024-01-16,2024-02-15,1036.93,Unpaid,Credit Card
1477,1477,2022-12-15,2023-01-14,720.21,Paid,Cash
1478,1478,2024-02-06,2024-03-07,1670.09,Paid,Cash
1479,1479,2024-09-18,2024-10-18,1861.58,Paid,Cash
1480,1480,2023-02-27,2023-03-29,1711.94,Overdue,Credit Card
1481,1481,2024-01-01,2024-01-31,690.41,Paid,Credit Card
1482,1482,2024-12-09,2025-01-08,1831.44,Overdue,Cash
1483,1483,2022-07-22,2022-08-21,1089.78,Unpaid,Cash
1484,1484,2022-06-12,2022-07-12,102.18,Paid,Cash
1485,1485,2023-01-10,2023-02-09,559.57,Overdue,Cash
1486,1486,2023-06-29,2023-07-29,1219.33,Paid,Credit Card
1487,1487,2022-09-29,2022-10-29,1082.98,Paid,Cash
1488,1488,2024-09-04,2024-10-04,1684.58,Paid,Bank Transfer
1489,1489,2022-05-30,2022-06-29,1769.19,Paid,Credit Card
1490,1490,2023-03-17,2023-04-16,108.02,Paid,Cash
1491,1491,2022-08-17,2022-09-16,456.03,Paid,Cash
1492,1492,2022-01-02,2022-02-01,1089.98,Unpaid,Credit Card
1493,1493,2024-09-16,2024-10-16,1589.49,Paid,Credit Card
1494,1494,2023-07-18,2023-08-17,1496.67,Paid,Credit Card
1495,1495,2024-09-25,2024-10-25,1737.57,Unpaid,Cash
1496,1496,2024-06-03,2024-07-03,884.23,Paid,Credit Card
1497,1497,2023-02-01,2023-03-03,1579.54,Unpaid,Cash
1498,1498,2024-12-22,2025-01-21,790.61,Unpaid,Cash
1499,1499,2022-11-13,2022-12-13,1410.8,Paid,Credit Card
1500,1500,2022-11-18,2022-12-18,952.97,Overdue,Bank Transfer
1501,1501,2023-07-06,2023-08-05,1482.79,Paid,Cash
1502,1502,2023-09-20,2023-10-20,501.54,Paid,Cash
1503,1503,2024-05-21,2024-06-20,1988.0,Unpaid,Bank Transfer
1504,1504,2023-12-26,2024-01-25,1130.86,Paid,Bank Transfer
1505,1505,2023-06-09,2023-07-09,1940.5,Paid,Bank Transfer
1506,1506,2023-02-13,2023-03-15,380.35,Overdue,Credit Card
1507,1507,2023-05-13,2023-06-12,1651.28,Paid,Cash
1508,1508,2024-03-09,2024-04-08,1273.92,Paid,Bank Transfer
1509,1509,2022-07-27,2022-08-26,500.58,Unpaid,Credit Card
1510,1510,2023-08-06,2023-09-05,401.9,Paid,Bank Transfer
1511,1511,2024-04-27,2024-05-27,1009.42,Paid,Credit Card
1512,1512,2024-06-16,2024-07-16,524.29,Paid,Bank Transfer
1513,1513,2023-08-20,2023-09-19,1070.87,Overdue,Bank Transfer
1514,1514,2024-01-10,2024-02-09,452.28,Paid,Bank Transfer
1515,1515,2024-01-12,2024-02-11,456.84,Paid,Credit Card
1516,1516,2022-02-17,2022-03-19,1110.49,Unpaid,Credit Card
1517,1517,2022-04-09,2022-05-09,638.1,Paid,Bank Transfer
1518,1518,2024-10-29,2024-11-28,102.68,Paid,Bank Transfer
1519,1519,2022-06-04,2022-07-04,697.52,Paid,Bank Transfer
1520,1520,2024-11-17,2024-12-17,1051.99,Paid,Cash
1521,1521,2024-06-01,2024-07-01,1595.61,Unpaid,Cash
1522,1522,2022-05-30,2022-06-29,96.58,Paid,Credit Card
1523,1523,2024-06-04,2024-07-04,842.83,Overdue,Cash
1524,1524,2022-02-08,2022-03-10,1710.54,Paid,Bank Transfer
1525,1525,2023-10-31,2023-11-30,1581.66,Unpaid,Cash
1526,1526,2022-11-09,2022-12-09,1573.0,Paid,Bank Transfer
1527,1527,2022-03-22,2022-04-21,1741.5,Unpaid,Credit Card
1528,1528,2023-04-17,2023-05-17,1064.73,Paid,Bank Transfer
1529,1529,2023-03-21,2023-04-20,1225.27,Paid,Bank Transfer
1530,1530,2024-02-08,2024-03-09,1039.5,Paid,Cash
1531,1531,2024-07-04,2024-08-03,1348.84,Unpaid,Cash
1532,1532,2022-09-13,2022-10-13,471.96,Paid,Cash
1533,1533,2023-03-06,2023-04-05,373.07,Paid,Cash
1534,1534,2023-03-07,2023-04-06,342.81,Overdue,Cash
1535,1535,2022-02-03,2022-03-05,673.98,Overdue,Bank Transfer
1536,1536,2023-09-27,2023-10-27,1837.68,Unpaid,Credit Card
1537,1537,2024-03-09,2024-04-08,40.92,Unpaid,Credit Card
1538,1538,2023-05-25,2023-06-24,493.52,Overdue,Bank Transfer
1539,1539,2024-08-20,2024-09-19,1881.23,Overdue,Cash
1540,1540,2024-04-29,2024-05-29,1361.43,Paid,Credit Card
1541,1541,2023-01-07,2023-02-06,855.06,Paid,Bank Transfer
1542,1542,2024-04-06,2024-05-06,836.91,Overdue,Cash
1543,1543,2024-08-21,2024-09-20,659.6,Paid,Credit Card
1544,1544,2024-02-12,2024-03-13,274.97,Paid,Credit Card
1545,1545,2023-04-02,2023-05-02,1721.72,Paid,Cash
1546,1546,2024-06-20,2024-07-20,1033.07,Paid,Credit Card
1547,1547,2023-06-11,2023-07-11,1448.25,Overdue,Bank Transfer
1548,1548,2022-07-17,2022-08-16,200.41,Unpaid,Credit Card
1549,1549,2023-03-26,2023-04-25,1097.72,Paid,Bank Transfer
1550,1550,2022-07-14,2022-08-13,860.11,Overdue,Credit Card
1551,1551,2023-09-09,2023-10-09,654.53,Overdue,Credit Card
1552,1552,2023-07-01,2023-07-31,95.62,Paid,Credit Card
1553,1553,2022-03-12,2022-04-11,744.63,Paid,Credit Card
1554,1554,2022-03-11,2022-04-10,924.93,Paid,Bank Transfer
1555,1555,2023-12-06,2024-01-05,819.33,Paid,Credit Card
1556,1556,2023-03-16,2023-04-15,1279.06,Unpaid,Bank Transfer
1557,1557,2024-11-19,2024-12-19,348.09,Unpaid,Credit Card
1558,1558,2024-07-23,2024-08-22,1996.01,Unpaid,Bank Transfer
1559,1559,2024-01-19,2024-02-18,1224.14,Overdue,Bank Transfer
1560,1560,2024-07-25,2024-08-24,936.11,Overdue,Cash
1561,1561,2023-09-21,2023-10-21,1797.99,Paid,Bank Transfer
1562,1562,2024-10-30,2024-11-29,694.44,Paid,Cash
1563,1563,2023-03-31,2023-04-30,1148.68,Paid,Credit Card
1564,1564,2022-11-07,2022-12-07,1784.24,Paid,Cash
1565,1565,2023-04-17,2023-05-17,495.18,Unpaid,Credit Card
1566,1566,2023-04-09,2023-05-09,1135.03,Paid,Bank Transfer
1567,1567,2024-03-31,2024-04-30,247.17,Overdue,Bank Transfer
1568,1568,2022-10-06,2022-11-05,1753.16,Paid,Credit Card
1569,1569,2023-03-04,2023-04-03,1127.12,Overdue,Bank Transfer
1570,1570,2024-09-11,2024-10-11,1885.28,Paid,Credit Card
1571,1571,2023-02-01,2023-03-03,1483.36,Paid,Credit Card
1572,1572,2024-04-02,2024-05-02,1621.83,Paid,Bank Transfer
1573,1573,2022-10-19,2022-11-18,1790.56,Overdue,Cash
1574,1574,2022-07-30,2022-08-29,1953.5,Paid,Credit Card
1575,1575,2024-07-19,2024-08-18,800.83,Paid,Credit Card
1576,1576,2022-03-25,2022-04-24,1749.86,Overdue,Cash
1577,1577,2024-09-24,2024-10-24,1425.34,Paid,Bank Transfer
1578,1578,2024-01-13,2024-02-12,1667.82,Paid,Bank Transfer
1579,1579,2022-08-04,2022-09-03,604.88,Paid,Bank Transfer
1580,1580,2023-11-05,2023-12-05,314.9,Paid,Credit Card
1581,1581,2022-07-27,2022-08-26,1583.19,Paid,Bank Transfer
1582,1582,2023-06-29,2023-07-29,1268.74,Overdue,Bank Transfer
1583,1583,2024-11-28,2024-12-28,937.19,Paid,Cash
1584,1584,2022-08-29,2022-09-28,1466.69,Overdue,Credit Card
1585,1585,2024-03-17,2024-04-16,614.37,Paid,Credit Card
1586,1586,2024-12-06,2025-01-05,1648.62,Paid,Cash
1587,1587,2022-02-22,2022-03-24,1719.32,Paid,Cash
1588,1588,2024-04-24,2024-05-24,1875.64,Paid,Cash
1589,1589,2023-12-06,2024-01-05,1984.19,Paid,Credit Card
1590,1590,2023-06-23,2023-07-23,1478.83,Paid,Cash
1591,1591,2024-04-01,2024-05-01,416.54,Unpaid,Credit Card
1592,1592,2023-04-12,2023-05-12,593.33,Paid,Cash
1593,1593,2023-10-03,2023-11-02,516.02,Paid,Cash
1594,1594,2024-09-21,2024-10-21,195.32,Overdue,Credit Card
1595,1595,2022-12-12,2023-01-11,736.16,Paid,Bank Transfer
1596,1596,2023-08-30,2023-09-29,966.83,Paid,Cash
1597,1597,2022-07-05,2022-08-04,1145.0,Paid,Bank Transfer
1598,1598,2024-12-27,2025-01-26,1851.64,Unpaid,Cash
1599,1599,2023-08-25,2023-09-24,1827.93,Paid,Credit Card
1600,1600,2022-03-25,2022-04-24,1604.94,Paid,Credit Card
1601,1601,2023-04-05,2023-05-05,663.34,Unpaid,Credit Card
1602,1602,2023-08-31,2023-09-30,190.96,Overdue,Credit Card
1603,1603,2023-01-29,2023-02-28,1910.53,Paid,Credit Card
1604,1604,2024-03-03,2024-04-02,1603.83,Paid,Bank Transfer
1605,1605,2024-01-17,2024-02-16,1606.07,Paid,Bank Transfer
1606,1606,2023-05-21,2023-06-20,155.94,Paid,Cash
1607,1607,2023-10-05,2023-11-04,1538.93,Overdue,Bank Transfer
1608,1608,2024-08-10,2024-09-09,1389.97,Unpaid,Bank Transfer
1609,1609,2024-06-12,2024-07-12,1102.79,Paid,Credit Card
1610,1610,2023-12-13,2024-01-12,997.27,Paid,Credit Card
1611,1611,2023-07-20,2023-08-19,249.63,Paid,Credit Card
1612,1612,2022-10-01,2022-10-31,71.32,Paid,Cash
1613,1613,2023-09-16,2023-10-16,190.9,Paid,Cash
1614,1614,2022-10-23,2022-11-22,185.49,Paid,Credit Card
1615,1615,2022-04-19,2022-05-19,202.69,Overdue,Bank Transfer
1616,1616,2024-12-20,2025-01-19,1129.76,Paid,Cash
1617,1617,2023-01-03,2023-02-02,1060.77,Overdue,Credit Card
1618,1618,2022-07-12,2022-08-11,1120.99,Overdue,Cash
1619,1619,2024-02-20,2024-03-21,159.07,Unpaid,Cash
1620,1620,2022-12-30,2023-01-29,836.09,Paid,Credit Card
1621,1621,2023-04-10,2023-05-10,392.75,Overdue,Credit Card
1622,1622,2024-12-08,2025-01-07,1358.68,Overdue,Credit Card
1623,1623,2024-02-04,2024-03-05,1036.01,Paid,Cash
1624,1624,2023-11-01,2023-12-01,449.58,Paid,Bank Transfer
1625,1625,2022-05-23,2022-06-22,1929.17,Paid,Credit Card
1626,1626,2023-12-09,2024-01-08,895.69,Paid,Credit Card
1627,1627,2024-06-21,2024-07-21,1525.54,Unpaid,Bank Transfer
1628,1628,2022-03-21,2022-04-20,126.59,Paid,Cash
1629,1629,2023-01-05,2023-02-04,1762.39,Paid,Bank Transfer
1630,1630,2022-11-14,2022-12-14,188.45,Paid,Cash
1631,1631,2024-07-06,2024-08-05,1104.75,Overdue,Credit Card
1632,1632,2023-05-06,2023-06-05,1244.39,Overdue,Bank Transfer
1633,1633,2024-09-10,2024-10-10,595.31,Paid,Credit Card
1634,1634,2024-12-25,2025-01-24,241.79,Paid,Credit Card
1635,1635,2022-10-05,2022-11-04,65.39,Paid,Bank Transfer
1636,1636,2024-02-12,2024-03-13,1906.32,Paid,Cash
1637,1637,2024-03-07,2024-04-06,748.4,Paid,Bank Transfer
1638,1638,2022-03-27,2022-04-26,171.69,Overdue,Bank Transfer
1639,1639,2023-10-05,2023-11-04,1544.49,Paid,Credit Card
1640,1640,2023-12-22,2024-01-21,1656.23,Unpaid,Bank Transfer
1641,1641,2024-12-09,2025-01-08,706.57,Paid,Bank Transfer
1642,1642,2022-07-22,2022-08-21,1420.82,Unpaid,Credit Card
1643,1643,2024-10-11,2024-11-10,467.67,Unpaid,Cash
1644,1644,2023-02-26,2023-03-28,433.76,Unpaid,Credit Card
1645,1645,2023-04-13,2023-05-13,1673.79,Unpaid,Cash
1646,1646,2023-06-13,2023-07-13,1017.58,Paid,Credit Card
1647,1647,2023-07-13,2023-08-12,1311.6,Paid,Bank Transfer
1648,1648,2023-01-24,2023-02-23,1545.68,Unpaid,Credit Card
1649,1649,2024-07-08,2024-08-07,1909.13,Overdue,Cash
1650,1650,2024-09-27,2024-10-27,770.65,Paid,Credit Card
1651,1651,2024-03-26,2024-04-25,860.56,Unpaid,Credit Card
1652,1652,2022-09-02,2022-10-02,47.06,Overdue,Cash
1653,1653,2024-11-27,2024-12-27,576.25,Overdue,Bank Transfer
1654,1654,2024-03-05,2024-04-04,806.48,Overdue,Credit Card
1655,1655,2024-01-30,2024-02-29,1725.37,Paid,Credit Card
1656,1656,2024-10-28,2024-11-27,452.04,Unpaid,Credit Card
1657,1657,2023-12-01,2023-12-31,77.97,Paid,Cash
1658,1658,2022-11-10,2022-12-10,1368.75,Overdue,Credit Card
1659,1659,2024-06-17,2024-07-17,1567.07,Overdue,Bank Transfer
1660,1660,2022-11-26,2022-12-26,1735.96,Paid,Bank Transfer
1661,1661,2024-12-30,2025-01-29,1318.81,Overdue,Bank Transfer
1662,1662,2022-10-21,2022-11-20,411.84,Paid,Credit Card
1663,1663,2024-03-04,2024-04-03,610.52,Paid,Bank Transfer
1664,1664,2022-06-01,2022-07-01,688.54,Overdue,Bank Transfer
1665,1665,2023-08-02,2023-09-01,600.44,Overdue,Cash
1666,1666,2023-05-28,2023-06-27,1061.74,Paid,Cash
1667,1667,2024-01-08,2024-02-07,1753.04,Paid,Credit Card
1668,1668,2023-06-11,2023-07-11,946.88,Overdue,Cash
1669,1669,2024-07-30,2024-08-29,30.3,Overdue,Bank Transfer
1670,1670,2023-12-24,2024-01-23,389.28,Overdue,Bank Transfer
1671,1671,2024-06-28,2024-07-28,1828.4,Paid,Cash
1672,1672,2024-12-21,2025-01-20,760.19,Paid,Cash
1673,1673,2024-01-15,2024-02-14,563.21,Paid,Credit Card
1674,1674,2023-09-21,2023-10-21,438.91,Paid,Cash
1675,1675,2023-09-08,2023-10-08,1910.53,Paid,Credit Card
1676,1676,2022-11-17,2022-12-17,1840.29,Overdue,Credit Card
1677,1677,2023-02-27,2023-03-29,1561.01,Paid,Bank Transfer
1678,1678,2024-04-03,2024-05-03,1001.31,Overdue,Credit Card
1679,1679,2022-09-25,2022-10-25,1104.65,Unpaid,Credit Card
1680,1680,2022-03-14,2022-04-13,804.83,Overdue,Cash
1681,1681,2022-07-04,2022-08-03,401.17,Paid,Cash
1682,1682,2022-05-16,2022-06-15,53.65,Paid,Cash
1683,1683,2022-12-25,2023-01-24,486.06,Paid,Bank Transfer
1684,1684,2022-11-08,2022-12-08,740.9,Paid,Bank Transfer
1685,1685,2024-08-19,2024-09-18,853.76,Paid,Cash
1686,1686,2024-06-30,2024-07-30,872.84,Unpaid,Cash
1687,1687,2022-12-16,2023-01-15,546.18,Unpaid,Credit Card
1688,1688,2023-01-08,2023-02-07,992.37,Paid,Credit Card
1689,1689,2023-11-27,2023-12-27,96.41,Paid,Credit Card
1690,1690,2024-03-17,2024-04-16,925.59,Paid,Credit Card
1691,1691,2023-10-19,2023-11-18,1158.67,Unpaid,Bank Transfer
1692,1692,2024-10-10,2024-11-09,93.89,Paid,Bank Transfer
1693,1693,2023-06-02,2023-07-02,1036.5,Paid,Cash
1694,1694,2022-12-08,2023-01-07,224.81,Paid,Bank Transfer
1695,1695,2023-11-23,2023-12-23,1602.52,Paid,Bank Transfer
1696,1696,2023-11-13,2023-12-13,372.96,Paid,Cash
1697,1697,2022-02-09,2022-03-11,636.98,Paid,Cash
1698,1698,2023-07-08,2023-08-07,770.9,Paid,Credit Card
1699,1699,2023-12-02,2024-01-01,839.86,Unpaid,Credit Card
1700,1700,2023-07-01,2023-07-31,221.92,Unpaid,Credit Card
1701,1701,2022-08-21,2022-09-20,1722.3,Unpaid,Credit Card
1702,1702,2024-02-04,2024-03-05,196.87,Overdue,Credit Card
1703,1703,2022-01-20,2022-02-19,811.34,Paid,Bank Transfer
1704,1704,2024-08-01,2024-08-31,696.56,Paid,Bank Transfer
1705,1705,2023-02-13,2023-03-15,1943.27,Paid,Credit Card
1706,1706,2023-04-23,2023-05-23,1488.21,Overdue,Credit Card
1707,1707,2023-01-30,2023-03-01,771.95,Paid,Credit Card
1708,1708,2024-08-18,2024-09-17,1009.67,Paid,Bank Transfer
1709,1709,2024-11-05,2024-12-05,1617.77,Paid,Bank Transfer
1710,1710,2023-01-23,2023-02-22,1757.02,Paid,Cash
1711,1711,2023-04-12,2023-05-12,1378.25,Paid,Bank Transfer
1712,1712,2024-11-03,2024-12-03,1698.25,Paid,Cash
1713,1713,2024-12-22,2025-01-21,832.34,Unpaid,Credit Card
1714,1714,2022-05-09,2022-06-08,37.56,Paid,Credit Card
1715,1715,2024-07-02,2024-08-01,203.58,Unpaid,Cash
1716,1716,2024-01-11,2024-02-10,1959.25,Paid,Bank Transfer
1717,1717,2024-09-10,2024-10-10,1555.36,Paid,Cash
1718,1718,2023-01-25,2023-02-24,765.29,Overdue,Bank Transfer
1719,1719,2024-08-03,2024-09-02,1816.05,Paid,Cash
1720,1720,2022-10-18,2022-11-17,215.99,Unpaid,Cash
1721,1721,2022-11-02,2022-12-02,1747.13,Paid,Bank Transfer
1722,1722,2023-01-12,2023-02-11,1599.73,Paid,Cash
1723,1723,2023-02-10,2023-03-12,747.95,Paid,Cash
1724,1724,2023-01-25,2023-02-24,663.19,Unpaid,Credit Card
1725,1725,2022-11-24,2022-12-24,1960.08,Overdue,Credit Card
1726,1726,2024-09-03,2024-10-03,532.1,Overdue,Cash
1727,1727,2024-05-02,2024-06-01,188.37,Paid,Credit Card
1728,1728,2024-05-28,2024-06-27,1096.32,Paid,Credit Card
1729,1729,2024-02-04,2024-03-05,835.49,Paid,Credit Card
1730,1730,2024-01-28,2024-02-27,496.29,Overdue,Cash
1731,1731,2023-10-03,2023-11-02,518.72,Paid,Credit Card
1732,1732,2022-09-18,2022-10-18,1745.78,Unpaid,Bank Transfer
1733,1733,2023-05-01,2023-05-31,87.17,Unpaid,Credit Card
1734,1734,2022-07-15,2022-08-14,1624.73,Overdue,Bank Transfer
1735,1735,2023-06-29,2023-07-29,1430.81,Overdue,Bank Transfer
1736,1736,2024-01-16,2024-02-15,1755.02,Paid,Bank Transfer
1737,1737,2024-09-15,2024-10-15,1626.38,Overdue,Bank Transfer
1738,1738,2023-02-14,2023-03-16,525.06,Overdue,Cash
1739,1739,2023-02-04,2023-03-06,786.65,Overdue,Bank Transfer
1740,1740,2022-01-23,2022-02-22,601.49,Paid,Cash
1741,1741,2024-05-13,2024-06-12,1508.11,Unpaid,Cash
1742,1742,2024-02-22,2024-03-23,1402.36,Paid,Bank Transfer
1743,1743,2023-07-15,2023-08-14,278.25,Paid,Credit Card
1744,1744,2022-09-21,2022-10-21,1010.97,Paid,Credit Card
1745,1745,2024-01-26,2024-02-25,841.51,Paid,Cash
1746,1746,2024-06-08,2024-07-08,1985.79,Paid,Bank Transfer
1747,1747,2023-10-26,2023-11-25,625.95,Overdue,Cash
1748,1748,2022-09-28,2022-10-28,1570.65,Paid,Cash
1749,1749,2023-04-27,2023-05-27,384.57,Paid,Cash
1750,1750,2022-05-23,2022-06-22,252.74,Unpaid,Cash
1751,1751,2024-03-21,2024-04-20,441.46,Paid,Credit Card
1752,1752,2022-08-25,2022-09-24,856.67,Overdue,Cash
1753,1753,2023-04-07,2023-05-07,983.1,Paid,Cash
1754,1754,2022-10-09,2022-11-08,1911.99,Paid,Credit Card
1755,1755,2023-08-17,2023-09-16,199.18,Paid,Bank Transfer
1756,1756,2022-03-24,2022-04-23,1121.25,Paid,Credit Card
1757,1757,2023-12-17,2024-01-16,1372.51,Overdue,Bank Transfer
1758,1758,2022-11-08,2022-12-08,1279.79,Paid,Bank Transfer
1759,1759,2024-02-06,2024-03-07,821.97,Paid,Cash
1760,1760,2023-02-05,2023-03-07,1482.1,Paid,Bank Transfer
1761,1761,2024-07-01,2024-07-31,1750.43,Overdue,Bank Transfer
1762,1762,2022-08-19,2022-09-18,1127.69,Paid,Cash
1763,1763,2023-09-04,2023-10-04,1843.58,Paid,Credit Card
1764,1764,2023-04-16,2023-05-16,1258.52,Paid,Bank Transfer
1765,1765,2023-01-06,2023-02-05,1432.99,Paid,Cash
1766,1766,2024-07-26,2024-08-25,419.95,Paid,Bank Transfer
1767,1767,2023-08-08,2023-09-07,354.58,Overdue,Bank Transfer
1768,1768,2022-04-13,2022-05-13,1431.62,Unpaid,Cash
1769,1769,2022-11-23,2022-12-23,994.05,Overdue,Credit Card
1770,1770,2024-02-03,2024-03-04,1325.9,Paid,Credit Card
1771,1771,2022-09-03,2022-10-03,840.82,Paid,Bank Transfer
1772,1772,2022-03-04,2022-04-03,562.36,Unpaid,Cash
1773,1773,2023-07-14,2023-08-13,955.26,Paid,Bank Transfer
1774,1774,2022-11-10,2022-12-10,1044.95,Paid,Cash
1775,1775,2024-06-04,2024-07-04,1463.32,Paid,Cash
1776,1776,2022-05-10,2022-06-09,1733.3,Unpaid,Credit Card
1777,1777,2022-02-19,2022-03-21,1356.77,Overdue,Cash
1778,1778,2024-06-10,2024-07-10,569.64,Paid,Bank Transfer
1779,1779,2022-07-01,2022-07-31,1460.89,Paid,Credit Card
1780,1780,2024-01-31,2024-03-01,1977.91,Paid,Credit Card
1781,1781,2024-04-02,2024-05-02,615.38,Unpaid,Bank Transfer
1782,1782,2024-10-09,2024-11-08,524.07,Paid,Credit Card
1783,1783,2022-10-09,2022-11-08,1998.73,Overdue,Credit Card
1784,1784,2022-12-03,2023-01-02,139.49,Overdue,Bank Transfer
1785,1785,2022-11-23,2022-12-23,739.22,Paid,Credit Card
1786,1786,2024-05-08,2024-06-07,1468.28,Paid,Bank Transfer
1787,1787,2023-06-06,2023-07-06,441.51,Overdue,Cash
1788,1788,2023-10-29,2023-11-28,1718.8,Paid,Cash
1789,1789,2023-12-21,2024-01-20,385.75,Unpaid,Cash
1790,1790,2024-07-18,2024-08-17,1344.83,Paid,Cash
1791,1791,2024-10-30,2024-11-29,1355.89,Unpaid,Bank Transfer
1792,1792,2024-04-11,2024-05-11,29.37,Unpaid,Cash
1793,1793,2022-03-05,2022-04-04,1129.81,Paid,Cash
1794,1794,2024-07-15,2024-08-14,311.12,Paid,Credit Card
1795,1795,2023-09-07,2023-10-07,681.98,Paid,Credit Card
1796,1796,2024-09-06,2024-10-06,191.36,Overdue,Credit Card
1797,1797,2023-12-21,2024-01-20,1110.19,Paid,Credit Card
1798,1798,2022-07-20,2022-08-19,824.23,Overdue,Cash
1799,1799,2024-10-01,2024-10-31,139.6,Unpaid,Cash
1800,1800,2022-07-08,2022-08-07,823.62,Paid,Credit Card
1801,1801,2023-11-22,2023-12-22,1091.46,Paid,Cash
1802,1802,2024-07-13,2024-08-12,1690.3,Overdue,Credit Card
1803,1803,2022-02-27,2022-03-29,1661.31,Paid,Bank Transfer
1804,1804,2024-03-05,2024-04-04,145.09,Paid,Bank Transfer
1805,1805,2024-11-24,2024-12-24,1520.8,Overdue,Credit Card
1806,1806,2023-11-10,2023-12-10,1950.68,Paid,Credit Card
1807,1807,2024-09-22,2024-10-22,394.05,Unpaid,Credit Card
1808,1808,2022-03-31,2022-04-30,1667.29,Overdue,Credit Card
1809,1809,2023-04-14,2023-05-14,905.1,Paid,Bank Transfer
1810,1810,2022-02-18,2022-03-20,1049.97,Paid,Cash
1811,1811,2024-12-11,2025-01-10,1270.4,Unpaid,Cash
1812,1812,2024-06-12,2024-07-12,1416.0,Unpaid,Cash
1813,1813,2024-01-03,2024-02-02,465.1,Paid,Bank Transfer
1814,1814,2022-11-28,2022-12-28,1605.09,Paid,Cash
1815,1815,2024-02-04,2024-03-05,1928.53,Overdue,Credit Card
1816,1816,2022-08-26,2022-09-25,560.47,Paid,Cash
1817,1817,2024-03-11,2024-04-10,326.01,Unpaid,Bank Transfer
1818,1818,2023-06-29,2023-07-29,1450.62,Overdue,Bank Transfer
1819,1819,2023-05-15,2023-06-14,1733.16,Paid,Cash
1820,1820,2022-07-22,2022-08-21,831.49,Paid,Bank Transfer
1821,1821,2022-05-26,2022-06-25,1600.92,Paid,Bank Transfer
1822,1822,2022-05-20,2022-06-19,802.04,Unpaid,Credit Card
1823,1823,2024-04-26,2024-05-26,865.6,Unpaid,Bank Transfer
1824,1824,2022-03-29,2022-04-28,1360.42,Paid,Cash
1825,1825,2023-04-06,2023-05-06,1029.47,Overdue,Credit Card
1826,1826,2022-11-19,2022-12-19,904.56,Overdue,Bank Transfer
1827,1827,2022-03-05,2022-04-04,1006.86,Overdue,Bank Transfer
1828,1828,2022-03-23,2022-04-22,26.91,Paid,Credit Card
1829,1829,2023-11-01,2023-12-01,628.52,Paid,Credit Card
1830,1830,2022-10-09,2022-11-08,140.8,Unpaid,Credit Card
1831,1831,2022-05-09,2022-06-08,806.46,Paid,Credit Card
1832,1832,2023-04-12,2023-05-12,449.08,Unpaid,Cash
1833,1833,2023-01-28,2023-02-27,1905.03,Paid,Bank Transfer
1834,1834,2023-01-21,2023-02-20,360.22,Paid,Bank Transfer
1835,1835,2024-01-11,2024-02-10,460.91,Paid,Cash
1836,1836,2022-12-22,2023-01-21,1822.83,Paid,Bank Transfer
1837,1837,2023-11-22,2023-12-22,1511.9,Paid,Credit Card
1838,1838,2023-07-09,2023-08-08,1470.23,Paid,Bank Transfer
1839,1839,2023-06-02,2023-07-02,191.35,Overdue,Bank Transfer
1840,1840,2023-01-22,2023-02-21,310.34,Paid,Bank Transfer
1841,1841,2023-07-22,2023-08-21,940.67,Unpaid,Bank Transfer
1842,1842,2024-09-29,2024-10-29,261.9,Paid,Cash
1843,1843,2023-01-06,2023-02-05,1124.8,Unpaid,Cash
1844,1844,2022-05-24,2022-06-23,1158.02,Paid,Credit Card
1845,1845,2024-05-16,2024-06-15,1445.84,Paid,Credit Card
1846,1846,2023-07-22,2023-08-21,810.89,Unpaid,Cash
1847,1847,2023-07-01,2023-07-31,1862.79,Paid,Credit Card
1848,1848,2023-10-11,2023-11-10,995.28,Paid,Credit Card
1849,1849,2022-02-05,2022-03-07,1985.96,Paid,Credit Card
1850,1850,2022-09-13,2022-10-13,1074.92,Paid,Cash
1851,1851,2022-12-06,2023-01-05,812.49,Overdue,Credit Card
1852,1852,2024-06-10,2024-07-10,941.4,Paid,Bank Transfer
1853,1853,2022-06-17,2022-07-17,1354.86,Paid,Bank Transfer
1854,1854,2024-02-18,2024-03-19,1506.81,Paid,Credit Card
1855,1855,2024-12-09,2025-01-08,89.98,Paid,Cash
1856,1856,2024-06-24,2024-07-24,953.64,Paid,Credit Card
1857,1857,2024-02-13,2024-03-14,1095.57,Overdue,Bank Transfer
1858,1858,2023-05-25,2023-06-24,302.3,Paid,Bank Transfer
1859,1859,2023-05-15,2023-06-14,1872.5,Paid,Credit Card
1860,1860,2024-01-07,2024-02-06,1491.27,Paid,Bank Transfer
1861,1861,2022-07-03,2022-08-02,411.08,Paid,Credit Card
1862,1862,2024-09-07,2024-10-07,1371.94,Overdue,Cash
1863,1863,2023-02-05,2023-03-07,436.87,Paid,Bank Transfer
1864,1864,2022-11-22,2022-12-22,809.27,Paid,Credit Card
1865,1865,2023-06-07,2023-07-07,732.89,Unpaid,Cash
1866,1866,2023-01-16,2023-02-15,1259.36,Paid,Bank Transfer
1867,1867,2022-07-08,2022-08-07,940.19,Unpaid,Credit Card
1868,1868,2024-08-21,2024-09-20,1193.03,Paid,Cash
1869,1869,2022-06-07,2022-07-07,1361.51,Unpaid,Bank Transfer
1870,1870,2024-08-05,2024-09-04,1151.31,Unpaid,Cash
1871,1871,2023-05-19,2023-06-18,52.79,Unpaid,Bank Transfer
1872,1872,2022-02-12,2022-03-14,751.67,Paid,Bank Transfer
1873,1873,2022-11-16,2022-12-16,618.85,Paid,Credit Card
1874,1874,2023-07-26,2023-08-25,747.95,Overdue,Credit Card
1875,1875,2022-11-28,2022-12-28,937.86,Paid,Bank Transfer
1876,1876,2024-08-01,2024-08-31,592.94,Paid,Credit Card
1877,1877,2024-04-07,2024-05-07,1432.31,Unpaid,Credit Card
1878,1878,2024-04-09,2024-05-09,1302.43,Overdue,Bank Transfer
1879,1879,2022-03-16,2022-04-15,1054.34,Paid,Cash
1880,1880,2024-04-24,2024-05-24,424.27,Paid,Cash
1881,1881,2022-02-02,2022-03-04,1984.25,Paid,Cash
1882,1882,2022-10-14,2022-11-13,1609.52,Paid,Credit Card
1883,1883,2023-06-02,2023-07-02,1214.4,Overdue,Cash
1884,1884,2024-08-06,2024-09-05,948.12,Overdue,Credit Card
1885,1885,2022-07-27,2022-08-26,1361.88,Paid,Cash
1886,1886,2024-06-06,2024-07-06,757.14,Paid,Credit Card
1887,1887,2022-03-24,2022-04-23,207.31,Overdue,Bank Transfer
1888,1888,2022-12-06,2023-01-05,1519.97,Unpaid,Bank Transfer
1889,1889,2022-02-20,2022-03-22,1599.78,Paid,Cash
1890,1890,2023-11-16,2023-12-16,1376.2,Paid,Credit Card
1891,1891,2024-11-24,2024-12-24,676.61,Unpaid,Bank Transfer
1892,1892,2022-03-16,2022-04-15,880.12,Overdue,Bank Transfer
1893,1893,2024-02-13,2024-03-14,1283.04,Paid,Bank Transfer
1894,1894,2023-02-07,2023-03-09,1299.54,Paid,Bank Transfer
1895,1895,2023-09-13,2023-10-13,998.54,Unpaid,Credit Card
1896,1896,2022-11-07,2022-12-07,1744.25,Overdue,Cash
1897,1897,2022-12-01,2022-12-31,1363.51,Unpaid,Credit Card
1898,1898,2022-12-06,2023-01-05,301.81,Overdue,Bank Transfer
1899,1899,2024-02-02,2024-03-03,1453.83,Paid,Cash
1900,1900,2023-10-31,2023-11-30,21.92,Overdue,Bank Transfer
1901,1901,2023-07-26,2023-08-25,386.69,Paid,Bank Transfer
1902,1902,2023-11-04,2023-12-04,774.64,Paid,Credit Card
1903,1903,2023-09-08,2023-10-08,664.0,Overdue,Bank Transfer
1904,1904,2023-03-25,2023-04-24,499.19,Unpaid,Bank Transfer
1905,1905,2024-04-25,2024-05-25,427.68,Unpaid,Credit Card
1906,1906,2024-09-12,2024-10-12,1201.21,Paid,Cash
1907,1907,2024-08-27,2024-09-26,686.9,Overdue,Bank Transfer
1908,1908,2024-10-04,2024-11-03,34.3,Overdue,Cash
1909,1909,2022-12-04,2023-01-03,708.78,Paid,Bank Transfer
1910,1910,2022-07-26,2022-08-25,737.34,Paid,Credit Card
1911,1911,2024-10-05,2024-11-04,167.48,Paid,Cash
1912,1912,2022-12-30,2023-01-29,991.39,Paid,Credit Card
1913,1913,2024-01-02,2024-02-01,316.24,Paid,Credit Card
1914,1914,2022-03-21,2022-04-20,1331.13,Unpaid,Credit Card
1915,1915,2024-03-11,2024-04-10,772.74,Unpaid,Credit Card
1916,1916,2022-05-27,2022-06-26,1372.13,Paid,Bank Transfer
1917,1917,2022-11-19,2022-12-19,1476.94,Unpaid,Credit Card
1918,1918,2023-11-25,2023-12-25,1445.24,Paid,Credit Card
1919,1919,2023-09-20,2023-10-20,1895.21,Paid,Bank Transfer
1920,1920,2023-04-27,2023-05-27,1837.89,Unpaid,Bank Transfer
1921,1921,2022-11-14,2022-12-14,1137.27,Overdue,Credit Card
1922,1922,2024-07-08,2024-08-07,863.65,Unpaid,Credit Card
1923,1923,2023-05-05,2023-06-04,1597.96,Overdue,Credit Card
1924,1924,2023-09-12,2023-10-12,86.1,Paid,Bank Transfer
1925,1925,2023-12-08,2024-01-07,1106.46,Unpaid,Bank Transfer
1926,1926,2024-10-16,2024-11-15,1445.59,Paid,Cash
1927,1927,2023-11-01,2023-12-01,895.88,Paid,Bank Transfer
1928,1928,2023-01-12,2023-02-11,632.89,Unpaid,Cash
1929,1929,2022-10-31,2022-11-30,1775.4,Paid,Cash
1930,1930,2023-02-19,2023-03-21,948.68,Paid,Cash
1931,1931,2024-02-03,2024-03-04,738.87,Paid,Credit Card
1932,1932,2022-10-30,2022-11-29,979.0,Unpaid,Credit Card
1933,1933,2024-03-11,2024-04-10,1578.05,Overdue,Cash
1934,1934,2022-03-22,2022-04-21,65.95,Paid,Bank Transfer
1935,1935,2022-04-02,2022-05-02,211.52,Unpaid,Bank Transfer
1936,1936,2024-05-04,2024-06-03,1832.28,Paid,Cash
1937,1937,2023-04-02,2023-05-02,1900.18,Paid,Credit Card
1938,1938,2023-06-05,2023-07-05,585.42,Unpaid,Credit Card
1939,1939,2024-07-09,2024-08-08,1437.23,Unpaid,Bank Transfer
1940,1940,2023-07-15,2023-08-14,1923.5,Paid,Bank Transfer
1941,1941,2022-04-15,2022-05-15,1830.05,Paid,Cash
1942,1942,2022-08-26,2022-09-25,1921.59,Paid,Cash
1943,1943,2023-02-15,2023-03-17,892.15,Overdue,Credit Card
1944,1944,2022-02-12,2022-03-14,1493.52,Paid,Credit Card
1945,1945,2023-06-11,2023-07-11,1012.32,Overdue,Credit Card
1946,1946,2023-08-15,2023-09-14,1325.18,Unpaid,Bank Transfer
1947,1947,2022-09-06,2022-10-06,702.65,Paid,Cash
1948,1948,2022-08-21,2022-09-20,398.94,Overdue,Bank Transfer
1949,1949,2022-09-08,2022-10-08,1485.5,Unpaid,Credit Card
1950,1950,2022-07-08,2022-08-07,1194.96,Overdue,Cash
1951,1951,2022-02-07,2022-03-09,488.05,Unpaid,Bank Transfer
1952,1952,2024-12-31,2025-01-30,506.11,Paid,Bank Transfer
1953,1953,2024-03-08,2024-04-07,105.92,Unpaid,Cash
1954,1954,2023-01-25,2023-02-24,651.44,Paid,Cash
1955,1955,2023-04-10,2023-05-10,100.34,Paid,Cash
1956,1956,2023-02-12,2023-03-14,660.27,Paid,Credit Card
1957,1957,2024-02-02,2024-03-03,109.26,Overdue,Cash
1958,1958,2022-06-24,2022-07-24,1191.55,Unpaid,Bank Transfer
1959,1959,2024-08-27,2024-09-26,798.7,Overdue,Cash
1960,1960,2022-03-08,2022-04-07,347.49,Paid,Bank Transfer
1961,1961,2022-08-07,2022-09-06,1553.57,Paid,Bank Transfer
1962,1962,2024-02-17,2024-03-18,517.25,Unpaid,Cash
1963,1963,2024-01-16,2024-02-15,673.35,Paid,Credit Card
1964,1964,2023-08-07,2023-09-06,1644.09,Paid,Bank Transfer
1965,1965,2022-07-25,2022-08-24,83.74,Paid,Cash
1966,1966,2022-09-11,2022-10-11,914.71,Paid,Cash
1967,1967,2023-07-21,2023-08-20,1100.89,Paid,Bank Transfer
1968,1968,2023-09-01,2023-10-01,1738.21,Unpaid,Cash
1969,1969,2022-03-25,2022-04-24,595.66,Unpaid,Credit Card
1970,1970,2022-10-08,2022-11-07,1811.33,Overdue,Credit Card
1971,1971,2024-01-10,2024-02-09,439.64,Unpaid,Bank Transfer
1972,1972,2023-05-23,2023-06-22,893.77,Unpaid,Bank Transfer
1973,1973,2022-08-01,2022-08-31,1474.62,Overdue,Credit Card
1974,1974,2024-11-09,2024-12-09,1321.01,Paid,Bank Transfer
1975,1975,2023-01-20,2023-02-19,180.51,Paid,Credit Card
1976,1976,2024-03-06,2024-04-05,1628.73,Paid,Credit Card
1977,1977,2024-04-22,2024-05-22,1459.51,Unpaid,Cash
1978,1978,2023-06-07,2023-07-07,639.76,Paid,Cash
1979,1979,2023-06-03,2023-07-03,1581.53,Overdue,Cash
1980,1980,2023-05-25,2023-06-24,1853.86,Paid,Cash
1981,1981,2022-05-28,2022-06-27,1134.8,Paid,Credit Card
1982,1982,2023-03-07,2023-04-06,1579.9,Paid,Credit Card
1983,1983,2022-10-23,2022-11-22,641.43,Overdue,Credit Card
1984,1984,2024-02-15,2024-03-16,445.42,Paid,Credit Card
1985,1985,2022-10-26,2022-11-25,1693.28,Unpaid,Cash
1986,1986,2023-07-15,2023-08-14,1435.94,Unpaid,Credit Card
1987,1987,2022-05-03,2022-06-02,218.83,Paid,Cash
1988,1988,2022-10-16,2022-11-15,641.31,Paid,Credit Card
1989,1989,2024-12-20,2025-01-19,351.35,Paid,Bank Transfer
1990,1990,2023-07-19,2023-08-18,402.19,Overdue,Credit Card
1991,1991,2022-10-01,2022-10-31,229.74,Paid,Credit Card
1992,1992,2024-11-09,2024-12-09,385.03,Paid,Bank Transfer
1993,1993,2022-07-22,2022-08-21,1715.18,Paid,Cash
1994,1994,2022-08-08,2022-09-07,203.43,Paid,Cash
1995,1995,2024-12-21,2025-01-20,128.5,Paid,Cash
1996,1996,2023-11-02,2023-12-02,604.5,Overdue,Cash
1997,1997,2022-08-11,2022-09-10,249.55,Unpaid,Cash
1998,1998,2024-04-03,2024-05-03,1573.13,Paid,Credit Card
1999,1999,2023-02-06,2023-03-08,1756.63,Paid,Credit Card
2000,2000,2023-05-09,2023-06-08,1159.66,Overdue,Credit Card
