interaction_id,customer_id,customer_name,touchpoint,mode,interaction_type,product_id,product_name,category,personalized,recommendation_accepted,engagement_seconds,interaction_date,region
INT-000000,CUST-0464,Melissa Williams DDS,Mobile App,Online,Support Chat,PROD-STA-004,Document Folder,Stationery,False,False,130,2024-12-23,Europe
INT-000001,CUST-0468,Daniel Jones,Mobile App,Online,Search,,,,True,True,122,2024-08-23,Asia Pacific
INT-000002,CUST-0420,Nicole Booker,Email,Online,Wishlist Add,,,,False,False,130,2024-05-09,Europe
INT-000003,CUST-0446,Ryan Garcia,Mobile App,Online,Browse,,,,False,False,114,2024-09-06,North America
INT-000004,CUST-0411,Adam Jones,Mobile App,Online,Browse,PROD-STA-003,Sticky Notes,Stationery,False,False,118,2024-08-18,North America
INT-000005,CUST-0420,Nicole Booker,Web,Online,Recommendation Click,PROD-FUR-005,Desk Lamp,Furniture,False,False,106,2024-04-15,Asia Pacific
INT-000006,CUST-0282,Nicole Douglas,Web,Online,Recommendation Click,,,,False,False,122,2024-09-15,Europe
INT-000007,CUST-0513,Christine Watkins,Web,Online,Wishlist Add,,,,False,False,122,2024-07-25,North America
INT-000008,CUST-0589,Rebecca Scott,Web,Online,Browse,PROD-ELE-005,Portable SSD,Electronics,False,False,111,2024-11-09,North America
INT-000009,CUST-0168,Anna Key,Web,Online,Wishlist Add,,,,False,False,117,2024-04-27,Europe
INT-000010,CUST-0100,Jesus Nguyen,Web,Online,Browse,PROD-FUR-001,Monitor Arm,Furniture,False,False,107,2024-02-29,Europe
INT-000011,CUST-0410,Tyler Spencer,Mobile App,Online,Search,PROD-STA-007,Paper Clips Box,Stationery,True,True,127,2024-10-06,North America
INT-000012,CUST-0581,Michael Reeves,Call Center,Offline,Recommendation Click,PROD-ELE-001,Mechanical Keyboard,Electronics,False,False,119,2024-02-05,North America
INT-000013,CUST-0277,Melissa Hester,Web,Online,Add To Cart,,,,False,False,118,2024-11-09,North America
INT-000014,CUST-0454,Jerome Wilson,Mobile App,Online,Wishlist Add,PROD-STA-001,Ballpoint Pen Pack,Stationery,False,False,114,2024-09-05,North America
INT-000015,CUST-0062,Anthony Martinez,Mobile App,Online,Browse,PROD-STA-002,Highlighter Set,Stationery,False,False,119,2024-05-06,Asia Pacific
INT-000016,CUST-0264,Dr. Robert Howard Jr.,Web,Online,Search,PROD-FUR-006,Office Desk,Furniture,False,False,112,2024-07-18,North America
INT-000017,CUST-0312,Traci Flores,Mobile App,Online,Browse,,,,True,False,104,2024-02-13,Asia Pacific
INT-000018,CUST-0168,Anna Key,Store,Offline,Recommendation Click,PROD-STA-006,Stapler,Stationery,True,True,122,2024-12-01,Europe
INT-000019,CUST-0121,Derrick Saunders,Email,Online,Recommendation Click,PROD-FUR-006,Office Desk,Furniture,False,False,112,2024-03-07,North America
INT-000020,CUST-0098,Michael Alexander,Web,Online,Search,,,,False,False,121,2024-01-09,Asia Pacific
INT-000021,CUST-0463,Jesse Martin,Store,Offline,Search,,,,True,False,111,2024-01-25,North America
INT-000022,CUST-0498,Joseph Buchanan,Web,Online,Browse,,,,True,False,120,2024-12-07,Europe
INT-000023,CUST-0008,Sarah Conrad,Web,Online,Browse,PROD-ELE-007,HDMI Cable,Electronics,False,False,123,2024-07-04,Europe
INT-000024,CUST-0495,Amanda Gomez,Email,Online,Recommendation Click,PROD-ELE-003,Bluetooth Headphones,Electronics,False,False,117,2024-02-18,Europe
INT-000025,CUST-0293,Joseph Jones,Store,Offline,Store Visit,,,,True,False,124,2024-09-21,North America
INT-000026,CUST-0084,Tracy Nelson,Mobile App,Online,Store Visit,,,,False,False,119,2024-11-05,Europe
INT-000027,CUST-0010,Grant Olson,Web,Online,Recommendation Click,PROD-STA-000,Notebook A5,Stationery,False,False,134,2024-07-13,Europe
INT-000028,CUST-0068,Michael Medina,Mobile App,Online,Search,,,,False,False,111,2024-08-26,North America
INT-000029,CUST-0528,Chad Frost,Store,Offline,Recommendation Click,PROD-ELE-001,Mechanical Keyboard,Electronics,True,False,114,2024-11-30,North America
INT-000030,CUST-0552,Christine Clark,Web,Online,Browse,PROD-STA-004,Document Folder,Stationery,True,True,96,2024-01-08,North America
INT-000031,CUST-0590,Matthew Johnson,Store,Offline,Search,,,,False,False,93,2024-07-03,North America
INT-000032,CUST-0569,Katherine Nelson,Web,Online,Browse,PROD-STA-001,Ballpoint Pen Pack,Stationery,True,False,103,2024-02-09,Europe
INT-000033,CUST-0031,Kyle Howell,Social Media,Online,Browse,,,,False,False,131,2024-08-17,Asia Pacific
INT-000034,CUST-0385,Jennifer Anderson,Call Center,Offline,Browse,PROD-FUR-007,Side Table,Furniture,False,False,116,2024-11-09,Europe
INT-000035,CUST-0099,Jill Richardson,Web,Online,Browse,PROD-STA-002,Highlighter Set,Stationery,True,False,114,2024-03-07,North America
INT-000036,CUST-0411,Adam Jones,Web,Online,Store Visit,PROD-FUR-002,Ergonomic Chair,Furniture,False,False,133,2024-04-30,Asia Pacific
INT-000037,CUST-0043,James Garner,Email,Online,Add To Cart,,,,True,False,134,2024-04-15,Europe
INT-000038,CUST-0348,David Green,Store,Offline,Browse,,,,True,False,131,2024-01-31,Europe
INT-000039,CUST-0054,Jessica Ramsey,Call Center,Offline,Recommendation Click,PROD-ELE-006,Laptop Stand,Electronics,True,False,108,2024-01-03,Asia Pacific
INT-000040,CUST-0343,Brian Reyes,Mobile App,Online,Add To Cart,,,,False,False,123,2024-11-05,Europe
INT-000041,CUST-0071,Traci Martin,Web,Online,Browse,PROD-FUR-006,Office Desk,Furniture,False,False,115,2024-10-10,Europe
INT-000042,CUST-0319,Erin Suarez,Call Center,Offline,Browse,PROD-ELE-007,HDMI Cable,Electronics,True,False,118,2024-02-16,North America
INT-000043,CUST-0437,Charles Hendricks,Mobile App,Online,Store Visit,PROD-ELE-003,Bluetooth Headphones,Electronics,False,False,105,2024-05-17,Europe
INT-000044,CUST-0019,Mr. Bryan Bailey,Store,Offline,Browse,PROD-FUR-000,Standing Desk Mat,Furniture,False,False,132,2024-12-20,Europe
INT-000045,CUST-0275,Darren Henderson,Mobile App,Online,Search,,,,True,False,135,2024-10-11,Asia Pacific
INT-000046,CUST-0502,Eric Wood,Web,Online,Store Visit,PROD-STA-006,Stapler,Stationery,False,False,106,2024-02-03,Europe
INT-000047,CUST-0545,Alison Andrews,Web,Online,Support Chat,PROD-ELE-000,Wireless Mouse,Electronics,True,False,131,2024-04-15,Europe
INT-000048,CUST-0509,Alison Snyder,Web,Online,Recommendation Click,,,,False,False,132,2024-06-15,Asia Pacific
INT-000049,CUST-0121,Derrick Saunders,Web,Online,Add To Cart,PROD-ELE-002,USB-C Hub,Electronics,True,False,109,2024-11-07,Europe
INT-000050,CUST-0305,Erika Patterson,Store,Offline,Store Visit,PROD-ELE-001,Mechanical Keyboard,Electronics,True,False,127,2024-05-15,Europe
INT-000051,CUST-0055,Keith Brown,Web,Online,Store Visit,,,,False,False,122,2024-03-31,North America
INT-000052,CUST-0567,Shawn Clark,Web,Online,Add To Cart,PROD-STA-002,Highlighter Set,Stationery,True,False,117,2024-12-10,Europe
INT-000053,CUST-0056,Mario Thompson,Web,Online,Browse,PROD-ELE-007,HDMI Cable,Electronics,False,False,124,2024-02-26,North America
INT-000054,CUST-0245,Jacob Walker,Web,Online,Add To Cart,PROD-ELE-007,HDMI Cable,Electronics,False,False,110,2024-06-02,North America
INT-000055,CUST-0352,Gina Griffin,Mobile App,Online,Recommendation Click,PROD-STA-007,Paper Clips Box,Stationery,False,False,121,2024-07-12,Europe
INT-000056,CUST-0375,Brenda Collins,Mobile App,Online,Add To Cart,,,,False,False,120,2024-04-08,Europe
INT-000057,CUST-0479,Jacob Gardner,Web,Online,Recommendation Click,PROD-ELE-001,Mechanical Keyboard,Electronics,False,False,97,2024-01-27,North America
INT-000058,CUST-0039,Pamela Rush,Web,Online,Browse,PROD-FUR-001,Monitor Arm,Furniture,False,False,133,2024-09-16,North America
INT-000059,CUST-0092,Mr. John Jones,Store,Offline,Browse,,,,False,False,129,2024-10-09,North America
INT-000060,CUST-0412,Brett Oliver,Store,Offline,Search,PROD-FUR-000,Standing Desk Mat,Furniture,False,False,108,2024-03-17,Europe
INT-000061,CUST-0120,Brian Peck,Email,Online,Store Visit,,,,True,False,116,2024-11-03,Europe
INT-000062,CUST-0551,Cheryl Hall,Call Center,Offline,Search,PROD-ELE-003,Bluetooth Headphones,Electronics,False,False,94,2024-03-11,North America
INT-000063,CUST-0175,Jeremiah Callahan,Mobile App,Online,Add To Cart,PROD-ELE-006,Laptop Stand,Electronics,False,False,124,2024-03-30,North America
INT-000064,CUST-0434,Jonathon Moore,Store,Offline,Recommendation Click,PROD-STA-000,Notebook A5,Stationery,True,False,119,2024-09-09,North America
INT-000065,CUST-0511,Leslie Wells,Mobile App,Online,Support Chat,,,,True,False,121,2024-01-09,Europe
INT-000066,CUST-0239,Ruth Myers,Email,Online,Wishlist Add,PROD-ELE-007,HDMI Cable,Electronics,True,False,118,2024-03-11,North America
INT-000067,CUST-0102,Jason Hart,Mobile App,Online,Browse,PROD-FUR-000,Standing Desk Mat,Furniture,False,False,124,2024-12-26,North America
INT-000068,CUST-0456,Donald Ellis,Email,Online,Recommendation Click,,,,False,False,104,2024-10-23,Asia Pacific
INT-000069,CUST-0264,Dr. Robert Howard Jr.,Mobile App,Online,Wishlist Add,,,,True,False,128,2024-01-02,Asia Pacific
INT-000070,CUST-0074,Kathryn Thompson,Web,Online,Recommendation Click,,,,False,False,130,2024-03-22,North America
INT-000071,CUST-0333,Theodore Mcdonald,Email,Online,Support Chat,PROD-ELE-001,Mechanical Keyboard,Electronics,True,True,126,2024-05-16,Asia Pacific
INT-000072,CUST-0236,Elizabeth Campbell,Call Center,Offline,Support Chat,PROD-FUR-003,Bookshelf,Furniture,True,False,133,2024-12-14,Europe
INT-000073,CUST-0308,Greg Ramirez,Store,Offline,Browse,,,,False,False,111,2024-07-10,North America
INT-000074,CUST-0208,Tiffany Pearson,Email,Online,Browse,PROD-ELE-002,USB-C Hub,Electronics,False,False,109,2024-04-10,Europe
INT-000075,CUST-0320,Sharon Hensley,Web,Online,Recommendation Click,PROD-FUR-007,Side Table,Furniture,True,True,127,2024-01-23,Asia Pacific
INT-000076,CUST-0235,Kimberly Fleming,Email,Online,Search,PROD-ELE-001,Mechanical Keyboard,Electronics,True,True,118,2024-01-25,North America
INT-000077,CUST-0577,Vanessa Gonzalez,Web,Online,Search,PROD-FUR-002,Ergonomic Chair,Furniture,True,False,111,2024-11-22,Asia Pacific
INT-000078,CUST-0545,Alison Andrews,Mobile App,Online,Recommendation Click,PROD-ELE-000,Wireless Mouse,Electronics,True,False,107,2024-04-19,Europe
INT-000079,CUST-0351,Stacey Newman,Web,Online,Add To Cart,PROD-FUR-002,Ergonomic Chair,Furniture,False,False,130,2024-03-03,Europe
INT-000080,CUST-0337,Christine Lowe,Web,Online,Wishlist Add,PROD-FUR-006,Office Desk,Furniture,True,False,104,2024-06-07,Asia Pacific
INT-000081,CUST-0158,Mr. Gregory Guerra,Web,Online,Browse,PROD-STA-004,Document Folder,Stationery,True,True,116,2024-11-24,North America
INT-000082,CUST-0418,Steven Washington,Web,Online,Search,PROD-ELE-003,Bluetooth Headphones,Electronics,True,False,120,2024-01-01,North America
INT-000083,CUST-0317,Perry Brooks,Mobile App,Online,Recommendation Click,PROD-ELE-006,Laptop Stand,Electronics,True,False,126,2024-09-29,Asia Pacific
INT-000084,CUST-0198,Stephanie Smith,Social Media,Online,Browse,,,,True,True,87,2024-09-15,North America
INT-000085,CUST-0372,John Pruitt,Web,Online,Add To Cart,,,,True,False,124,2024-11-24,Europe
INT-000086,CUST-0463,Jesse Martin,Email,Online,Browse,PROD-FUR-007,Side Table,Furniture,False,False,115,2024-08-08,Asia Pacific
INT-000087,CUST-0177,Bradley Delgado Jr.,Web,Online,Recommendation Click,PROD-ELE-005,Portable SSD,Electronics,True,True,127,2024-04-20,Europe
INT-000088,CUST-0443,Jonathan Johnson,Web,Online,Support Chat,PROD-FUR-002,Ergonomic Chair,Furniture,False,False,108,2024-02-22,Europe
INT-000089,CUST-0332,Alejandro Barker,Social Media,Online,Browse,PROD-FUR-007,Side Table,Furniture,True,False,135,2024-03-01,North America
INT-000090,CUST-0373,Jeffrey Smith,Web,Online,Browse,PROD-STA-000,Notebook A5,Stationery,False,False,111,2024-08-30,Europe
INT-000091,CUST-0315,Christine Martin,Web,Online,Add To Cart,PROD-STA-001,Ballpoint Pen Pack,Stationery,False,False,122,2024-09-19,Europe
INT-000092,CUST-0590,Matthew Johnson,Mobile App,Online,Add To Cart,,,,False,False,117,2024-10-09,North America
INT-000093,CUST-0533,Cheryl Nelson,Mobile App,Online,Wishlist Add,,,,True,True,110,2024-11-18,North America
INT-000094,CUST-0440,Sharon Edwards,Email,Online,Search,,,,False,False,130,2024-06-11,Europe
INT-000095,CUST-0062,Anthony Martinez,Email,Online,Support Chat,PROD-ELE-000,Wireless Mouse,Electronics,False,False,116,2024-03-15,Europe
INT-000096,CUST-0208,Tiffany Pearson,Email,Online,Search,PROD-STA-006,Stapler,Stationery,True,False,141,2024-01-25,North America
INT-000097,CUST-0118,Jeffrey English,Mobile App,Online,Search,PROD-ELE-007,HDMI Cable,Electronics,True,False,111,2024-09-07,North America
INT-000098,CUST-0286,Shannon Barnes,Call Center,Offline,Support Chat,PROD-ELE-004,Webcam 1080p,Electronics,False,False,119,2024-02-16,North America
INT-000099,CUST-0027,Matthew Mccann,Mobile App,Online,Store Visit,PROD-FUR-005,Desk Lamp,Furniture,True,True,100,2024-02-10,Europe
INT-000100,CUST-0489,Allison Lopez,Web,Online,Add To Cart,PROD-FUR-004,Filing Cabinet,Furniture,False,False,108,2024-06-15,North America
INT-000101,CUST-0096,Sherry Torres,Email,Online,Add To Cart,PROD-FUR-004,Filing Cabinet,Furniture,True,False,129,2024-05-15,Europe
INT-000102,CUST-0436,Glenn Lam,Social Media,Online,Browse,PROD-ELE-002,USB-C Hub,Electronics,False,False,108,2024-01-23,Asia Pacific
INT-000103,CUST-0269,Rachael Lowe,Web,Online,Recommendation Click,,,,True,False,111,2024-04-18,Asia Pacific
INT-000104,CUST-0096,Sherry Torres,Social Media,Online,Support Chat,PROD-ELE-006,Laptop Stand,Electronics,False,False,121,2024-06-28,Europe
INT-000105,CUST-0053,Mark Rivera,Web,Online,Browse,,,,True,False,110,2024-06-25,Asia Pacific
INT-000106,CUST-0000,Jordan Martin,Web,Online,Browse,PROD-ELE-007,HDMI Cable,Electronics,False,False,117,2024-08-29,Asia Pacific
INT-000107,CUST-0112,Kayla Barnes,Social Media,Online,Recommendation Click,PROD-FUR-004,Filing Cabinet,Furniture,False,False,115,2024-02-25,Europe
INT-000108,CUST-0032,Elizabeth Santos,Web,Online,Recommendation Click,,,,True,False,118,2024-10-01,Europe
INT-000109,CUST-0526,Christopher Soto,Web,Online,Store Visit,PROD-ELE-001,Mechanical Keyboard,Electronics,True,True,124,2024-02-26,North America
INT-000110,CUST-0553,Dakota Rodriguez,Web,Online,Recommendation Click,PROD-STA-007,Paper Clips Box,Stationery,False,False,145,2024-08-07,North America
INT-000111,CUST-0350,John Phillips,Web,Online,Wishlist Add,PROD-ELE-000,Wireless Mouse,Electronics,False,False,121,2024-03-04,Asia Pacific
INT-000112,CUST-0181,Jacqueline Brooks,Social Media,Online,Search,PROD-FUR-005,Desk Lamp,Furniture,False,False,120,2024-07-24,Europe
INT-000113,CUST-0417,Jennifer Garner,Mobile App,Online,Wishlist Add,PROD-STA-001,Ballpoint Pen Pack,Stationery,True,True,125,2024-09-25,North America
INT-000114,CUST-0397,Julie Fritz,Web,Online,Search,,,,False,False,111,2024-03-04,North America
INT-000115,CUST-0077,Jay Brown,Web,Online,Browse,PROD-FUR-005,Desk Lamp,Furniture,True,False,123,2024-11-29,North America
INT-000116,CUST-0311,Victoria Marshall DVM,Store,Offline,Search,PROD-STA-001,Ballpoint Pen Pack,Stationery,True,False,135,2024-05-12,Asia Pacific
INT-000117,CUST-0266,Megan Ward,Social Media,Online,Support Chat,PROD-FUR-000,Standing Desk Mat,Furniture,False,False,115,2024-06-28,North America
INT-000118,CUST-0561,Stephen Walker,Email,Online,Support Chat,,,,False,False,129,2024-12-24,Asia Pacific
INT-000119,CUST-0380,Eric Russell,Mobile App,Online,Browse,PROD-ELE-006,Laptop Stand,Electronics,False,False,117,2024-08-28,Europe
INT-000120,CUST-0489,Allison Lopez,Email,Online,Browse,PROD-STA-002,Highlighter Set,Stationery,False,False,106,2024-10-18,North America
INT-000121,CUST-0171,Brian Hanson,Web,Online,Search,PROD-ELE-004,Webcam 1080p,Electronics,True,False,100,2024-08-03,Asia Pacific
INT-000122,CUST-0474,Katie Lee,Web,Online,Support Chat,PROD-FUR-001,Monitor Arm,Furniture,True,False,122,2024-10-31,Europe
INT-000123,CUST-0014,Michael Klein,Store,Offline,Wishlist Add,PROD-FUR-007,Side Table,Furniture,True,False,119,2024-03-17,Asia Pacific
INT-000124,CUST-0030,Ashley Hernandez PhD,Store,Offline,Search,,,,False,False,117,2024-03-27,Europe
INT-000125,CUST-0449,Taylor Moss,Email,Online,Search,PROD-STA-005,Whiteboard Marker,Stationery,True,True,121,2024-11-17,Asia Pacific
INT-000126,CUST-0510,Mark Anderson,Web,Online,Browse,PROD-FUR-002,Ergonomic Chair,Furniture,False,False,132,2024-01-10,North America
INT-000127,CUST-0088,Alex Coleman,Email,Online,Recommendation Click,,,,True,False,128,2024-04-29,Europe
INT-000128,CUST-0451,Taylor Adams,Mobile App,Online,Recommendation Click,PROD-STA-001,Ballpoint Pen Pack,Stationery,True,False,105,2024-03-21,North America
INT-000129,CUST-0036,Roger Bennett,Web,Online,Browse,,,,True,False,118,2024-05-25,Asia Pacific
INT-000130,CUST-0272,Amanda Foster,Email,Online,Store Visit,PROD-ELE-004,Webcam 1080p,Electronics,False,False,113,2024-01-03,Asia Pacific
INT-000131,CUST-0339,Melinda Smith,Mobile App,Online,Recommendation Click,PROD-STA-004,Document Folder,Stationery,False,False,119,2024-01-19,Europe
INT-000132,CUST-0209,Sharon Williams,Mobile App,Online,Recommendation Click,PROD-STA-005,Whiteboard Marker,Stationery,True,False,114,2024-08-22,Asia Pacific
INT-000133,CUST-0405,Dana Rice,Web,Online,Browse,,,,False,False,108,2024-02-04,North America
INT-000134,CUST-0281,Lisa Barry,Mobile App,Online,Store Visit,PROD-STA-003,Sticky Notes,Stationery,True,False,110,2024-08-02,North America
INT-000135,CUST-0046,Glenn Adkins,Web,Online,Search,,,,True,False,97,2024-02-19,North America
INT-000136,CUST-0480,Michelle Robinson,Web,Online,Add To Cart,,,,True,True,105,2024-11-21,North America
INT-000137,CUST-0062,Anthony Martinez,Web,Online,Support Chat,PROD-FUR-003,Bookshelf,Furniture,False,False,93,2024-01-23,Europe
INT-000138,CUST-0194,Michael Barry,Social Media,Online,Add To Cart,PROD-FUR-003,Bookshelf,Furniture,False,False,120,2024-12-24,Asia Pacific
INT-000139,CUST-0282,Nicole Douglas,Mobile App,Online,Search,PROD-ELE-003,Bluetooth Headphones,Electronics,True,True,134,2024-07-30,Europe
INT-000140,CUST-0215,Stacy Thompson,Mobile App,Online,Search,,,,False,False,116,2024-04-09,Europe
INT-000141,CUST-0270,Rachel Weiss,Mobile App,Online,Search,PROD-STA-000,Notebook A5,Stationery,True,False,103,2024-04-27,Europe
INT-000142,CUST-0468,Daniel Jones,Store,Offline,Search,,,,True,False,140,2024-07-24,North America
INT-000143,CUST-0508,Brandon Pierce,Store,Offline,Browse,,,,False,False,126,2024-05-23,Asia Pacific
INT-000144,CUST-0143,Kathleen Garcia,Web,Online,Recommendation Click,PROD-STA-003,Sticky Notes,Stationery,True,False,114,2024-12-27,Asia Pacific
INT-000145,CUST-0223,Lisa Bowen,Mobile App,Online,Browse,,,,False,False,121,2024-01-29,North America
INT-000146,CUST-0578,Keith Carey,Email,Online,Browse,,,,True,True,131,2024-03-30,Europe
INT-000147,CUST-0338,Victor Thomas,Social Media,Online,Add To Cart,PROD-ELE-003,Bluetooth Headphones,Electronics,True,False,132,2024-06-01,North America
INT-000148,CUST-0564,Lisa Smith,Web,Online,Support Chat,PROD-STA-004,Document Folder,Stationery,False,False,108,2024-02-11,North America
INT-000149,CUST-0226,Margaret Robinson,Store,Offline,Browse,PROD-FUR-006,Office Desk,Furniture,True,True,115,2024-03-19,North America
INT-000150,CUST-0248,Jason Gilbert,Social Media,Online,Search,PROD-FUR-007,Side Table,Furniture,False,False,134,2024-05-11,Asia Pacific
INT-000151,CUST-0257,Anthony Atkins,Mobile App,Online,Browse,,,,False,False,113,2024-05-22,Europe
INT-000152,CUST-0027,Matthew Mccann,Social Media,Online,Recommendation Click,PROD-ELE-000,Wireless Mouse,Electronics,True,False,138,2024-11-01,North America
INT-000153,CUST-0103,Tina Fields,Mobile App,Online,Search,PROD-FUR-007,Side Table,Furniture,True,True,150,2024-09-03,North America
INT-000154,CUST-0520,Shawn Gardner,Store,Offline,Recommendation Click,,,,False,False,105,2024-04-19,Asia Pacific
INT-000155,CUST-0327,Jenny Juarez,Mobile App,Online,Support Chat,,,,False,False,119,2024-04-12,Asia Pacific
INT-000156,CUST-0216,Brent Stokes,Mobile App,Online,Browse,,,,True,False,124,2024-04-25,North America
INT-000157,CUST-0094,Alexander Odom,Web,Online,Store Visit,PROD-STA-007,Paper Clips Box,Stationery,False,False,111,2024-12-08,North America
INT-000158,CUST-0089,James Rhodes,Web,Online,Browse,,,,False,False,124,2024-07-27,North America
INT-000159,CUST-0374,Mr. Corey Miller,Email,Online,Add To Cart,PROD-FUR-006,Office Desk,Furniture,True,True,118,2024-11-06,Asia Pacific
INT-000160,CUST-0226,Margaret Robinson,Call Center,Offline,Add To Cart,PROD-ELE-004,Webcam 1080p,Electronics,False,False,118,2024-08-27,North America
INT-000161,CUST-0457,Jose Fernandez,Store,Offline,Browse,PROD-ELE-004,Webcam 1080p,Electronics,False,False,121,2024-12-08,Asia Pacific
INT-000162,CUST-0262,William Smith,Social Media,Online,Search,PROD-FUR-007,Side Table,Furniture,False,False,111,2024-01-25,North America
INT-000163,CUST-0296,Mrs. Sandra White,Web,Online,Store Visit,PROD-FUR-005,Desk Lamp,Furniture,True,False,125,2024-11-26,North America
INT-000164,CUST-0256,Janet Morales,Store,Offline,Support Chat,PROD-STA-002,Highlighter Set,Stationery,False,False,148,2024-08-30,Europe
INT-000165,CUST-0027,Matthew Mccann,Mobile App,Online,Recommendation Click,PROD-FUR-001,Monitor Arm,Furniture,True,False,106,2024-05-16,Europe
INT-000166,CUST-0376,Dennis Martinez,Store,Offline,Support Chat,PROD-ELE-002,USB-C Hub,Electronics,True,True,113,2024-12-15,North America
INT-000167,CUST-0501,Janice Burns,Email,Online,Recommendation Click,PROD-ELE-004,Webcam 1080p,Electronics,False,False,107,2024-03-31,Europe
INT-000168,CUST-0184,Jessica Smith,Web,Online,Add To Cart,PROD-STA-002,Highlighter Set,Stationery,False,False,128,2024-06-25,Europe
INT-000169,CUST-0203,Andrew Arnold,Mobile App,Online,Recommendation Click,PROD-STA-000,Notebook A5,Stationery,False,False,116,2024-11-29,North America
INT-000170,CUST-0451,Taylor Adams,Web,Online,Browse,PROD-FUR-000,Standing Desk Mat,Furniture,True,True,120,2024-04-20,North America
INT-000171,CUST-0264,Dr. Robert Howard Jr.,Email,Online,Store Visit,,,,False,False,119,2024-11-21,Europe
INT-000172,CUST-0295,Lori Griffin,Web,Online,Search,PROD-STA-001,Ballpoint Pen Pack,Stationery,False,False,132,2024-09-17,North America
INT-000173,CUST-0135,Taylor Santos,Call Center,Offline,Recommendation Click,,,,False,False,114,2024-10-01,Asia Pacific
INT-000174,CUST-0160,Nathan Walker,Store,Offline,Store Visit,PROD-STA-006,Stapler,Stationery,True,True,117,2024-04-18,North America
INT-000175,CUST-0135,Taylor Santos,Store,Offline,Browse,PROD-FUR-003,Bookshelf,Furniture,False,False,106,2024-12-31,North America
INT-000176,CUST-0488,Scott Garza,Web,Online,Browse,PROD-ELE-000,Wireless Mouse,Electronics,True,True,129,2024-06-06,Asia Pacific
INT-000177,CUST-0405,Dana Rice,Mobile App,Online,Recommendation Click,PROD-ELE-000,Wireless Mouse,Electronics,False,False,91,2024-11-24,North America
INT-000178,CUST-0311,Victoria Marshall DVM,Email,Online,Browse,,,,True,True,109,2024-06-08,North America
INT-000179,CUST-0287,Tracy Waters,Email,Online,Wishlist Add,,,,True,False,139,2024-12-29,Europe
INT-000180,CUST-0437,Charles Hendricks,Call Center,Offline,Browse,PROD-ELE-004,Webcam 1080p,Electronics,False,False,113,2024-03-08,North America
INT-000181,CUST-0360,Christine Martinez,Email,Online,Recommendation Click,PROD-ELE-006,Laptop Stand,Electronics,True,False,117,2024-05-27,North America
INT-000182,CUST-0508,Brandon Pierce,Mobile App,Online,Browse,PROD-STA-002,Highlighter Set,Stationery,True,False,133,2024-10-13,North America
INT-000183,CUST-0324,Amy Giles,Web,Online,Browse,PROD-ELE-007,HDMI Cable,Electronics,False,False,106,2024-02-28,Asia Pacific
INT-000184,CUST-0563,Jonathan Mata,Store,Offline,Search,PROD-FUR-007,Side Table,Furniture,False,False,128,2024-09-29,Asia Pacific
INT-000185,CUST-0403,Joy Carter,Web,Online,Browse,PROD-STA-004,Document Folder,Stationery,True,False,138,2024-10-10,Europe
INT-000186,CUST-0441,Desiree Phillips,Store,Offline,Add To Cart,,,,False,False,127,2024-02-27,North America
INT-000187,CUST-0590,Matthew Johnson,Mobile App,Online,Wishlist Add,,,,True,False,135,2024-07-08,North America
INT-000188,CUST-0472,John Stevenson,Mobile App,Online,Store Visit,PROD-ELE-005,Portable SSD,Electronics,True,False,125,2024-10-08,Asia Pacific
INT-000189,CUST-0192,Shannon Sanchez,Web,Online,Browse,PROD-STA-005,Whiteboard Marker,Stationery,True,False,134,2024-11-03,Europe
INT-000190,CUST-0237,Alexandra Foster,Social Media,Online,Browse,PROD-STA-004,Document Folder,Stationery,False,False,135,2024-11-13,Europe
INT-000191,CUST-0477,Anthony Rodriguez,Mobile App,Online,Recommendation Click,PROD-ELE-005,Portable SSD,Electronics,False,False,127,2024-05-15,North America
INT-000192,CUST-0446,Ryan Garcia,Mobile App,Online,Search,PROD-ELE-007,HDMI Cable,Electronics,False,False,131,2024-03-14,North America
INT-000193,CUST-0101,Walter Stone,Mobile App,Online,Browse,,,,True,True,110,2024-11-26,Asia Pacific
INT-000194,CUST-0052,Brian Fuentes,Web,Online,Browse,PROD-ELE-001,Mechanical Keyboard,Electronics,False,False,122,2024-01-14,Asia Pacific
INT-000195,CUST-0378,Julia Oneill,Email,Online,Wishlist Add,,,,True,False,119,2024-06-02,Europe
INT-000196,CUST-0477,Anthony Rodriguez,Web,Online,Browse,,,,True,False,133,2024-11-18,North America
INT-000197,CUST-0459,Claudia Doyle,Web,Online,Browse,,,,True,False,113,2024-04-14,Europe
INT-000198,CUST-0373,Jeffrey Smith,Store,Offline,Wishlist Add,PROD-STA-006,Stapler,Stationery,False,False,100,2024-09-03,North America
INT-000199,CUST-0198,Stephanie Smith,Mobile App,Online,Browse,,,,True,False,121,2024-06-10,North America
INT-000200,CUST-0432,Patricia Barnett,Mobile App,Online,Search,PROD-FUR-006,Office Desk,Furniture,False,False,123,2024-02-13,Europe
INT-000201,CUST-0043,James Garner,Mobile App,Online,Search,PROD-STA-005,Whiteboard Marker,Stationery,False,False,118,2024-06-20,Asia Pacific
INT-000202,CUST-0387,Virginia Johnson,Web,Online,Browse,,,,False,False,108,2024-06-07,North America
INT-000203,CUST-0173,Steven Orr,Web,Online,Wishlist Add,PROD-FUR-002,Ergonomic Chair,Furniture,False,False,120,2024-06-29,North America
INT-000204,CUST-0509,Alison Snyder,Social Media,Online,Browse,PROD-FUR-000,Standing Desk Mat,Furniture,False,False,121,2024-04-06,North America
INT-000205,CUST-0227,Jeffery Hatfield,Email,Online,Store Visit,,,,True,False,137,2024-07-12,North America
INT-000206,CUST-0048,Russell Williams,Web,Online,Search,PROD-STA-005,Whiteboard Marker,Stationery,False,False,117,2024-10-22,Europe
INT-000207,CUST-0200,Laura Parsons,Web,Online,Browse,,,,True,True,129,2024-03-05,North America
INT-000208,CUST-0012,David Young,Web,Online,Browse,PROD-FUR-000,Standing Desk Mat,Furniture,True,False,107,2024-01-24,Europe
INT-000209,CUST-0271,Mrs. Angela Moore,Mobile App,Online,Search,,,,True,True,137,2024-10-20,North America
INT-000210,CUST-0084,Tracy Nelson,Web,Online,Browse,PROD-FUR-001,Monitor Arm,Furniture,False,False,120,2024-12-03,Europe
INT-000211,CUST-0286,Shannon Barnes,Mobile App,Online,Browse,PROD-STA-003,Sticky Notes,Stationery,True,False,125,2024-09-17,North America
INT-000212,CUST-0027,Matthew Mccann,Call Center,Offline,Recommendation Click,PROD-ELE-002,USB-C Hub,Electronics,False,False,111,2024-11-12,Europe
INT-000213,CUST-0134,Gail Horton,Mobile App,Online,Search,,,,False,False,145,2024-11-15,North America
INT-000214,CUST-0457,Jose Fernandez,Social Media,Online,Support Chat,PROD-FUR-002,Ergonomic Chair,Furniture,False,False,124,2024-01-29,Asia Pacific
INT-000215,CUST-0397,Julie Fritz,Mobile App,Online,Add To Cart,PROD-FUR-001,Monitor Arm,Furniture,False,False,133,2024-09-21,North America
INT-000216,CUST-0305,Erika Patterson,Web,Online,Store Visit,PROD-FUR-007,Side Table,Furniture,True,False,143,2024-03-04,Europe
INT-000217,CUST-0119,Joseph Fox,Web,Online,Support Chat,PROD-FUR-004,Filing Cabinet,Furniture,False,False,140,2024-02-04,North America
INT-000218,CUST-0415,Rodney Lambert,Social Media,Online,Browse,PROD-FUR-004,Filing Cabinet,Furniture,True,False,129,2024-05-04,North America
INT-000219,CUST-0190,Walter Chavez,Web,Online,Recommendation Click,PROD-FUR-004,Filing Cabinet,Furniture,False,False,125,2024-05-09,Europe
INT-000220,CUST-0531,Kevin Small,Mobile App,Online,Browse,PROD-ELE-003,Bluetooth Headphones,Electronics,True,True,118,2024-01-18,North America
INT-000221,CUST-0411,Adam Jones,Mobile App,Online,Browse,PROD-STA-006,Stapler,Stationery,False,False,104,2024-06-14,North America
INT-000222,CUST-0148,Brian Landry,Mobile App,Online,Search,PROD-FUR-004,Filing Cabinet,Furniture,False,False,115,2024-07-13,Asia Pacific
INT-000223,CUST-0194,Michael Barry,Web,Online,Recommendation Click,PROD-ELE-000,Wireless Mouse,Electronics,False,False,113,2024-07-02,Asia Pacific
INT-000224,CUST-0379,Frederick Jones,Social Media,Online,Store Visit,PROD-FUR-007,Side Table,Furniture,True,False,118,2024-07-19,North America
INT-000225,CUST-0174,Mckenzie Miller,Web,Online,Search,PROD-STA-003,Sticky Notes,Stationery,True,False,112,2024-01-17,Asia Pacific
INT-000226,CUST-0054,Jessica Ramsey,Mobile App,Online,Store Visit,,,,True,False,134,2024-02-17,Europe
INT-000227,CUST-0167,Julia Armstrong,Email,Online,Search,,,,True,False,109,2024-06-18,Europe
INT-000228,CUST-0108,Danielle Johnson,Store,Offline,Browse,PROD-ELE-007,HDMI Cable,Electronics,False,False,115,2024-09-19,North America
INT-000229,CUST-0257,Anthony Atkins,Mobile App,Online,Browse,PROD-STA-000,Notebook A5,Stationery,False,False,105,2024-09-05,Asia Pacific
INT-000230,CUST-0448,Bobby Blackwell,Web,Online,Recommendation Click,PROD-ELE-003,Bluetooth Headphones,Electronics,False,False,108,2024-09-16,Asia Pacific
INT-000231,CUST-0208,Tiffany Pearson,Mobile App,Online,Browse,,,,True,True,104,2024-01-06,Europe
INT-000232,CUST-0163,Robert Martin,Web,Online,Browse,PROD-ELE-004,Webcam 1080p,Electronics,True,False,114,2024-08-09,North America
INT-000233,CUST-0015,Shawn Knight,Web,Online,Recommendation Click,,,,False,False,121,2024-01-13,Asia Pacific
INT-000234,CUST-0464,Melissa Williams DDS,Call Center,Offline,Recommendation Click,PROD-ELE-002,USB-C Hub,Electronics,False,False,114,2024-10-07,Asia Pacific
INT-000235,CUST-0021,Nathan Tucker,Web,Online,Store Visit,PROD-ELE-002,USB-C Hub,Electronics,True,False,130,2024-07-09,Europe
INT-000236,CUST-0514,Amanda White,Web,Online,Browse,PROD-STA-007,Paper Clips Box,Stationery,True,False,118,2024-06-13,North America
INT-000237,CUST-0454,Jerome Wilson,Web,Online,Support Chat,PROD-ELE-007,HDMI Cable,Electronics,True,True,120,2024-10-07,North America
INT-000238,CUST-0211,Mary Day,Mobile App,Online,Search,PROD-FUR-000,Standing Desk Mat,Furniture,False,False,106,2024-12-20,Asia Pacific
INT-000239,CUST-0189,Nicole Garrett,Web,Online,Recommendation Click,,,,True,False,127,2024-04-06,Europe
INT-000240,CUST-0305,Erika Patterson,Mobile App,Online,Recommendation Click,PROD-STA-004,Document Folder,Stationery,False,False,105,2024-04-05,North America
INT-000241,CUST-0536,Kara Lyons,Web,Online,Search,,,,True,True,119,2024-04-04,Europe
INT-000242,CUST-0289,James Weaver,Social Media,Online,Browse,,,,False,False,114,2024-09-06,North America
INT-000243,CUST-0271,Mrs. Angela Moore,Mobile App,Online,Browse,PROD-STA-003,Sticky Notes,Stationery,True,True,125,2024-09-15,Asia Pacific
INT-000244,CUST-0533,Cheryl Nelson,Store,Offline,Browse,,,,True,False,116,2024-09-30,Asia Pacific
INT-000245,CUST-0326,Robert Brown,Web,Online,Browse,PROD-ELE-006,Laptop Stand,Electronics,True,True,124,2024-03-30,North America
INT-000246,CUST-0207,Shannon Flores,Mobile App,Online,Recommendation Click,PROD-ELE-006,Laptop Stand,Electronics,False,False,138,2024-12-19,North America
INT-000247,CUST-0323,Rachel Smith,Web,Online,Search,PROD-FUR-007,Side Table,Furniture,True,False,105,2024-01-11,Europe
INT-000248,CUST-0304,Rebecca Gilbert,Store,Offline,Support Chat,PROD-STA-002,Highlighter Set,Stationery,False,False,134,2024-10-03,Europe
INT-000249,CUST-0450,Jacob Barber,Mobile App,Online,Browse,PROD-STA-007,Paper Clips Box,Stationery,True,False,127,2024-09-10,Asia Pacific
INT-000250,CUST-0056,Mario Thompson,Email,Online,Recommendation Click,PROD-ELE-004,Webcam 1080p,Electronics,False,False,123,2024-12-21,North America
INT-000251,CUST-0370,Frank Young,Web,Online,Browse,PROD-ELE-001,Mechanical Keyboard,Electronics,False,False,144,2024-03-18,Europe
INT-000252,CUST-0282,Nicole Douglas,Mobile App,Online,Search,PROD-STA-005,Whiteboard Marker,Stationery,False,False,101,2024-06-06,North America
INT-000253,CUST-0164,Edward Cline,Web,Online,Search,,,,False,False,139,2024-03-04,North America
INT-000254,CUST-0175,Jeremiah Callahan,Web,Online,Search,,,,True,True,122,2024-04-06,North America
INT-000255,CUST-0184,Jessica Smith,Mobile App,Online,Search,PROD-ELE-003,Bluetooth Headphones,Electronics,False,False,134,2024-07-22,Asia Pacific
INT-000256,CUST-0340,Tara Harris,Web,Online,Browse,,,,True,False,132,2024-04-20,North America
INT-000257,CUST-0014,Michael Klein,Web,Online,Support Chat,PROD-FUR-002,Ergonomic Chair,Furniture,False,False,120,2024-06-05,North America
INT-000258,CUST-0567,Shawn Clark,Social Media,Online,Browse,PROD-ELE-001,Mechanical Keyboard,Electronics,False,False,125,2024-10-06,Asia Pacific
INT-000259,CUST-0157,Deborah Rodriguez,Mobile App,Online,Search,PROD-STA-002,Highlighter Set,Stationery,True,True,116,2024-04-29,Europe
INT-000260,CUST-0271,Mrs. Angela Moore,Email,Online,Add To Cart,,,,True,True,100,2024-09-10,North America
INT-000261,CUST-0183,Ryan Lopez,Call Center,Offline,Search,,,,True,True,105,2024-08-05,North America
INT-000262,CUST-0280,Erik Duncan,Mobile App,Online,Recommendation Click,,,,True,False,113,2024-11-22,Europe
INT-000263,CUST-0299,Jeffrey Harrison,Social Media,Online,Wishlist Add,PROD-STA-002,Highlighter Set,Stationery,False,False,104,2024-12-23,Asia Pacific
INT-000264,CUST-0316,Jessica Wilson,Web,Online,Store Visit,PROD-FUR-002,Ergonomic Chair,Furniture,True,False,127,2024-10-07,North America
INT-000265,CUST-0035,Emily Moody,Store,Offline,Wishlist Add,,,,False,False,114,2024-10-30,Europe
INT-000266,CUST-0247,Pamela Campbell,Social Media,Online,Add To Cart,,,,False,False,107,2024-06-08,Europe
INT-000267,CUST-0034,Julia Olson,Mobile App,Online,Search,PROD-ELE-001,Mechanical Keyboard,Electronics,False,False,123,2024-08-15,Europe
INT-000268,CUST-0432,Patricia Barnett,Store,Offline,Recommendation Click,PROD-ELE-000,Wireless Mouse,Electronics,True,True,121,2024-08-09,Europe
INT-000269,CUST-0109,Patricia Woods,Store,Offline,Browse,,,,False,False,123,2024-03-22,Europe
INT-000270,CUST-0021,Nathan Tucker,Web,Online,Search,PROD-FUR-001,Monitor Arm,Furniture,True,True,106,2024-02-28,Asia Pacific
INT-000271,CUST-0224,Anthony Johnson,Social Media,Online,Add To Cart,PROD-ELE-005,Portable SSD,Electronics,False,False,116,2024-05-03,North America
INT-000272,CUST-0540,Michael Hill,Email,Online,Browse,PROD-FUR-007,Side Table,Furniture,True,False,135,2024-12-28,Europe
INT-000273,CUST-0331,Matthew Johnston,Web,Online,Recommendation Click,PROD-STA-007,Paper Clips Box,Stationery,False,False,132,2024-09-06,North America
INT-000274,CUST-0033,Vicki Howard,Web,Online,Store Visit,PROD-STA-004,Document Folder,Stationery,False,False,117,2024-04-03,Asia Pacific
INT-000275,CUST-0058,Patricia Francis,Web,Online,Recommendation Click,PROD-FUR-005,Desk Lamp,Furniture,True,True,122,2024-07-19,North America
INT-000276,CUST-0577,Vanessa Gonzalez,Store,Offline,Support Chat,,,,False,False,124,2024-11-30,North America
INT-000277,CUST-0021,Nathan Tucker,Store,Offline,Wishlist Add,PROD-FUR-006,Office Desk,Furniture,False,False,116,2024-10-22,North America
INT-000278,CUST-0305,Erika Patterson,Mobile App,Online,Search,PROD-ELE-003,Bluetooth Headphones,Electronics,True,False,108,2024-07-12,North America
INT-000279,CUST-0065,John Walker,Web,Online,Add To Cart,,,,True,False,119,2024-08-23,North America
INT-000280,CUST-0148,Brian Landry,Store,Offline,Wishlist Add,PROD-STA-004,Document Folder,Stationery,True,True,103,2024-01-30,Europe
INT-000281,CUST-0597,Thomas Sheppard,Web,Online,Add To Cart,,,,False,False,124,2024-10-20,Europe
INT-000282,CUST-0515,Latoya Herring,Web,Online,Support Chat,,,,True,True,115,2024-03-14,North America
INT-000283,CUST-0270,Rachel Weiss,Mobile App,Online,Recommendation Click,PROD-FUR-004,Filing Cabinet,Furniture,True,False,102,2024-02-15,Asia Pacific
INT-000284,CUST-0501,Janice Burns,Social Media,Online,Store Visit,PROD-FUR-000,Standing Desk Mat,Furniture,False,False,87,2024-06-18,North America
INT-000285,CUST-0368,Zachary Fisher,Web,Online,Wishlist Add,,,,False,False,120,2024-02-01,North America
INT-000286,CUST-0162,Dylan Cobb,Mobile App,Online,Browse,,,,False,False,111,2024-11-25,Asia Pacific
INT-000287,CUST-0342,Jacqueline Church,Mobile App,Online,Add To Cart,PROD-FUR-000,Standing Desk Mat,Furniture,True,False,136,2024-03-29,North America
INT-000288,CUST-0369,Mark Jacobson,Mobile App,Online,Search,,,,True,False,129,2024-03-17,North America
INT-000289,CUST-0203,Andrew Arnold,Email,Online,Browse,,,,False,False,117,2024-09-23,Asia Pacific
INT-000290,CUST-0125,Dawn Rowland,Store,Offline,Search,PROD-STA-001,Ballpoint Pen Pack,Stationery,True,True,132,2024-11-29,Asia Pacific
INT-000291,CUST-0236,Elizabeth Campbell,Web,Online,Search,,,,True,False,119,2024-07-26,Asia Pacific
INT-000292,CUST-0268,Bruce Graves,Mobile App,Online,Search,PROD-ELE-002,USB-C Hub,Electronics,False,False,128,2024-06-21,Europe
INT-000293,CUST-0051,Paula Rodriguez,Email,Online,Support Chat,PROD-STA-005,Whiteboard Marker,Stationery,False,False,111,2024-03-03,North America
INT-000294,CUST-0153,Danielle Richmond,Mobile App,Online,Store Visit,,,,False,False,135,2024-10-20,North America
INT-000295,CUST-0491,Mr. Trevor Berry,Web,Online,Search,PROD-FUR-000,Standing Desk Mat,Furniture,True,False,127,2024-07-13,Asia Pacific
INT-000296,CUST-0335,Rachel Patrick,Email,Online,Browse,,,,True,True,106,2024-08-23,North America
INT-000297,CUST-0242,Mr. Robert Thomas,Web,Online,Add To Cart,PROD-ELE-000,Wireless Mouse,Electronics,False,False,131,2024-09-01,Asia Pacific
INT-000298,CUST-0246,Shane Lopez,Web,Online,Recommendation Click,PROD-ELE-003,Bluetooth Headphones,Electronics,False,False,122,2024-05-24,Europe
INT-000299,CUST-0034,Julia Olson,Web,Online,Search,,,,False,False,103,2024-07-12,North America
INT-000300,CUST-0284,Amanda Watts,Web,Online,Recommendation Click,PROD-FUR-002,Ergonomic Chair,Furniture,True,False,127,2024-02-09,North America
INT-000301,CUST-0048,Russell Williams,Email,Online,Recommendation Click,PROD-STA-004,Document Folder,Stationery,False,False,125,2024-09-03,Asia Pacific
INT-000302,CUST-0354,Mackenzie Gonzalez,Web,Online,Search,PROD-FUR-006,Office Desk,Furniture,False,False,108,2024-03-21,North America
INT-000303,CUST-0532,Erika Bernard,Web,Online,Recommendation Click,PROD-STA-005,Whiteboard Marker,Stationery,True,True,105,2024-07-07,North America
INT-000304,CUST-0457,Jose Fernandez,Store,Offline,Search,PROD-FUR-000,Standing Desk Mat,Furniture,False,False,141,2024-07-16,North America
INT-000305,CUST-0501,Janice Burns,Web,Online,Recommendation Click,,,,False,False,124,2024-07-14,Asia Pacific
INT-000306,CUST-0407,Matthew Allen,Call Center,Offline,Store Visit,PROD-STA-002,Highlighter Set,Stationery,True,True,114,2024-08-06,North America
INT-000307,CUST-0120,Brian Peck,Web,Online,Browse,PROD-FUR-004,Filing Cabinet,Furniture,True,True,122,2024-10-07,North America
INT-000308,CUST-0358,Jonathan Wilson,Mobile App,Online,Support Chat,PROD-STA-006,Stapler,Stationery,False,False,119,2024-01-20,North America
INT-000309,CUST-0516,Nicole Banks,Email,Online,Recommendation Click,PROD-STA-002,Highlighter Set,Stationery,False,False,126,2024-12-14,North America
INT-000310,CUST-0389,Ms. Chelsey Miller DDS,Web,Online,Search,,,,True,False,111,2024-05-15,North America
INT-000311,CUST-0352,Gina Griffin,Web,Online,Browse,PROD-STA-006,Stapler,Stationery,True,False,114,2024-05-19,Europe
INT-000312,CUST-0119,Joseph Fox,Social Media,Online,Wishlist Add,PROD-FUR-001,Monitor Arm,Furniture,True,False,114,2024-05-31,North America
INT-000313,CUST-0248,Jason Gilbert,Web,Online,Search,,,,True,False,119,2024-06-07,Europe
INT-000314,CUST-0149,Jamie Sutton,Web,Online,Browse,PROD-ELE-007,HDMI Cable,Electronics,True,True,103,2024-07-12,North America
INT-000315,CUST-0245,Jacob Walker,Web,Online,Add To Cart,,,,True,True,124,2024-01-09,North America
INT-000316,CUST-0242,Mr. Robert Thomas,Social Media,Online,Browse,PROD-ELE-004,Webcam 1080p,Electronics,True,False,140,2024-06-05,Asia Pacific
INT-000317,CUST-0598,Jennifer Garcia,Mobile App,Online,Wishlist Add,PROD-STA-001,Ballpoint Pen Pack,Stationery,False,False,127,2024-12-03,Asia Pacific
INT-000318,CUST-0198,Stephanie Smith,Mobile App,Online,Wishlist Add,PROD-ELE-003,Bluetooth Headphones,Electronics,False,False,107,2024-08-08,North America
INT-000319,CUST-0035,Emily Moody,Mobile App,Online,Wishlist Add,PROD-STA-000,Notebook A5,Stationery,False,False,110,2024-09-12,Europe
INT-000320,CUST-0442,Molly Hurley,Email,Online,Wishlist Add,PROD-ELE-007,HDMI Cable,Electronics,True,True,131,2024-08-31,North America
INT-000321,CUST-0170,Francisco Crawford,Mobile App,Online,Search,,,,False,False,107,2024-03-09,Europe
INT-000322,CUST-0088,Alex Coleman,Email,Online,Add To Cart,PROD-STA-004,Document Folder,Stationery,True,False,103,2024-01-05,North America
INT-000323,CUST-0502,Eric Wood,Web,Online,Add To Cart,PROD-ELE-006,Laptop Stand,Electronics,True,False,125,2024-04-05,North America
INT-000324,CUST-0558,Christopher Bruce,Mobile App,Online,Recommendation Click,,,,False,False,135,2024-10-30,Europe
INT-000325,CUST-0166,Tammy Anderson,Web,Online,Add To Cart,PROD-STA-003,Sticky Notes,Stationery,False,False,107,2024-01-23,North America
INT-000326,CUST-0548,Maria Allen,Call Center,Offline,Recommendation Click,PROD-STA-005,Whiteboard Marker,Stationery,False,False,125,2024-11-08,North America
INT-000327,CUST-0587,Matthew Dougherty,Web,Online,Recommendation Click,PROD-ELE-006,Laptop Stand,Electronics,True,False,123,2024-09-29,Europe
INT-000328,CUST-0190,Walter Chavez,Web,Online,Recommendation Click,,,,False,False,113,2024-11-21,North America
INT-000329,CUST-0261,Christine Mcmillan,Social Media,Online,Browse,PROD-ELE-005,Portable SSD,Electronics,False,False,119,2024-03-05,North America
INT-000330,CUST-0188,Steven Sims Jr.,Web,Online,Browse,PROD-STA-007,Paper Clips Box,Stationery,False,False,99,2024-05-18,Asia Pacific
INT-000331,CUST-0430,Scott Matthews,Web,Online,Store Visit,PROD-STA-006,Stapler,Stationery,True,False,116,2024-09-03,Europe
INT-000332,CUST-0458,Heather Davis,Mobile App,Online,Recommendation Click,PROD-ELE-007,HDMI Cable,Electronics,False,False,111,2024-08-23,Asia Pacific
INT-000333,CUST-0364,Matthew Taylor,Web,Online,Wishlist Add,PROD-STA-006,Stapler,Stationery,False,False,107,2024-07-03,Europe
INT-000334,CUST-0161,Laura Park,Mobile App,Online,Search,,,,True,False,117,2024-02-22,North America
INT-000335,CUST-0438,Natalie Whitaker,Mobile App,Online,Browse,,,,False,False,115,2024-02-02,Asia Pacific
INT-000336,CUST-0365,Tracy Roy,Web,Online,Browse,PROD-ELE-007,HDMI Cable,Electronics,False,False,114,2024-10-12,North America
INT-000337,CUST-0234,Andrea Sanchez,Mobile App,Online,Add To Cart,,,,False,False,150,2024-11-16,Asia Pacific
INT-000338,CUST-0371,Sharon Gutierrez,Web,Online,Browse,PROD-ELE-006,Laptop Stand,Electronics,False,False,129,2024-01-22,North America
INT-000339,CUST-0405,Dana Rice,Web,Online,Wishlist Add,,,,True,True,127,2024-01-02,North America
INT-000340,CUST-0270,Rachel Weiss,Store,Offline,Browse,PROD-FUR-007,Side Table,Furniture,True,False,114,2024-04-09,Europe
INT-000341,CUST-0151,Amy Valdez,Web,Online,Browse,PROD-ELE-003,Bluetooth Headphones,Electronics,False,False,118,2024-07-16,Europe
INT-000342,CUST-0058,Patricia Francis,Web,Online,Recommendation Click,,,,True,False,116,2024-08-05,Europe
INT-000343,CUST-0103,Tina Fields,Social Media,Online,Browse,PROD-ELE-000,Wireless Mouse,Electronics,False,False,134,2024-09-26,Asia Pacific
INT-000344,CUST-0484,Kim Ramirez,Web,Online,Add To Cart,PROD-ELE-002,USB-C Hub,Electronics,True,True,150,2024-01-21,North America
INT-000345,CUST-0428,Eric Garcia,Store,Offline,Wishlist Add,PROD-STA-004,Document Folder,Stationery,False,False,126,2024-01-29,North America
INT-000346,CUST-0022,Stephanie Wu,Email,Online,Search,,,,True,False,108,2024-07-04,North America
INT-000347,CUST-0086,Monica Allen,Web,Online,Recommendation Click,PROD-ELE-003,Bluetooth Headphones,Electronics,True,True,122,2024-03-20,Asia Pacific
INT-000348,CUST-0388,Christopher Torres,Mobile App,Online,Add To Cart,PROD-STA-005,Whiteboard Marker,Stationery,False,False,139,2024-12-07,North America
INT-000349,CUST-0051,Paula Rodriguez,Store,Offline,Support Chat,PROD-ELE-000,Wireless Mouse,Electronics,True,True,115,2024-12-21,North America
INT-000350,CUST-0474,Katie Lee,Mobile App,Online,Browse,PROD-STA-006,Stapler,Stationery,True,False,112,2024-01-05,Europe
INT-000351,CUST-0472,John Stevenson,Call Center,Offline,Wishlist Add,PROD-FUR-003,Bookshelf,Furniture,True,False,119,2024-03-28,North America
INT-000352,CUST-0067,Amber Grant,Mobile App,Online,Browse,PROD-STA-002,Highlighter Set,Stationery,True,False,114,2024-12-15,North America
INT-000353,CUST-0079,Kevin Barnes,Mobile App,Online,Support Chat,PROD-ELE-002,USB-C Hub,Electronics,True,False,135,2024-02-14,North America
INT-000354,CUST-0582,Kristi Lopez,Mobile App,Online,Browse,PROD-ELE-006,Laptop Stand,Electronics,True,False,122,2024-10-21,North America
INT-000355,CUST-0008,Sarah Conrad,Web,Online,Wishlist Add,PROD-STA-003,Sticky Notes,Stationery,True,True,123,2024-09-09,North America
INT-000356,CUST-0425,Katie Villegas,Store,Offline,Recommendation Click,PROD-ELE-003,Bluetooth Headphones,Electronics,True,False,103,2024-04-28,North America
INT-000357,CUST-0022,Stephanie Wu,Store,Offline,Wishlist Add,PROD-ELE-002,USB-C Hub,Electronics,True,False,122,2024-03-28,North America
INT-000358,CUST-0292,Michael Meyer,Social Media,Online,Recommendation Click,PROD-ELE-003,Bluetooth Headphones,Electronics,False,False,114,2024-01-10,North America
INT-000359,CUST-0553,Dakota Rodriguez,Social Media,Online,Recommendation Click,PROD-ELE-001,Mechanical Keyboard,Electronics,False,False,141,2024-10-14,North America
INT-000360,CUST-0369,Mark Jacobson,Web,Online,Browse,PROD-ELE-002,USB-C Hub,Electronics,True,True,118,2024-02-01,Europe
INT-000361,CUST-0559,Martha Smith,Email,Online,Add To Cart,,,,False,False,112,2024-05-28,Asia Pacific
INT-000362,CUST-0200,Laura Parsons,Web,Online,Search,,,,True,False,115,2024-07-11,North America
INT-000363,CUST-0270,Rachel Weiss,Web,Online,Browse,,,,False,False,129,2024-09-02,Europe
INT-000364,CUST-0014,Michael Klein,Web,Online,Browse,PROD-ELE-007,HDMI Cable,Electronics,True,False,119,2024-03-04,North America
INT-000365,CUST-0400,Darrell Johnson,Web,Online,Search,PROD-ELE-003,Bluetooth Headphones,Electronics,True,False,125,2024-04-25,Europe
INT-000366,CUST-0520,Shawn Gardner,Mobile App,Online,Support Chat,PROD-FUR-004,Filing Cabinet,Furniture,False,False,118,2024-08-29,North America
INT-000367,CUST-0549,Courtney Randall,Mobile App,Online,Store Visit,,,,False,False,122,2024-07-24,North America
INT-000368,CUST-0411,Adam Jones,Mobile App,Online,Store Visit,PROD-FUR-005,Desk Lamp,Furniture,False,False,157,2024-02-20,North America
INT-000369,CUST-0437,Charles Hendricks,Store,Offline,Support Chat,PROD-ELE-002,USB-C Hub,Electronics,False,False,121,2024-01-19,North America
INT-000370,CUST-0526,Christopher Soto,Email,Online,Add To Cart,PROD-FUR-001,Monitor Arm,Furniture,False,False,106,2024-02-06,North America
INT-000371,CUST-0261,Christine Mcmillan,Web,Online,Browse,,,,True,False,134,2024-08-14,North America
INT-000372,CUST-0211,Mary Day,Store,Offline,Search,PROD-STA-004,Document Folder,Stationery,False,False,139,2024-09-23,North America
INT-000373,CUST-0337,Christine Lowe,Mobile App,Online,Store Visit,PROD-ELE-003,Bluetooth Headphones,Electronics,True,False,112,2024-07-24,North America
INT-000374,CUST-0089,James Rhodes,Web,Online,Search,PROD-STA-000,Notebook A5,Stationery,False,False,114,2024-01-14,Asia Pacific
INT-000375,CUST-0415,Rodney Lambert,Mobile App,Online,Browse,,,,False,False,118,2024-05-07,North America
INT-000376,CUST-0004,Evelyn Wall,Web,Online,Recommendation Click,PROD-STA-001,Ballpoint Pen Pack,Stationery,True,False,118,2024-04-20,Europe
INT-000377,CUST-0413,Caitlin Murphy,Mobile App,Online,Search,,,,False,False,141,2024-06-07,Europe
INT-000378,CUST-0542,Jamie Hart,Mobile App,Online,Recommendation Click,PROD-STA-005,Whiteboard Marker,Stationery,False,False,126,2024-10-16,Asia Pacific
INT-000379,CUST-0125,Dawn Rowland,Mobile App,Online,Add To Cart,,,,False,False,106,2024-03-25,North America
INT-000380,CUST-0430,Scott Matthews,Call Center,Offline,Search,PROD-FUR-007,Side Table,Furniture,True,False,127,2024-07-27,Asia Pacific
INT-000381,CUST-0278,Amanda Hansen,Mobile App,Online,Recommendation Click,,,,False,False,139,2024-04-11,Europe
INT-000382,CUST-0485,Brian Rogers,Store,Offline,Browse,PROD-FUR-002,Ergonomic Chair,Furniture,False,False,104,2024-10-19,Europe
INT-000383,CUST-0303,Veronica Parsons,Mobile App,Online,Browse,,,,False,False,95,2024-01-10,North America
INT-000384,CUST-0284,Amanda Watts,Web,Online,Recommendation Click,PROD-FUR-001,Monitor Arm,Furniture,True,False,136,2024-08-04,Europe
INT-000385,CUST-0391,Kristina Johnson,Email,Online,Browse,PROD-STA-003,Sticky Notes,Stationery,False,False,104,2024-06-17,North America
INT-000386,CUST-0518,Dale Carlson,Mobile App,Online,Search,PROD-ELE-000,Wireless Mouse,Electronics,False,False,140,2024-10-19,Europe
INT-000387,CUST-0045,Sarah Mathews,Mobile App,Online,Recommendation Click,PROD-FUR-005,Desk Lamp,Furniture,False,False,131,2024-01-06,Europe
INT-000388,CUST-0289,James Weaver,Email,Online,Search,PROD-ELE-005,Portable SSD,Electronics,True,False,116,2024-04-22,Europe
INT-000389,CUST-0027,Matthew Mccann,Web,Online,Recommendation Click,,,,True,False,138,2024-10-07,North America
INT-000390,CUST-0233,Megan Robinson,Mobile App,Online,Search,,,,True,False,102,2024-04-17,Europe
INT-000391,CUST-0186,Richard Chavez,Social Media,Online,Support Chat,PROD-FUR-006,Office Desk,Furniture,True,True,120,2024-06-10,Asia Pacific
INT-000392,CUST-0561,Stephen Walker,Web,Online,Browse,PROD-ELE-006,Laptop Stand,Electronics,False,False,114,2024-03-23,North America
INT-000393,CUST-0264,Dr. Robert Howard Jr.,Email,Online,Add To Cart,PROD-STA-000,Notebook A5,Stationery,True,False,124,2024-09-23,Europe
INT-000394,CUST-0270,Rachel Weiss,Email,Online,Wishlist Add,,,,False,False,125,2024-03-15,Europe
INT-000395,CUST-0063,Jeffrey Stephens,Social Media,Online,Add To Cart,PROD-ELE-007,HDMI Cable,Electronics,False,False,110,2024-01-23,North America
INT-000396,CUST-0068,Michael Medina,Mobile App,Online,Browse,PROD-FUR-003,Bookshelf,Furniture,True,False,115,2024-04-09,North America
INT-000397,CUST-0148,Brian Landry,Email,Online,Browse,PROD-STA-004,Document Folder,Stationery,True,True,107,2024-03-15,North America
INT-000398,CUST-0548,Maria Allen,Email,Online,Browse,,,,False,False,111,2024-11-28,North America
INT-000399,CUST-0064,John Mcbride II,Web,Online,Browse,PROD-STA-005,Whiteboard Marker,Stationery,False,False,113,2024-12-04,North America
INT-000400,CUST-0474,Katie Lee,Email,Online,Search,PROD-FUR-005,Desk Lamp,Furniture,False,False,108,2024-01-20,Europe
INT-000401,CUST-0356,Michael Baker,Mobile App,Online,Browse,,,,False,False,116,2024-05-07,North America
INT-000402,CUST-0142,John Morris,Store,Offline,Browse,PROD-FUR-002,Ergonomic Chair,Furniture,True,True,135,2024-06-03,Europe
INT-000403,CUST-0344,Shane Davenport,Store,Offline,Browse,PROD-ELE-005,Portable SSD,Electronics,True,False,134,2024-09-02,North America
INT-000404,CUST-0538,Arthur Collins,Social Media,Online,Recommendation Click,,,,False,False,141,2024-10-31,Asia Pacific
INT-000405,CUST-0089,James Rhodes,Store,Offline,Add To Cart,,,,False,False,149,2024-06-06,Asia Pacific
INT-000406,CUST-0127,Daniel Nunez,Store,Offline,Recommendation Click,PROD-FUR-005,Desk Lamp,Furniture,False,False,112,2024-12-16,Asia Pacific
INT-000407,CUST-0477,Anthony Rodriguez,Mobile App,Online,Browse,,,,False,False,102,2024-03-15,North America
INT-000408,CUST-0150,Walter Parsons,Email,Online,Search,PROD-FUR-001,Monitor Arm,Furniture,False,False,128,2024-07-06,North America
INT-000409,CUST-0007,Alan Martin,Web,Online,Browse,PROD-FUR-006,Office Desk,Furniture,False,False,114,2024-04-24,North America
INT-000410,CUST-0149,Jamie Sutton,Web,Online,Recommendation Click,PROD-ELE-005,Portable SSD,Electronics,False,False,126,2024-08-30,Europe
INT-000411,CUST-0371,Sharon Gutierrez,Call Center,Offline,Search,,,,False,False,102,2024-01-29,Europe
INT-000412,CUST-0412,Brett Oliver,Social Media,Online,Browse,,,,True,False,126,2024-12-05,Europe
INT-000413,CUST-0060,Mark Black,Web,Online,Browse,PROD-STA-005,Whiteboard Marker,Stationery,False,False,130,2024-01-06,North America
INT-000414,CUST-0164,Edward Cline,Web,Online,Browse,PROD-ELE-006,Laptop Stand,Electronics,True,False,124,2024-01-08,North America
INT-000415,CUST-0527,Sarah Brown,Call Center,Offline,Add To Cart,PROD-STA-005,Whiteboard Marker,Stationery,True,False,118,2024-02-23,North America
INT-000416,CUST-0411,Adam Jones,Email,Online,Recommendation Click,PROD-STA-005,Whiteboard Marker,Stationery,False,False,121,2024-01-12,Europe
INT-000417,CUST-0368,Zachary Fisher,Web,Online,Store Visit,PROD-STA-003,Sticky Notes,Stationery,True,False,113,2024-09-17,Europe
INT-000418,CUST-0411,Adam Jones,Web,Online,Recommendation Click,PROD-FUR-004,Filing Cabinet,Furniture,False,False,123,2024-08-23,North America
INT-000419,CUST-0309,Jennifer Pierce,Mobile App,Online,Recommendation Click,PROD-ELE-005,Portable SSD,Electronics,True,True,116,2024-06-11,Europe
INT-000420,CUST-0362,Laura Macias,Web,Online,Recommendation Click,,,,True,False,115,2024-07-22,North America
INT-000421,CUST-0194,Michael Barry,Mobile App,Online,Browse,PROD-ELE-003,Bluetooth Headphones,Electronics,True,True,117,2024-05-15,Europe
INT-000422,CUST-0214,Brenda Cook,Social Media,Online,Browse,,,,False,False,119,2024-09-19,North America
INT-000423,CUST-0498,Joseph Buchanan,Web,Online,Store Visit,PROD-FUR-006,Office Desk,Furniture,True,False,120,2024-11-03,Asia Pacific
INT-000424,CUST-0554,Victor Ramos,Store,Offline,Search,PROD-STA-005,Whiteboard Marker,Stationery,True,False,127,2024-03-11,North America
INT-000425,CUST-0275,Darren Henderson,Mobile App,Online,Wishlist Add,PROD-FUR-005,Desk Lamp,Furniture,False,False,120,2024-10-24,Asia Pacific
INT-000426,CUST-0519,Nancy Davis,Mobile App,Online,Search,PROD-FUR-006,Office Desk,Furniture,False,False,118,2024-07-18,North America
INT-000427,CUST-0039,Pamela Rush,Email,Online,Search,PROD-ELE-004,Webcam 1080p,Electronics,False,False,132,2024-02-04,Asia Pacific
INT-000428,CUST-0545,Alison Andrews,Mobile App,Online,Add To Cart,PROD-STA-006,Stapler,Stationery,True,False,125,2024-06-30,Europe
INT-000429,CUST-0491,Mr. Trevor Berry,Web,Online,Browse,PROD-ELE-004,Webcam 1080p,Electronics,True,False,110,2024-11-13,North America
INT-000430,CUST-0525,John Johnson,Web,Online,Search,,,,False,False,99,2024-03-14,Asia Pacific
INT-000431,CUST-0593,Joseph Mason,Social Media,Online,Browse,PROD-STA-004,Document Folder,Stationery,False,False,112,2024-02-17,North America
INT-000432,CUST-0113,Nicole Johnston,Web,Online,Search,PROD-STA-002,Highlighter Set,Stationery,False,False,107,2024-09-19,North America
INT-000433,CUST-0118,Jeffrey English,Web,Online,Browse,PROD-FUR-000,Standing Desk Mat,Furniture,False,False,102,2024-06-29,North America
INT-000434,CUST-0130,Melissa Robinson,Mobile App,Online,Browse,PROD-ELE-001,Mechanical Keyboard,Electronics,False,False,101,2024-01-03,North America
INT-000435,CUST-0142,John Morris,Web,Online,Browse,PROD-ELE-003,Bluetooth Headphones,Electronics,False,False,115,2024-03-07,North America
INT-000436,CUST-0039,Pamela Rush,Web,Online,Add To Cart,PROD-STA-003,Sticky Notes,Stationery,True,False,112,2024-03-10,North America
INT-000437,CUST-0557,Michael Bruce,Web,Online,Add To Cart,PROD-FUR-003,Bookshelf,Furniture,True,False,110,2024-06-14,Europe
INT-000438,CUST-0152,Sylvia Carrillo,Web,Online,Support Chat,PROD-FUR-006,Office Desk,Furniture,False,False,119,2024-05-22,Europe
INT-000439,CUST-0306,Alexa Randall,Mobile App,Online,Wishlist Add,PROD-ELE-001,Mechanical Keyboard,Electronics,True,False,116,2024-05-23,Europe
INT-000440,CUST-0403,Joy Carter,Mobile App,Online,Recommendation Click,PROD-FUR-006,Office Desk,Furniture,True,True,112,2024-01-31,North America
INT-000441,CUST-0430,Scott Matthews,Social Media,Online,Wishlist Add,PROD-STA-007,Paper Clips Box,Stationery,False,False,117,2024-10-30,Europe
INT-000442,CUST-0269,Rachael Lowe,Social Media,Online,Recommendation Click,PROD-STA-006,Stapler,Stationery,False,False,113,2024-10-25,North America
INT-000443,CUST-0546,John Ramirez,Web,Online,Search,PROD-FUR-007,Side Table,Furniture,True,False,125,2024-03-04,Europe
INT-000444,CUST-0200,Laura Parsons,Web,Online,Search,,,,True,False,139,2024-04-10,North America
INT-000445,CUST-0286,Shannon Barnes,Store,Offline,Browse,,,,False,False,109,2024-02-06,North America
INT-000446,CUST-0200,Laura Parsons,Web,Online,Add To Cart,,,,True,False,122,2024-09-08,Europe
INT-000447,CUST-0030,Ashley Hernandez PhD,Email,Online,Browse,,,,False,False,114,2024-09-23,Europe
INT-000448,CUST-0190,Walter Chavez,Call Center,Offline,Add To Cart,PROD-ELE-006,Laptop Stand,Electronics,False,False,114,2024-09-13,Europe
INT-000449,CUST-0570,Patrick Leblanc,Call Center,Offline,Support Chat,,,,True,False,119,2024-07-07,North America
INT-000450,CUST-0545,Alison Andrews,Store,Offline,Wishlist Add,PROD-ELE-003,Bluetooth Headphones,Electronics,True,False,133,2024-07-05,North America
INT-000451,CUST-0477,Anthony Rodriguez,Call Center,Offline,Search,PROD-ELE-000,Wireless Mouse,Electronics,False,False,112,2024-02-06,Europe
INT-000452,CUST-0414,Elizabeth Thompson,Mobile App,Online,Search,PROD-ELE-007,HDMI Cable,Electronics,False,False,122,2024-06-09,North America
INT-000453,CUST-0138,Elizabeth Williams,Email,Online,Browse,PROD-ELE-004,Webcam 1080p,Electronics,True,False,117,2024-01-12,North America
INT-000454,CUST-0149,Jamie Sutton,Web,Online,Search,PROD-FUR-005,Desk Lamp,Furniture,False,False,130,2024-12-18,Europe
INT-000455,CUST-0407,Matthew Allen,Store,Offline,Store Visit,,,,True,False,119,2024-11-24,Europe
INT-000456,CUST-0100,Jesus Nguyen,Email,Online,Browse,PROD-ELE-001,Mechanical Keyboard,Electronics,True,False,122,2024-11-26,North America
INT-000457,CUST-0167,Julia Armstrong,Mobile App,Online,Browse,PROD-FUR-005,Desk Lamp,Furniture,True,False,104,2024-02-07,Asia Pacific
INT-000458,CUST-0408,Gregory Wilson,Store,Offline,Recommendation Click,PROD-ELE-001,Mechanical Keyboard,Electronics,True,False,115,2024-04-05,North America
INT-000459,CUST-0068,Michael Medina,Mobile App,Online,Browse,PROD-ELE-004,Webcam 1080p,Electronics,False,False,109,2024-12-23,Europe
INT-000460,CUST-0339,Melinda Smith,Web,Online,Browse,PROD-FUR-004,Filing Cabinet,Furniture,True,False,129,2024-07-23,North America
INT-000461,CUST-0103,Tina Fields,Mobile App,Online,Support Chat,PROD-STA-007,Paper Clips Box,Stationery,False,False,119,2024-10-13,Europe
INT-000462,CUST-0186,Richard Chavez,Store,Offline,Browse,PROD-ELE-000,Wireless Mouse,Electronics,False,False,115,2024-02-25,Asia Pacific
INT-000463,CUST-0112,Kayla Barnes,Mobile App,Online,Recommendation Click,PROD-STA-005,Whiteboard Marker,Stationery,False,False,113,2024-06-19,North America
INT-000464,CUST-0557,Michael Bruce,Email,Online,Browse,PROD-FUR-000,Standing Desk Mat,Furniture,True,False,130,2024-07-04,Asia Pacific
INT-000465,CUST-0598,Jennifer Garcia,Mobile App,Online,Recommendation Click,PROD-FUR-005,Desk Lamp,Furniture,True,False,113,2024-01-16,Asia Pacific
INT-000466,CUST-0468,Daniel Jones,Web,Online,Search,,,,True,False,123,2024-02-17,Europe
INT-000467,CUST-0310,Katie Guzman,Web,Online,Browse,PROD-FUR-003,Bookshelf,Furniture,True,False,121,2024-10-27,Europe
INT-000468,CUST-0283,Jason Winters,Store,Offline,Store Visit,PROD-ELE-004,Webcam 1080p,Electronics,False,False,115,2024-02-15,North America
INT-000469,CUST-0139,Steven Flores,Store,Offline,Add To Cart,,,,True,False,141,2024-04-04,Europe
INT-000470,CUST-0543,Edward Wong,Email,Online,Search,PROD-STA-005,Whiteboard Marker,Stationery,True,True,122,2024-01-07,Asia Pacific
INT-000471,CUST-0444,Christina Simpson,Email,Online,Support Chat,,,,True,False,132,2024-04-04,North America
INT-000472,CUST-0010,Grant Olson,Web,Online,Add To Cart,PROD-ELE-000,Wireless Mouse,Electronics,False,False,111,2024-02-15,Asia Pacific
INT-000473,CUST-0436,Glenn Lam,Social Media,Online,Recommendation Click,,,,True,True,125,2024-07-09,Asia Pacific
INT-000474,CUST-0309,Jennifer Pierce,Email,Online,Wishlist Add,PROD-ELE-007,HDMI Cable,Electronics,False,False,111,2024-12-06,Asia Pacific
INT-000475,CUST-0395,Lori Lambert,Social Media,Online,Recommendation Click,PROD-FUR-002,Ergonomic Chair,Furniture,True,False,113,2024-08-03,North America
INT-000476,CUST-0126,Meredith Werner,Mobile App,Online,Browse,,,,True,False,114,2024-03-03,Europe
INT-000477,CUST-0301,Stacy Blevins,Mobile App,Online,Recommendation Click,PROD-ELE-007,HDMI Cable,Electronics,False,False,123,2024-02-14,Asia Pacific
INT-000478,CUST-0456,Donald Ellis,Mobile App,Online,Wishlist Add,PROD-STA-006,Stapler,Stationery,False,False,107,2024-03-07,North America
INT-000479,CUST-0358,Jonathan Wilson,Call Center,Offline,Recommendation Click,PROD-ELE-006,Laptop Stand,Electronics,False,False,139,2024-05-15,North America
INT-000480,CUST-0525,John Johnson,Web,Online,Search,,,,True,True,129,2024-12-09,North America
INT-000481,CUST-0008,Sarah Conrad,Web,Online,Add To Cart,PROD-STA-004,Document Folder,Stationery,True,False,116,2024-08-12,North America
INT-000482,CUST-0576,Joanne Lane,Web,Online,Browse,,,,False,False,116,2024-04-22,North America
INT-000483,CUST-0185,Miguel Garcia,Mobile App,Online,Recommendation Click,PROD-ELE-007,HDMI Cable,Electronics,True,False,104,2024-09-07,North America
INT-000484,CUST-0228,Gary Carey,Mobile App,Online,Add To Cart,,,,False,False,125,2024-04-30,North America
INT-000485,CUST-0316,Jessica Wilson,Web,Online,Browse,PROD-FUR-000,Standing Desk Mat,Furniture,True,False,108,2024-10-28,Europe
INT-000486,CUST-0537,Michael Wong,Web,Online,Wishlist Add,,,,True,False,125,2024-03-27,Asia Pacific
INT-000487,CUST-0268,Bruce Graves,Web,Online,Recommendation Click,PROD-STA-003,Sticky Notes,Stationery,False,False,111,2024-08-13,Asia Pacific
INT-000488,CUST-0168,Anna Key,Call Center,Offline,Browse,PROD-FUR-007,Side Table,Furniture,False,False,112,2024-07-11,North America
INT-000489,CUST-0054,Jessica Ramsey,Mobile App,Online,Search,PROD-FUR-002,Ergonomic Chair,Furniture,False,False,124,2024-01-03,Asia Pacific
INT-000490,CUST-0078,Michelle Roman,Mobile App,Online,Search,,,,True,False,120,2024-12-22,North America
INT-000491,CUST-0073,Aaron Garcia,Web,Online,Search,PROD-STA-006,Stapler,Stationery,True,True,117,2024-10-06,North America
INT-000492,CUST-0028,Travis Davis,Email,Online,Recommendation Click,PROD-FUR-001,Monitor Arm,Furniture,True,False,129,2024-08-11,Europe
INT-000493,CUST-0392,April Bridges,Mobile App,Online,Add To Cart,PROD-STA-002,Highlighter Set,Stationery,True,False,95,2024-11-12,North America
INT-000494,CUST-0314,Matthew Jones,Social Media,Online,Search,,,,True,False,113,2024-04-10,North America
INT-000495,CUST-0206,Ashley Duncan,Store,Offline,Browse,,,,False,False,127,2024-04-01,Europe
INT-000496,CUST-0005,Matthew Rodriguez,Store,Offline,Store Visit,,,,True,False,129,2024-04-10,North America
INT-000497,CUST-0051,Paula Rodriguez,Mobile App,Online,Add To Cart,PROD-FUR-005,Desk Lamp,Furniture,True,False,109,2024-12-01,North America
INT-000498,CUST-0047,Brianna Hoffman,Mobile App,Online,Browse,,,,False,False,129,2024-06-04,Europe
INT-000499,CUST-0547,Sara Baker MD,Store,Offline,Support Chat,PROD-FUR-007,Side Table,Furniture,True,True,109,2024-09-24,North America
INT-000500,CUST-0386,Keith Ross,Mobile App,Online,Wishlist Add,PROD-FUR-007,Side Table,Furniture,False,False,114,2024-11-23,Asia Pacific
INT-000501,CUST-0130,Melissa Robinson,Web,Online,Store Visit,PROD-ELE-001,Mechanical Keyboard,Electronics,False,False,114,2024-09-04,Asia Pacific
INT-000502,CUST-0386,Keith Ross,Web,Online,Add To Cart,PROD-STA-004,Document Folder,Stationery,False,False,124,2024-07-04,North America
INT-000503,CUST-0065,John Walker,Store,Offline,Recommendation Click,PROD-ELE-004,Webcam 1080p,Electronics,True,False,114,2024-04-06,North America
INT-000504,CUST-0039,Pamela Rush,Store,Offline,Browse,PROD-FUR-000,Standing Desk Mat,Furniture,True,True,91,2024-07-28,North America
INT-000505,CUST-0596,Gregg Fitzgerald,Email,Online,Browse,PROD-ELE-004,Webcam 1080p,Electronics,False,False,105,2024-11-05,North America
INT-000506,CUST-0066,Elizabeth White,Mobile App,Online,Support Chat,PROD-ELE-002,USB-C Hub,Electronics,True,False,138,2024-02-29,Asia Pacific
INT-000507,CUST-0049,Angela James,Mobile App,Online,Search,PROD-STA-001,Ballpoint Pen Pack,Stationery,True,True,114,2024-11-16,Asia Pacific
INT-000508,CUST-0022,Stephanie Wu,Web,Online,Wishlist Add,PROD-ELE-002,USB-C Hub,Electronics,True,False,143,2024-05-05,North America
INT-000509,CUST-0456,Donald Ellis,Store,Offline,Store Visit,PROD-ELE-006,Laptop Stand,Electronics,False,False,128,2024-06-14,North America
INT-000510,CUST-0257,Anthony Atkins,Web,Online,Recommendation Click,PROD-STA-001,Ballpoint Pen Pack,Stationery,True,False,121,2024-06-23,Asia Pacific
INT-000511,CUST-0586,Mark Hunter,Mobile App,Online,Search,PROD-FUR-004,Filing Cabinet,Furniture,True,False,108,2024-04-18,North America
INT-000512,CUST-0261,Christine Mcmillan,Call Center,Offline,Browse,PROD-FUR-005,Desk Lamp,Furniture,True,False,123,2024-05-06,Europe
INT-000513,CUST-0089,James Rhodes,Mobile App,Online,Add To Cart,PROD-FUR-002,Ergonomic Chair,Furniture,True,False,112,2024-01-26,North America
INT-000514,CUST-0074,Kathryn Thompson,Mobile App,Online,Search,PROD-STA-000,Notebook A5,Stationery,False,False,128,2024-03-09,Asia Pacific
INT-000515,CUST-0029,Charles Moran DDS,Web,Online,Wishlist Add,PROD-STA-002,Highlighter Set,Stationery,True,True,124,2024-10-12,North America
INT-000516,CUST-0017,Jay Goodman,Web,Online,Browse,PROD-STA-000,Notebook A5,Stationery,False,False,121,2024-08-19,Europe
INT-000517,CUST-0593,Joseph Mason,Web,Online,Store Visit,PROD-STA-003,Sticky Notes,Stationery,False,False,118,2024-12-03,Europe
INT-000518,CUST-0329,Patricia Stanley,Store,Offline,Add To Cart,PROD-FUR-001,Monitor Arm,Furniture,True,True,118,2024-10-15,North America
INT-000519,CUST-0044,Susan Bates,Mobile App,Online,Browse,PROD-STA-005,Whiteboard Marker,Stationery,False,False,138,2024-04-22,North America
INT-000520,CUST-0426,Sheri Paul,Social Media,Online,Support Chat,PROD-FUR-001,Monitor Arm,Furniture,False,False,120,2024-10-03,North America
INT-000521,CUST-0164,Edward Cline,Social Media,Online,Search,PROD-STA-002,Highlighter Set,Stationery,False,False,129,2024-06-24,North America
INT-000522,CUST-0283,Jason Winters,Web,Online,Browse,,,,True,False,118,2024-10-25,North America
INT-000523,CUST-0232,Marie Burns,Mobile App,Online,Wishlist Add,PROD-FUR-006,Office Desk,Furniture,True,True,120,2024-11-26,Europe
INT-000524,CUST-0331,Matthew Johnston,Store,Offline,Browse,,,,True,False,108,2024-11-04,Europe
INT-000525,CUST-0472,John Stevenson,Email,Online,Add To Cart,PROD-STA-006,Stapler,Stationery,True,False,100,2024-09-27,North America
INT-000526,CUST-0263,Timothy Deleon,Web,Online,Browse,PROD-STA-002,Highlighter Set,Stationery,True,False,113,2024-02-13,Asia Pacific
INT-000527,CUST-0393,Anita Allen,Web,Online,Recommendation Click,,,,False,False,105,2024-02-17,North America
INT-000528,CUST-0569,Katherine Nelson,Mobile App,Online,Wishlist Add,PROD-FUR-003,Bookshelf,Furniture,False,False,112,2024-07-03,North America
INT-000529,CUST-0239,Ruth Myers,Store,Offline,Browse,PROD-ELE-005,Portable SSD,Electronics,False,False,118,2024-07-09,North America
INT-000530,CUST-0417,Jennifer Garner,Mobile App,Online,Add To Cart,PROD-STA-005,Whiteboard Marker,Stationery,True,False,107,2024-09-06,Europe
INT-000531,CUST-0076,Tyler Lewis,Store,Offline,Search,PROD-FUR-004,Filing Cabinet,Furniture,False,False,110,2024-06-21,Asia Pacific
INT-000532,CUST-0265,Nancy Osborn,Web,Online,Wishlist Add,PROD-FUR-007,Side Table,Furniture,False,False,130,2024-07-04,North America
INT-000533,CUST-0085,Megan Singh,Web,Online,Browse,PROD-FUR-001,Monitor Arm,Furniture,False,False,105,2024-06-15,Asia Pacific
INT-000534,CUST-0130,Melissa Robinson,Web,Online,Search,,,,True,False,128,2024-08-02,North America
INT-000535,CUST-0552,Christine Clark,Mobile App,Online,Search,PROD-STA-005,Whiteboard Marker,Stationery,False,False,115,2024-11-17,North America
INT-000536,CUST-0317,Perry Brooks,Mobile App,Online,Recommendation Click,PROD-FUR-002,Ergonomic Chair,Furniture,False,False,111,2024-08-24,North America
INT-000537,CUST-0092,Mr. John Jones,Mobile App,Online,Recommendation Click,PROD-STA-001,Ballpoint Pen Pack,Stationery,True,False,131,2024-11-10,Europe
INT-000538,CUST-0348,David Green,Call Center,Offline,Wishlist Add,,,,True,False,111,2024-03-24,Europe
INT-000539,CUST-0403,Joy Carter,Email,Online,Browse,PROD-FUR-001,Monitor Arm,Furniture,True,False,111,2024-05-05,North America
INT-000540,CUST-0005,Matthew Rodriguez,Mobile App,Online,Search,PROD-STA-005,Whiteboard Marker,Stationery,True,False,134,2024-08-17,North America
INT-000541,CUST-0460,Tyrone Navarro,Mobile App,Online,Search,,,,False,False,110,2024-10-24,North America
INT-000542,CUST-0361,Derek Lewis,Web,Online,Search,PROD-STA-007,Paper Clips Box,Stationery,False,False,104,2024-05-05,North America
INT-000543,CUST-0512,Mitchell Gomez,Store,Offline,Search,PROD-FUR-006,Office Desk,Furniture,False,False,115,2024-03-02,Europe
INT-000544,CUST-0383,Christine Callahan,Web,Online,Wishlist Add,PROD-ELE-003,Bluetooth Headphones,Electronics,True,False,125,2024-10-24,Europe
INT-000545,CUST-0241,Charles Watson,Web,Online,Add To Cart,,,,True,True,120,2024-06-28,North America
INT-000546,CUST-0360,Christine Martinez,Mobile App,Online,Support Chat,,,,False,False,124,2024-10-15,Asia Pacific
INT-000547,CUST-0260,Dr. Raven Harvey,Web,Online,Add To Cart,PROD-FUR-004,Filing Cabinet,Furniture,True,False,124,2024-11-07,North America
INT-000548,CUST-0570,Patrick Leblanc,Email,Online,Browse,PROD-FUR-002,Ergonomic Chair,Furniture,True,False,117,2024-02-25,Asia Pacific
INT-000549,CUST-0599,Nicholas Campos,Web,Online,Recommendation Click,,,,True,False,122,2024-07-16,North America
INT-000550,CUST-0490,Rebecca Flores,Web,Online,Add To Cart,PROD-STA-004,Document Folder,Stationery,True,True,113,2024-01-21,Europe
INT-000551,CUST-0024,Craig Lam,Social Media,Online,Add To Cart,PROD-STA-000,Notebook A5,Stationery,False,False,113,2024-03-24,Europe
INT-000552,CUST-0271,Mrs. Angela Moore,Mobile App,Online,Store Visit,PROD-STA-003,Sticky Notes,Stationery,True,False,108,2024-02-24,North America
INT-000553,CUST-0048,Russell Williams,Mobile App,Online,Browse,,,,True,False,113,2024-05-31,Asia Pacific
INT-000554,CUST-0070,Joshua Obrien,Call Center,Offline,Search,PROD-FUR-007,Side Table,Furniture,False,False,125,2024-12-22,North America
INT-000555,CUST-0517,Garrett Robertson,Mobile App,Online,Browse,PROD-FUR-001,Monitor Arm,Furniture,False,False,108,2024-10-29,North America
INT-000556,CUST-0253,Douglas Gray,Mobile App,Online,Recommendation Click,,,,False,False,105,2024-08-12,North America
INT-000557,CUST-0244,Eric Miller,Store,Offline,Recommendation Click,PROD-STA-004,Document Folder,Stationery,True,False,122,2024-08-01,North America
INT-000558,CUST-0025,Tara Kidd,Mobile App,Online,Browse,,,,True,True,110,2024-05-11,Asia Pacific
INT-000559,CUST-0524,Joshua Brewer,Mobile App,Online,Browse,PROD-STA-000,Notebook A5,Stationery,False,False,122,2024-11-04,North America
INT-000560,CUST-0046,Glenn Adkins,Social Media,Online,Search,PROD-FUR-005,Desk Lamp,Furniture,False,False,112,2024-02-23,Asia Pacific
INT-000561,CUST-0052,Brian Fuentes,Mobile App,Online,Browse,PROD-STA-002,Highlighter Set,Stationery,False,False,119,2024-04-28,North America
INT-000562,CUST-0520,Shawn Gardner,Social Media,Online,Store Visit,PROD-STA-001,Ballpoint Pen Pack,Stationery,False,False,116,2024-04-01,North America
INT-000563,CUST-0074,Kathryn Thompson,Web,Online,Recommendation Click,,,,True,True,95,2024-08-08,Europe
INT-000564,CUST-0002,John Johnson,Mobile App,Online,Add To Cart,PROD-STA-006,Stapler,Stationery,False,False,136,2024-01-02,Europe
INT-000565,CUST-0099,Jill Richardson,Store,Offline,Wishlist Add,,,,False,False,118,2024-09-04,North America
INT-000566,CUST-0416,Kevin Craig,Call Center,Offline,Add To Cart,PROD-ELE-004,Webcam 1080p,Electronics,False,False,108,2024-12-25,North America
INT-000567,CUST-0031,Kyle Howell,Social Media,Online,Browse,PROD-FUR-004,Filing Cabinet,Furniture,False,False,138,2024-03-30,North America
INT-000568,CUST-0201,Tina Davis,Mobile App,Online,Search,PROD-ELE-007,HDMI Cable,Electronics,True,False,103,2024-06-05,North America
INT-000569,CUST-0288,Chelsea Jenkins,Mobile App,Online,Browse,PROD-ELE-002,USB-C Hub,Electronics,False,False,138,2024-03-27,North America
INT-000570,CUST-0436,Glenn Lam,Mobile App,Online,Recommendation Click,PROD-ELE-004,Webcam 1080p,Electronics,True,False,106,2024-02-10,Europe
INT-000571,CUST-0183,Ryan Lopez,Web,Online,Search,PROD-STA-002,Highlighter Set,Stationery,True,False,119,2024-03-14,Europe
INT-000572,CUST-0352,Gina Griffin,Web,Online,Recommendation Click,PROD-FUR-005,Desk Lamp,Furniture,True,False,109,2024-04-30,Europe
INT-000573,CUST-0351,Stacey Newman,Web,Online,Support Chat,PROD-FUR-001,Monitor Arm,Furniture,False,False,138,2024-04-30,North America
INT-000574,CUST-0511,Leslie Wells,Social Media,Online,Support Chat,PROD-FUR-004,Filing Cabinet,Furniture,False,False,122,2024-09-28,Asia Pacific
INT-000575,CUST-0106,Daniel Jackson,Store,Offline,Store Visit,,,,True,True,104,2024-08-10,North America
INT-000576,CUST-0332,Alejandro Barker,Web,Online,Add To Cart,PROD-STA-005,Whiteboard Marker,Stationery,False,False,129,2024-11-11,North America
INT-000577,CUST-0500,Justin Baldwin,Social Media,Online,Browse,PROD-ELE-002,USB-C Hub,Electronics,False,False,127,2024-02-29,North America
INT-000578,CUST-0007,Alan Martin,Store,Offline,Store Visit,PROD-FUR-006,Office Desk,Furniture,True,True,115,2024-04-13,North America
INT-000579,CUST-0047,Brianna Hoffman,Web,Online,Search,PROD-FUR-006,Office Desk,Furniture,True,True,124,2024-05-08,North America
INT-000580,CUST-0024,Craig Lam,Web,Online,Browse,,,,True,False,129,2024-04-13,Europe
INT-000581,CUST-0148,Brian Landry,Web,Online,Search,PROD-FUR-001,Monitor Arm,Furniture,False,False,112,2024-08-31,Europe
INT-000582,CUST-0509,Alison Snyder,Web,Online,Support Chat,PROD-ELE-007,HDMI Cable,Electronics,False,False,128,2024-10-06,Europe
INT-000583,CUST-0122,Michael Powers,Email,Online,Recommendation Click,PROD-FUR-002,Ergonomic Chair,Furniture,False,False,123,2024-11-26,Europe
INT-000584,CUST-0018,Janet Rogers,Mobile App,Online,Recommendation Click,PROD-ELE-001,Mechanical Keyboard,Electronics,False,False,118,2024-01-17,Europe
INT-000585,CUST-0496,Jeremiah Brown,Web,Online,Browse,PROD-STA-006,Stapler,Stationery,False,False,126,2024-08-06,Asia Pacific
INT-000586,CUST-0121,Derrick Saunders,Store,Offline,Browse,PROD-ELE-005,Portable SSD,Electronics,False,False,109,2024-01-21,Asia Pacific
INT-000587,CUST-0467,Jessica Rojas,Web,Online,Browse,,,,False,False,119,2024-08-13,North America
INT-000588,CUST-0246,Shane Lopez,Web,Online,Search,PROD-STA-004,Document Folder,Stationery,True,False,107,2024-09-06,Europe
INT-000589,CUST-0453,Kristi Anderson,Store,Offline,Search,,,,True,False,114,2024-03-23,North America
INT-000590,CUST-0076,Tyler Lewis,Store,Offline,Search,PROD-FUR-007,Side Table,Furniture,True,False,120,2024-01-11,North America
INT-000591,CUST-0003,Dominique Smith,Social Media,Online,Wishlist Add,,,,False,False,123,2024-01-05,Asia Pacific
INT-000592,CUST-0265,Nancy Osborn,Store,Offline,Search,PROD-STA-004,Document Folder,Stationery,True,False,107,2024-10-30,Europe
INT-000593,CUST-0169,Jeremy Harris,Email,Online,Recommendation Click,PROD-FUR-007,Side Table,Furniture,False,False,115,2024-08-30,Europe
INT-000594,CUST-0267,Lynn Lopez,Web,Online,Add To Cart,PROD-FUR-006,Office Desk,Furniture,False,False,108,2024-12-06,Europe
INT-000595,CUST-0378,Julia Oneill,Web,Online,Browse,PROD-ELE-002,USB-C Hub,Electronics,False,False,130,2024-12-07,Europe
INT-000596,CUST-0311,Victoria Marshall DVM,Web,Online,Wishlist Add,,,,True,False,106,2024-02-05,North America
INT-000597,CUST-0270,Rachel Weiss,Mobile App,Online,Store Visit,PROD-STA-001,Ballpoint Pen Pack,Stationery,True,False,138,2024-05-08,North America
INT-000598,CUST-0300,Jessica Levine,Web,Online,Search,PROD-ELE-007,HDMI Cable,Electronics,True,False,134,2024-12-01,Europe
INT-000599,CUST-0578,Keith Carey,Web,Online,Browse,PROD-STA-007,Paper Clips Box,Stationery,True,False,135,2024-07-04,North America
INT-000600,CUST-0095,Kelly Beltran,Web,Online,Search,PROD-STA-006,Stapler,Stationery,False,False,119,2024-05-10,Europe
INT-000601,CUST-0066,Elizabeth White,Social Media,Online,Browse,PROD-STA-006,Stapler,Stationery,True,True,118,2024-07-27,North America
INT-000602,CUST-0082,Joseph Newton,Web,Online,Support Chat,,,,False,False,115,2024-03-13,North America
INT-000603,CUST-0225,Aaron Chen,Mobile App,Online,Search,PROD-FUR-002,Ergonomic Chair,Furniture,False,False,116,2024-02-03,Asia Pacific
INT-000604,CUST-0577,Vanessa Gonzalez,Mobile App,Online,Add To Cart,PROD-STA-005,Whiteboard Marker,Stationery,False,False,124,2024-04-16,Europe
INT-000605,CUST-0198,Stephanie Smith,Mobile App,Online,Browse,PROD-STA-000,Notebook A5,Stationery,False,False,135,2024-07-23,North America
INT-000606,CUST-0199,Lisa Alvarado,Store,Offline,Browse,PROD-STA-007,Paper Clips Box,Stationery,True,False,111,2024-02-07,Asia Pacific
INT-000607,CUST-0037,Andrew Adams,Web,Online,Browse,PROD-ELE-003,Bluetooth Headphones,Electronics,False,False,134,2024-01-02,Asia Pacific
INT-000608,CUST-0076,Tyler Lewis,Social Media,Online,Wishlist Add,,,,False,False,116,2024-12-14,Asia Pacific
INT-000609,CUST-0430,Scott Matthews,Store,Offline,Store Visit,PROD-STA-005,Whiteboard Marker,Stationery,False,False,118,2024-06-28,Europe
INT-000610,CUST-0145,Jennifer Bailey,Mobile App,Online,Browse,,,,True,False,119,2024-08-19,Europe
INT-000611,CUST-0319,Erin Suarez,Web,Online,Support Chat,PROD-STA-005,Whiteboard Marker,Stationery,True,False,118,2024-08-09,Asia Pacific
INT-000612,CUST-0028,Travis Davis,Store,Offline,Browse,PROD-FUR-004,Filing Cabinet,Furniture,True,False,123,2024-03-24,Europe
INT-000613,CUST-0098,Michael Alexander,Mobile App,Online,Search,PROD-STA-006,Stapler,Stationery,False,False,128,2024-01-30,Europe
INT-000614,CUST-0035,Emily Moody,Web,Online,Search,PROD-ELE-003,Bluetooth Headphones,Electronics,True,False,112,2024-01-27,North America
INT-000615,CUST-0074,Kathryn Thompson,Web,Online,Add To Cart,,,,True,False,111,2024-10-18,North America
INT-000616,CUST-0590,Matthew Johnson,Web,Online,Search,PROD-FUR-005,Desk Lamp,Furniture,False,False,115,2024-12-17,North America
INT-000617,CUST-0121,Derrick Saunders,Email,Online,Recommendation Click,,,,True,True,121,2024-01-17,North America
INT-000618,CUST-0125,Dawn Rowland,Store,Offline,Browse,PROD-FUR-000,Standing Desk Mat,Furniture,False,False,134,2024-10-31,Asia Pacific
INT-000619,CUST-0348,David Green,Mobile App,Online,Add To Cart,PROD-ELE-003,Bluetooth Headphones,Electronics,False,False,116,2024-07-10,Asia Pacific
INT-000620,CUST-0223,Lisa Bowen,Web,Online,Add To Cart,PROD-FUR-002,Ergonomic Chair,Furniture,True,False,136,2024-01-26,North America
INT-000621,CUST-0099,Jill Richardson,Web,Online,Add To Cart,PROD-FUR-001,Monitor Arm,Furniture,True,False,133,2024-05-06,Asia Pacific
INT-000622,CUST-0494,Angela Chung,Web,Online,Browse,PROD-ELE-002,USB-C Hub,Electronics,False,False,132,2024-05-31,Europe
INT-000623,CUST-0192,Shannon Sanchez,Store,Offline,Recommendation Click,PROD-FUR-007,Side Table,Furniture,True,True,103,2024-09-26,Europe
INT-000624,CUST-0458,Heather Davis,Web,Online,Browse,,,,False,False,125,2024-05-31,Asia Pacific
INT-000625,CUST-0543,Edward Wong,Web,Online,Browse,PROD-FUR-002,Ergonomic Chair,Furniture,True,False,124,2024-11-23,Asia Pacific
INT-000626,CUST-0017,Jay Goodman,Email,Online,Search,,,,False,False,126,2024-08-22,Europe
INT-000627,CUST-0029,Charles Moran DDS,Web,Online,Store Visit,PROD-FUR-007,Side Table,Furniture,True,False,129,2024-04-28,Asia Pacific
INT-000628,CUST-0365,Tracy Roy,Web,Online,Search,PROD-FUR-000,Standing Desk Mat,Furniture,False,False,119,2024-01-30,North America
INT-000629,CUST-0499,Larry George,Mobile App,Online,Add To Cart,,,,False,False,111,2024-09-30,North America
INT-000630,CUST-0400,Darrell Johnson,Web,Online,Browse,,,,True,False,134,2024-07-19,Europe
INT-000631,CUST-0471,Michael Cohen,Store,Offline,Support Chat,PROD-FUR-003,Bookshelf,Furniture,False,False,126,2024-03-03,Asia Pacific
INT-000632,CUST-0068,Michael Medina,Call Center,Offline,Wishlist Add,,,,False,False,117,2024-10-19,Europe
INT-000633,CUST-0363,Tammy Jones,Call Center,Offline,Add To Cart,,,,False,False,132,2024-05-03,Europe
INT-000634,CUST-0452,Jacqueline Fisher,Mobile App,Online,Browse,,,,False,False,130,2024-06-02,Europe
INT-000635,CUST-0121,Derrick Saunders,Mobile App,Online,Search,,,,False,False,108,2024-06-30,Europe
INT-000636,CUST-0095,Kelly Beltran,Store,Offline,Browse,,,,False,False,113,2024-05-02,Europe
INT-000637,CUST-0392,April Bridges,Mobile App,Online,Browse,PROD-FUR-005,Desk Lamp,Furniture,True,False,114,2024-06-22,Asia Pacific
INT-000638,CUST-0422,Crystal Johnson,Mobile App,Online,Search,PROD-FUR-006,Office Desk,Furniture,True,False,123,2024-06-12,Asia Pacific
INT-000639,CUST-0332,Alejandro Barker,Web,Online,Add To Cart,PROD-FUR-000,Standing Desk Mat,Furniture,False,False,114,2024-09-25,North America
INT-000640,CUST-0364,Matthew Taylor,Store,Offline,Browse,PROD-STA-007,Paper Clips Box,Stationery,True,True,108,2024-07-18,North America
INT-000641,CUST-0364,Matthew Taylor,Web,Online,Recommendation Click,PROD-ELE-005,Portable SSD,Electronics,False,False,148,2024-03-22,North America
INT-000642,CUST-0444,Christina Simpson,Web,Online,Browse,PROD-FUR-004,Filing Cabinet,Furniture,False,False,123,2024-07-15,North America
INT-000643,CUST-0508,Brandon Pierce,Web,Online,Recommendation Click,,,,False,False,130,2024-04-08,North America
INT-000644,CUST-0528,Chad Frost,Store,Offline,Wishlist Add,PROD-FUR-001,Monitor Arm,Furniture,True,False,112,2024-12-17,North America
INT-000645,CUST-0477,Anthony Rodriguez,Mobile App,Online,Recommendation Click,PROD-FUR-004,Filing Cabinet,Furniture,False,False,113,2024-06-23,Europe
INT-000646,CUST-0101,Walter Stone,Email,Online,Recommendation Click,PROD-ELE-002,USB-C Hub,Electronics,True,False,111,2024-12-29,Asia Pacific
INT-000647,CUST-0381,Ryan Charles,Mobile App,Online,Browse,,,,False,False,123,2024-08-27,North America
INT-000648,CUST-0100,Jesus Nguyen,Email,Online,Browse,PROD-ELE-001,Mechanical Keyboard,Electronics,True,False,115,2024-07-04,North America
INT-000649,CUST-0274,Amanda Burgess,Web,Online,Search,PROD-ELE-002,USB-C Hub,Electronics,False,False,114,2024-01-28,Europe
INT-000650,CUST-0581,Michael Reeves,Web,Online,Search,PROD-FUR-000,Standing Desk Mat,Furniture,False,False,113,2024-08-09,North America
INT-000651,CUST-0479,Jacob Gardner,Mobile App,Online,Browse,,,,False,False,110,2024-05-12,Europe
INT-000652,CUST-0206,Ashley Duncan,Web,Online,Wishlist Add,PROD-ELE-006,Laptop Stand,Electronics,True,False,116,2024-10-29,Europe
INT-000653,CUST-0387,Virginia Johnson,Mobile App,Online,Store Visit,PROD-ELE-002,USB-C Hub,Electronics,False,False,137,2024-02-03,North America
INT-000654,CUST-0225,Aaron Chen,Mobile App,Online,Recommendation Click,,,,False,False,105,2024-07-22,Asia Pacific
INT-000655,CUST-0093,Ashley Bradley,Web,Online,Search,,,,False,False,133,2024-12-21,Europe
INT-000656,CUST-0421,Christian Thomas,Web,Online,Wishlist Add,PROD-FUR-007,Side Table,Furniture,False,False,106,2024-02-27,North America
INT-000657,CUST-0435,Kristie Brown,Email,Online,Support Chat,,,,True,False,119,2024-02-12,North America
INT-000658,CUST-0276,Hailey Hodges,Web,Online,Store Visit,PROD-FUR-005,Desk Lamp,Furniture,True,False,118,2024-10-01,Asia Pacific
INT-000659,CUST-0467,Jessica Rojas,Social Media,Online,Add To Cart,PROD-STA-005,Whiteboard Marker,Stationery,True,False,118,2024-02-05,North America
INT-000660,CUST-0218,Denise Woods,Email,Online,Browse,PROD-ELE-000,Wireless Mouse,Electronics,False,False,124,2024-04-13,North America
INT-000661,CUST-0092,Mr. John Jones,Mobile App,Online,Search,PROD-FUR-003,Bookshelf,Furniture,True,True,139,2024-03-23,Asia Pacific
INT-000662,CUST-0073,Aaron Garcia,Web,Online,Browse,PROD-STA-004,Document Folder,Stationery,True,True,133,2024-03-04,Asia Pacific
INT-000663,CUST-0019,Mr. Bryan Bailey,Mobile App,Online,Browse,,,,False,False,111,2024-01-13,North America
INT-000664,CUST-0437,Charles Hendricks,Web,Online,Browse,PROD-ELE-004,Webcam 1080p,Electronics,True,True,121,2024-12-21,Europe
INT-000665,CUST-0328,Gregory Williams,Web,Online,Add To Cart,,,,True,False,116,2024-11-05,North America
INT-000666,CUST-0120,Brian Peck,Web,Online,Search,PROD-FUR-006,Office Desk,Furniture,False,False,116,2024-07-14,North America
INT-000667,CUST-0517,Garrett Robertson,Web,Online,Browse,PROD-ELE-004,Webcam 1080p,Electronics,True,False,111,2024-05-05,North America
INT-000668,CUST-0199,Lisa Alvarado,Mobile App,Online,Browse,,,,True,False,109,2024-08-22,North America
INT-000669,CUST-0469,Mark Smith,Mobile App,Online,Browse,PROD-ELE-002,USB-C Hub,Electronics,False,False,125,2024-09-24,North America
INT-000670,CUST-0195,Joy Williams,Email,Online,Recommendation Click,,,,True,True,117,2024-07-19,Asia Pacific
INT-000671,CUST-0270,Rachel Weiss,Web,Online,Browse,PROD-ELE-000,Wireless Mouse,Electronics,True,False,136,2024-07-24,Asia Pacific
INT-000672,CUST-0005,Matthew Rodriguez,Store,Offline,Search,,,,True,False,118,2024-09-12,North America
INT-000673,CUST-0583,Rebecca Mills,Social Media,Online,Recommendation Click,PROD-STA-000,Notebook A5,Stationery,True,False,131,2024-09-07,North America
INT-000674,CUST-0119,Joseph Fox,Store,Offline,Recommendation Click,PROD-FUR-002,Ergonomic Chair,Furniture,False,False,106,2024-08-11,North America
INT-000675,CUST-0283,Jason Winters,Mobile App,Online,Browse,PROD-FUR-002,Ergonomic Chair,Furniture,False,False,120,2024-06-29,North America
INT-000676,CUST-0111,Lindsay Garner,Web,Online,Wishlist Add,PROD-FUR-006,Office Desk,Furniture,False,False,116,2024-01-12,North America
INT-000677,CUST-0208,Tiffany Pearson,Web,Online,Browse,PROD-FUR-000,Standing Desk Mat,Furniture,True,False,110,2024-01-18,Europe
INT-000678,CUST-0087,Deanna Sanchez,Mobile App,Online,Browse,PROD-ELE-005,Portable SSD,Electronics,True,False,120,2024-06-14,North America
INT-000679,CUST-0373,Jeffrey Smith,Web,Online,Search,PROD-STA-002,Highlighter Set,Stationery,False,False,122,2024-01-09,North America
INT-000680,CUST-0106,Daniel Jackson,Web,Online,Recommendation Click,PROD-ELE-006,Laptop Stand,Electronics,False,False,124,2024-12-09,North America
INT-000681,CUST-0188,Steven Sims Jr.,Email,Online,Browse,,,,False,False,125,2024-05-10,North America
INT-000682,CUST-0269,Rachael Lowe,Mobile App,Online,Browse,PROD-ELE-003,Bluetooth Headphones,Electronics,False,False,118,2024-03-08,Asia Pacific
INT-000683,CUST-0044,Susan Bates,Email,Online,Browse,PROD-ELE-001,Mechanical Keyboard,Electronics,False,False,82,2024-03-21,North America
INT-000684,CUST-0114,Cynthia White,Store,Offline,Browse,PROD-FUR-001,Monitor Arm,Furniture,False,False,112,2024-06-17,Europe
INT-000685,CUST-0051,Paula Rodriguez,Email,Online,Add To Cart,,,,True,False,106,2024-04-25,Europe
INT-000686,CUST-0482,Kimberly Wilson,Store,Offline,Browse,PROD-FUR-006,Office Desk,Furniture,False,False,108,2024-07-01,Asia Pacific
INT-000687,CUST-0040,Kenneth Mcclain,Web,Online,Wishlist Add,,,,True,False,145,2024-05-07,Asia Pacific
INT-000688,CUST-0210,Jeffery Rios,Store,Offline,Add To Cart,PROD-FUR-000,Standing Desk Mat,Furniture,False,False,111,2024-09-26,Europe
INT-000689,CUST-0519,Nancy Davis,Web,Online,Add To Cart,,,,False,False,117,2024-06-13,North America
INT-000690,CUST-0262,William Smith,Social Media,Online,Add To Cart,,,,True,False,115,2024-08-01,North America
INT-000691,CUST-0428,Eric Garcia,Email,Online,Support Chat,PROD-STA-001,Ballpoint Pen Pack,Stationery,False,False,120,2024-04-13,Asia Pacific
INT-000692,CUST-0235,Kimberly Fleming,Call Center,Offline,Support Chat,PROD-STA-002,Highlighter Set,Stationery,False,False,114,2024-02-07,Europe
INT-000693,CUST-0304,Rebecca Gilbert,Mobile App,Online,Search,PROD-STA-002,Highlighter Set,Stationery,False,False,115,2024-02-17,Europe
INT-000694,CUST-0274,Amanda Burgess,Web,Online,Add To Cart,PROD-FUR-005,Desk Lamp,Furniture,False,False,127,2024-08-23,Europe
INT-000695,CUST-0122,Michael Powers,Web,Online,Support Chat,PROD-STA-004,Document Folder,Stationery,False,False,125,2024-09-15,North America
INT-000696,CUST-0085,Megan Singh,Web,Online,Support Chat,,,,True,True,124,2024-02-16,North America
INT-000697,CUST-0276,Hailey Hodges,Web,Online,Add To Cart,PROD-FUR-003,Bookshelf,Furniture,False,False,131,2024-04-25,Europe
INT-000698,CUST-0124,Taylor Fletcher,Web,Online,Add To Cart,,,,False,False,110,2024-02-17,North America
INT-000699,CUST-0127,Daniel Nunez,Web,Online,Recommendation Click,,,,False,False,107,2024-04-26,North America
INT-000700,CUST-0121,Derrick Saunders,Email,Online,Wishlist Add,PROD-FUR-000,Standing Desk Mat,Furniture,False,False,101,2024-09-02,North America
INT-000701,CUST-0556,Michael Hill,Web,Online,Search,PROD-ELE-003,Bluetooth Headphones,Electronics,True,True,138,2024-08-23,North America
INT-000702,CUST-0233,Megan Robinson,Mobile App,Online,Search,PROD-FUR-001,Monitor Arm,Furniture,False,False,132,2024-06-30,Asia Pacific
INT-000703,CUST-0305,Erika Patterson,Web,Online,Browse,PROD-STA-003,Sticky Notes,Stationery,False,False,113,2024-12-03,Europe
INT-000704,CUST-0294,Isaac Martinez,Web,Online,Wishlist Add,PROD-ELE-002,USB-C Hub,Electronics,False,False,127,2024-09-21,Europe
INT-000705,CUST-0025,Tara Kidd,Store,Offline,Recommendation Click,,,,True,False,117,2024-07-22,North America
INT-000706,CUST-0004,Evelyn Wall,Social Media,Online,Add To Cart,,,,True,True,115,2024-01-17,North America
INT-000707,CUST-0002,John Johnson,Mobile App,Online,Support Chat,,,,True,False,112,2024-12-22,Europe
INT-000708,CUST-0053,Mark Rivera,Email,Online,Browse,PROD-ELE-000,Wireless Mouse,Electronics,False,False,116,2024-09-03,Asia Pacific
INT-000709,CUST-0548,Maria Allen,Web,Online,Add To Cart,,,,True,False,122,2024-01-04,Asia Pacific
INT-000710,CUST-0089,James Rhodes,Web,Online,Recommendation Click,PROD-STA-007,Paper Clips Box,Stationery,False,False,110,2024-09-24,North America
INT-000711,CUST-0542,Jamie Hart,Social Media,Online,Search,PROD-ELE-005,Portable SSD,Electronics,False,False,113,2024-01-05,North America
INT-000712,CUST-0307,Donna Branch,Web,Online,Browse,,,,True,False,108,2024-12-12,Asia Pacific
INT-000713,CUST-0352,Gina Griffin,Mobile App,Online,Recommendation Click,PROD-ELE-003,Bluetooth Headphones,Electronics,False,False,112,2024-12-03,Asia Pacific
INT-000714,CUST-0567,Shawn Clark,Web,Online,Add To Cart,,,,True,False,101,2024-04-12,Europe
INT-000715,CUST-0350,John Phillips,Mobile App,Online,Support Chat,PROD-FUR-005,Desk Lamp,Furniture,False,False,115,2024-07-12,North America
INT-000716,CUST-0566,Vanessa Rodgers,Mobile App,Online,Wishlist Add,PROD-STA-006,Stapler,Stationery,False,False,127,2024-08-13,Europe
INT-000717,CUST-0136,Robert Perez,Store,Offline,Add To Cart,PROD-STA-006,Stapler,Stationery,False,False,131,2024-08-11,North America
INT-000718,CUST-0449,Taylor Moss,Web,Online,Search,PROD-ELE-000,Wireless Mouse,Electronics,False,False,120,2024-12-19,North America
INT-000719,CUST-0592,Joy Kelly,Store,Offline,Search,PROD-FUR-007,Side Table,Furniture,True,True,103,2024-07-20,Asia Pacific
INT-000720,CUST-0010,Grant Olson,Web,Online,Browse,,,,True,False,110,2024-04-21,North America
INT-000721,CUST-0006,Robert Schmitt,Store,Offline,Browse,PROD-ELE-004,Webcam 1080p,Electronics,True,False,133,2024-12-26,Europe
INT-000722,CUST-0149,Jamie Sutton,Web,Online,Recommendation Click,PROD-ELE-000,Wireless Mouse,Electronics,True,False,125,2024-05-15,North America
INT-000723,CUST-0120,Brian Peck,Store,Offline,Wishlist Add,,,,False,False,130,2024-06-28,North America
INT-000724,CUST-0073,Aaron Garcia,Store,Offline,Recommendation Click,PROD-FUR-001,Monitor Arm,Furniture,True,False,124,2024-10-26,North America
INT-000725,CUST-0103,Tina Fields,Web,Online,Browse,PROD-ELE-007,HDMI Cable,Electronics,False,False,125,2024-04-16,Asia Pacific
INT-000726,CUST-0312,Traci Flores,Mobile App,Online,Add To Cart,,,,True,False,135,2024-10-29,Asia Pacific
INT-000727,CUST-0509,Alison Snyder,Web,Online,Recommendation Click,PROD-ELE-001,Mechanical Keyboard,Electronics,False,False,116,2024-03-11,Asia Pacific
INT-000728,CUST-0026,Debra Jones,Mobile App,Online,Search,PROD-ELE-003,Bluetooth Headphones,Electronics,False,False,125,2024-06-29,Europe
INT-000729,CUST-0356,Michael Baker,Email,Online,Browse,,,,False,False,122,2024-08-03,North America
INT-000730,CUST-0270,Rachel Weiss,Web,Online,Support Chat,PROD-ELE-000,Wireless Mouse,Electronics,True,True,127,2024-04-12,Asia Pacific
INT-000731,CUST-0035,Emily Moody,Web,Online,Wishlist Add,PROD-ELE-002,USB-C Hub,Electronics,False,False,108,2024-08-01,Asia Pacific
INT-000732,CUST-0363,Tammy Jones,Web,Online,Browse,PROD-ELE-001,Mechanical Keyboard,Electronics,False,False,132,2024-08-18,Asia Pacific
INT-000733,CUST-0504,Casey Turner,Email,Online,Wishlist Add,PROD-STA-001,Ballpoint Pen Pack,Stationery,True,True,118,2024-04-27,North America
INT-000734,CUST-0020,Jonathan Robinson,Web,Online,Recommendation Click,,,,False,False,133,2024-06-18,Europe
INT-000735,CUST-0058,Patricia Francis,Social Media,Online,Browse,,,,True,False,115,2024-10-06,Europe
INT-000736,CUST-0005,Matthew Rodriguez,Web,Online,Browse,PROD-FUR-002,Ergonomic Chair,Furniture,False,False,118,2024-06-15,Europe
INT-000737,CUST-0538,Arthur Collins,Call Center,Offline,Support Chat,PROD-ELE-005,Portable SSD,Electronics,False,False,138,2024-08-29,North America
INT-000738,CUST-0190,Walter Chavez,Store,Offline,Recommendation Click,,,,True,False,123,2024-11-29,North America
INT-000739,CUST-0586,Mark Hunter,Mobile App,Online,Search,PROD-ELE-004,Webcam 1080p,Electronics,False,False,116,2024-05-09,North America
INT-000740,CUST-0051,Paula Rodriguez,Store,Offline,Browse,PROD-STA-004,Document Folder,Stationery,False,False,129,2024-05-07,Europe
INT-000741,CUST-0224,Anthony Johnson,Web,Online,Recommendation Click,PROD-ELE-004,Webcam 1080p,Electronics,False,False,109,2024-07-22,Europe
INT-000742,CUST-0177,Bradley Delgado Jr.,Web,Online,Search,PROD-STA-003,Sticky Notes,Stationery,False,False,129,2024-02-02,Europe
INT-000743,CUST-0570,Patrick Leblanc,Mobile App,Online,Recommendation Click,PROD-ELE-001,Mechanical Keyboard,Electronics,True,False,109,2024-05-03,North America
INT-000744,CUST-0220,Christine Glover,Web,Online,Browse,,,,False,False,122,2024-08-28,Asia Pacific
INT-000745,CUST-0450,Jacob Barber,Email,Online,Add To Cart,PROD-STA-003,Sticky Notes,Stationery,True,False,117,2024-04-05,Europe
INT-000746,CUST-0033,Vicki Howard,Store,Offline,Store Visit,,,,False,False,127,2024-04-03,Asia Pacific
INT-000747,CUST-0360,Christine Martinez,Web,Online,Browse,PROD-STA-001,Ballpoint Pen Pack,Stationery,False,False,116,2024-12-14,North America
INT-000748,CUST-0477,Anthony Rodriguez,Mobile App,Online,Browse,PROD-ELE-005,Portable SSD,Electronics,True,True,102,2024-06-18,North America
INT-000749,CUST-0317,Perry Brooks,Mobile App,Online,Add To Cart,PROD-FUR-000,Standing Desk Mat,Furniture,False,False,122,2024-07-25,North America
INT-000750,CUST-0565,Rebecca Barton,Mobile App,Online,Browse,PROD-ELE-000,Wireless Mouse,Electronics,False,False,104,2024-11-17,Europe
INT-000751,CUST-0391,Kristina Johnson,Mobile App,Online,Recommendation Click,,,,True,True,123,2024-04-11,Asia Pacific
INT-000752,CUST-0373,Jeffrey Smith,Web,Online,Browse,PROD-ELE-002,USB-C Hub,Electronics,False,False,144,2024-02-15,North America
INT-000753,CUST-0043,James Garner,Mobile App,Online,Wishlist Add,,,,False,False,116,2024-06-23,North America
INT-000754,CUST-0042,Tyler Oneill,Store,Offline,Wishlist Add,,,,True,False,113,2024-10-01,Europe
INT-000755,CUST-0278,Amanda Hansen,Call Center,Offline,Recommendation Click,PROD-STA-004,Document Folder,Stationery,True,True,138,2024-01-18,North America
INT-000756,CUST-0584,Stacy Gardner,Web,Online,Recommendation Click,PROD-FUR-000,Standing Desk Mat,Furniture,False,False,137,2024-08-23,Europe
INT-000757,CUST-0563,Jonathan Mata,Web,Online,Browse,PROD-STA-003,Sticky Notes,Stationery,False,False,116,2024-11-07,Europe
INT-000758,CUST-0434,Jonathon Moore,Store,Offline,Recommendation Click,PROD-FUR-001,Monitor Arm,Furniture,True,False,127,2024-12-19,Asia Pacific
INT-000759,CUST-0145,Jennifer Bailey,Web,Online,Add To Cart,PROD-FUR-005,Desk Lamp,Furniture,True,False,117,2024-12-07,North America
INT-000760,CUST-0338,Victor Thomas,Mobile App,Online,Browse,PROD-FUR-001,Monitor Arm,Furniture,True,True,145,2024-10-10,Europe
INT-000761,CUST-0454,Jerome Wilson,Web,Online,Recommendation Click,,,,False,False,151,2024-10-14,North America
INT-000762,CUST-0115,Angela Hays,Call Center,Offline,Search,PROD-STA-006,Stapler,Stationery,True,True,105,2024-10-06,Europe
INT-000763,CUST-0544,Amber Williams,Mobile App,Online,Recommendation Click,,,,True,False,128,2024-02-02,Asia Pacific
INT-000764,CUST-0540,Michael Hill,Mobile App,Online,Add To Cart,PROD-FUR-004,Filing Cabinet,Furniture,True,True,121,2024-10-24,Asia Pacific
INT-000765,CUST-0449,Taylor Moss,Social Media,Online,Browse,,,,True,True,115,2024-03-30,Europe
INT-000766,CUST-0047,Brianna Hoffman,Web,Online,Add To Cart,PROD-ELE-006,Laptop Stand,Electronics,False,False,110,2024-07-13,Europe
INT-000767,CUST-0099,Jill Richardson,Store,Offline,Browse,,,,False,False,125,2024-05-28,Europe
INT-000768,CUST-0051,Paula Rodriguez,Web,Online,Store Visit,PROD-ELE-007,HDMI Cable,Electronics,False,False,110,2024-04-29,Asia Pacific
INT-000769,CUST-0189,Nicole Garrett,Mobile App,Online,Browse,PROD-FUR-004,Filing Cabinet,Furniture,False,False,117,2024-11-13,North America
INT-000770,CUST-0007,Alan Martin,Web,Online,Browse,,,,False,False,144,2024-01-06,North America
INT-000771,CUST-0424,Cindy Miller,Store,Offline,Browse,PROD-ELE-005,Portable SSD,Electronics,False,False,105,2024-10-18,North America
INT-000772,CUST-0528,Chad Frost,Email,Online,Recommendation Click,PROD-ELE-004,Webcam 1080p,Electronics,False,False,128,2024-02-12,Europe
INT-000773,CUST-0108,Danielle Johnson,Web,Online,Search,,,,False,False,126,2024-08-14,Europe
INT-000774,CUST-0287,Tracy Waters,Web,Online,Browse,PROD-FUR-003,Bookshelf,Furniture,False,False,98,2024-04-03,North America
INT-000775,CUST-0094,Alexander Odom,Web,Online,Wishlist Add,PROD-STA-000,Notebook A5,Stationery,False,False,123,2024-01-23,Europe
INT-000776,CUST-0318,Travis Tucker,Email,Online,Support Chat,PROD-FUR-005,Desk Lamp,Furniture,False,False,117,2024-03-25,North America
INT-000777,CUST-0584,Stacy Gardner,Social Media,Online,Support Chat,PROD-FUR-007,Side Table,Furniture,False,False,133,2024-12-22,North America
INT-000778,CUST-0270,Rachel Weiss,Store,Offline,Browse,PROD-STA-003,Sticky Notes,Stationery,True,True,127,2024-09-04,North America
INT-000779,CUST-0240,Ralph Gilmore,Mobile App,Online,Recommendation Click,,,,False,False,115,2024-02-04,Europe
INT-000780,CUST-0048,Russell Williams,Store,Offline,Add To Cart,,,,False,False,131,2024-09-25,Europe
INT-000781,CUST-0075,Nathaniel Hall,Email,Online,Store Visit,PROD-ELE-003,Bluetooth Headphones,Electronics,True,False,117,2024-08-28,North America
INT-000782,CUST-0118,Jeffrey English,Mobile App,Online,Browse,PROD-ELE-003,Bluetooth Headphones,Electronics,False,False,115,2024-09-26,Europe
INT-000783,CUST-0352,Gina Griffin,Web,Online,Store Visit,PROD-ELE-007,HDMI Cable,Electronics,True,False,115,2024-01-14,Asia Pacific
INT-000784,CUST-0241,Charles Watson,Web,Online,Search,PROD-STA-000,Notebook A5,Stationery,True,False,120,2024-07-11,North America
INT-000785,CUST-0152,Sylvia Carrillo,Social Media,Online,Browse,PROD-FUR-000,Standing Desk Mat,Furniture,True,False,123,2024-08-11,Asia Pacific
INT-000786,CUST-0326,Robert Brown,Web,Online,Browse,PROD-FUR-007,Side Table,Furniture,False,False,123,2024-10-15,Europe
INT-000787,CUST-0556,Michael Hill,Web,Online,Wishlist Add,PROD-ELE-006,Laptop Stand,Electronics,True,True,121,2024-07-06,Europe
INT-000788,CUST-0395,Lori Lambert,Web,Online,Browse,PROD-FUR-002,Ergonomic Chair,Furniture,True,True,109,2024-12-27,North America
INT-000789,CUST-0317,Perry Brooks,Store,Offline,Recommendation Click,PROD-STA-007,Paper Clips Box,Stationery,False,False,122,2024-06-18,North America
INT-000790,CUST-0422,Crystal Johnson,Email,Online,Search,,,,True,False,123,2024-07-06,Asia Pacific
INT-000791,CUST-0308,Greg Ramirez,Email,Online,Add To Cart,PROD-ELE-007,HDMI Cable,Electronics,False,False,127,2024-06-13,Europe
INT-000792,CUST-0125,Dawn Rowland,Email,Online,Recommendation Click,PROD-ELE-000,Wireless Mouse,Electronics,True,False,124,2024-09-06,Europe
INT-000793,CUST-0214,Brenda Cook,Email,Online,Support Chat,PROD-FUR-004,Filing Cabinet,Furniture,False,False,116,2024-09-16,North America
INT-000794,CUST-0030,Ashley Hernandez PhD,Store,Offline,Recommendation Click,PROD-ELE-002,USB-C Hub,Electronics,True,False,138,2024-12-09,Europe
INT-000795,CUST-0070,Joshua Obrien,Mobile App,Online,Browse,PROD-ELE-003,Bluetooth Headphones,Electronics,True,False,101,2024-10-30,North America
INT-000796,CUST-0068,Michael Medina,Store,Offline,Search,PROD-FUR-005,Desk Lamp,Furniture,False,False,118,2024-10-24,Europe
INT-000797,CUST-0472,John Stevenson,Web,Online,Search,PROD-ELE-002,USB-C Hub,Electronics,False,False,114,2024-05-27,North America
INT-000798,CUST-0400,Darrell Johnson,Email,Online,Store Visit,PROD-ELE-007,HDMI Cable,Electronics,True,False,140,2024-07-17,North America
INT-000799,CUST-0209,Sharon Williams,Social Media,Online,Search,PROD-STA-006,Stapler,Stationery,False,False,115,2024-03-18,North America
INT-000800,CUST-0581,Michael Reeves,Mobile App,Online,Support Chat,PROD-STA-003,Sticky Notes,Stationery,False,False,121,2024-08-19,Europe
INT-000801,CUST-0526,Christopher Soto,Web,Online,Search,PROD-FUR-001,Monitor Arm,Furniture,True,True,90,2024-06-23,Europe
INT-000802,CUST-0534,Patrick Barton,Social Media,Online,Add To Cart,,,,True,True,125,2024-05-20,North America
INT-000803,CUST-0252,Michael Johnson,Call Center,Offline,Support Chat,PROD-ELE-004,Webcam 1080p,Electronics,True,False,138,2024-06-30,Asia Pacific
INT-000804,CUST-0178,Michael Frey,Email,Online,Add To Cart,PROD-STA-007,Paper Clips Box,Stationery,True,False,118,2024-02-23,Asia Pacific
INT-000805,CUST-0123,Eugene Jones,Mobile App,Online,Search,PROD-ELE-001,Mechanical Keyboard,Electronics,False,False,121,2024-06-24,Asia Pacific
INT-000806,CUST-0020,Jonathan Robinson,Web,Online,Browse,PROD-ELE-005,Portable SSD,Electronics,False,False,136,2024-09-27,North America
INT-000807,CUST-0561,Stephen Walker,Web,Online,Store Visit,PROD-STA-004,Document Folder,Stationery,True,False,121,2024-01-08,Europe
INT-000808,CUST-0575,William Campbell,Mobile App,Online,Add To Cart,,,,False,False,103,2024-08-16,North America
INT-000809,CUST-0394,Megan Hood,Email,Online,Browse,PROD-ELE-005,Portable SSD,Electronics,True,True,113,2024-02-05,Asia Pacific
INT-000810,CUST-0324,Amy Giles,Store,Offline,Browse,PROD-ELE-003,Bluetooth Headphones,Electronics,False,False,132,2024-09-25,Asia Pacific
INT-000811,CUST-0429,Donna Kelly,Web,Online,Browse,PROD-STA-003,Sticky Notes,Stationery,True,False,135,2024-05-10,North America
INT-000812,CUST-0442,Molly Hurley,Store,Offline,Browse,PROD-STA-007,Paper Clips Box,Stationery,True,False,120,2024-08-21,North America
INT-000813,CUST-0188,Steven Sims Jr.,Mobile App,Online,Add To Cart,PROD-STA-004,Document Folder,Stationery,False,False,104,2024-09-24,Asia Pacific
INT-000814,CUST-0354,Mackenzie Gonzalez,Mobile App,Online,Add To Cart,,,,True,True,108,2024-11-27,North America
INT-000815,CUST-0218,Denise Woods,Mobile App,Online,Browse,PROD-STA-000,Notebook A5,Stationery,True,False,119,2024-05-10,Asia Pacific
INT-000816,CUST-0254,Erik Blair,Email,Online,Add To Cart,PROD-ELE-004,Webcam 1080p,Electronics,True,False,112,2024-10-08,Asia Pacific
INT-000817,CUST-0267,Lynn Lopez,Web,Online,Browse,,,,True,False,128,2024-12-31,Asia Pacific
INT-000818,CUST-0045,Sarah Mathews,Mobile App,Online,Wishlist Add,,,,True,False,121,2024-07-02,North America
INT-000819,CUST-0018,Janet Rogers,Social Media,Online,Recommendation Click,PROD-STA-006,Stapler,Stationery,False,False,98,2024-06-23,Europe
INT-000820,CUST-0429,Donna Kelly,Mobile App,Online,Support Chat,PROD-STA-006,Stapler,Stationery,True,False,119,2024-01-08,Europe
INT-000821,CUST-0414,Elizabeth Thompson,Web,Online,Browse,PROD-FUR-002,Ergonomic Chair,Furniture,True,True,102,2024-09-11,Europe
INT-000822,CUST-0027,Matthew Mccann,Web,Online,Store Visit,,,,True,True,144,2024-03-18,Europe
INT-000823,CUST-0389,Ms. Chelsey Miller DDS,Social Media,Online,Add To Cart,PROD-ELE-006,Laptop Stand,Electronics,True,True,135,2024-01-20,North America
INT-000824,CUST-0525,John Johnson,Web,Online,Browse,PROD-FUR-006,Office Desk,Furniture,True,False,113,2024-01-20,Europe
INT-000825,CUST-0263,Timothy Deleon,Web,Online,Support Chat,PROD-ELE-003,Bluetooth Headphones,Electronics,False,False,100,2024-11-27,North America
INT-000826,CUST-0393,Anita Allen,Web,Online,Store Visit,PROD-ELE-000,Wireless Mouse,Electronics,True,True,133,2024-11-25,Asia Pacific
INT-000827,CUST-0474,Katie Lee,Mobile App,Online,Search,,,,False,False,118,2024-08-16,North America
INT-000828,CUST-0543,Edward Wong,Email,Online,Recommendation Click,,,,True,False,117,2024-01-14,Europe
INT-000829,CUST-0598,Jennifer Garcia,Social Media,Online,Add To Cart,,,,False,False,130,2024-05-25,Europe
INT-000830,CUST-0193,Michael Hancock,Email,Online,Recommendation Click,PROD-STA-001,Ballpoint Pen Pack,Stationery,True,False,113,2024-05-31,Europe
INT-000831,CUST-0194,Michael Barry,Store,Offline,Recommendation Click,PROD-FUR-001,Monitor Arm,Furniture,True,False,137,2024-05-19,North America
INT-000832,CUST-0502,Eric Wood,Mobile App,Online,Recommendation Click,PROD-STA-000,Notebook A5,Stationery,True,False,144,2024-02-12,Asia Pacific
INT-000833,CUST-0032,Elizabeth Santos,Mobile App,Online,Browse,,,,False,False,112,2024-04-29,Asia Pacific
INT-000834,CUST-0415,Rodney Lambert,Mobile App,Online,Search,PROD-FUR-003,Bookshelf,Furniture,False,False,92,2024-03-16,Europe
INT-000835,CUST-0457,Jose Fernandez,Call Center,Offline,Recommendation Click,PROD-FUR-002,Ergonomic Chair,Furniture,False,False,125,2024-06-03,North America
INT-000836,CUST-0282,Nicole Douglas,Web,Online,Search,PROD-STA-000,Notebook A5,Stationery,False,False,141,2024-05-07,Europe
INT-000837,CUST-0280,Erik Duncan,Mobile App,Online,Browse,,,,False,False,118,2024-10-16,Asia Pacific
INT-000838,CUST-0014,Michael Klein,Email,Online,Search,PROD-STA-001,Ballpoint Pen Pack,Stationery,True,False,117,2024-05-14,Europe
INT-000839,CUST-0402,Matthew Archer,Web,Online,Add To Cart,PROD-FUR-003,Bookshelf,Furniture,False,False,107,2024-12-28,North America
INT-000840,CUST-0331,Matthew Johnston,Store,Offline,Search,PROD-STA-007,Paper Clips Box,Stationery,True,False,118,2024-06-18,Europe
INT-000841,CUST-0456,Donald Ellis,Mobile App,Online,Browse,PROD-ELE-001,Mechanical Keyboard,Electronics,False,False,129,2024-06-04,North America
INT-000842,CUST-0117,Kelly Parker,Email,Online,Browse,,,,True,True,112,2024-05-13,North America
INT-000843,CUST-0091,Kimberly Conway,Store,Offline,Search,PROD-ELE-001,Mechanical Keyboard,Electronics,True,False,118,2024-10-28,North America
INT-000844,CUST-0353,Jamie Parsons,Mobile App,Online,Add To Cart,,,,False,False,123,2024-10-25,North America
INT-000845,CUST-0266,Megan Ward,Store,Offline,Browse,PROD-FUR-004,Filing Cabinet,Furniture,False,False,133,2024-01-17,Asia Pacific
INT-000846,CUST-0545,Alison Andrews,Web,Online,Browse,PROD-FUR-004,Filing Cabinet,Furniture,False,False,112,2024-05-08,North America
INT-000847,CUST-0073,Aaron Garcia,Store,Offline,Browse,,,,False,False,96,2024-05-18,Europe
INT-000848,CUST-0527,Sarah Brown,Web,Online,Store Visit,PROD-STA-002,Highlighter Set,Stationery,False,False,109,2024-01-29,Europe
INT-000849,CUST-0457,Jose Fernandez,Web,Online,Add To Cart,PROD-FUR-004,Filing Cabinet,Furniture,False,False,133,2024-12-19,North America
INT-000850,CUST-0512,Mitchell Gomez,Web,Online,Recommendation Click,PROD-ELE-004,Webcam 1080p,Electronics,False,False,128,2024-11-21,Europe
INT-000851,CUST-0525,John Johnson,Mobile App,Online,Browse,,,,True,False,110,2024-07-09,North America
INT-000852,CUST-0468,Daniel Jones,Web,Online,Store Visit,PROD-FUR-004,Filing Cabinet,Furniture,False,False,111,2024-08-03,North America
INT-000853,CUST-0218,Denise Woods,Web,Online,Add To Cart,PROD-FUR-007,Side Table,Furniture,False,False,122,2024-06-07,Europe
INT-000854,CUST-0151,Amy Valdez,Social Media,Online,Browse,PROD-STA-001,Ballpoint Pen Pack,Stationery,True,False,126,2024-10-21,Europe
INT-000855,CUST-0153,Danielle Richmond,Store,Offline,Add To Cart,,,,False,False,114,2024-04-05,North America
INT-000856,CUST-0405,Dana Rice,Web,Online,Browse,PROD-ELE-002,USB-C Hub,Electronics,False,False,113,2024-01-17,Europe
INT-000857,CUST-0421,Christian Thomas,Mobile App,Online,Recommendation Click,PROD-ELE-000,Wireless Mouse,Electronics,False,False,109,2024-04-05,Europe
INT-000858,CUST-0522,Laura Alexander,Email,Online,Recommendation Click,PROD-ELE-000,Wireless Mouse,Electronics,False,False,128,2024-04-23,Europe
INT-000859,CUST-0010,Grant Olson,Web,Online,Add To Cart,PROD-FUR-007,Side Table,Furniture,True,True,121,2024-01-16,Europe
INT-000860,CUST-0319,Erin Suarez,Store,Offline,Recommendation Click,PROD-FUR-006,Office Desk,Furniture,True,False,127,2024-08-28,Asia Pacific
INT-000861,CUST-0215,Stacy Thompson,Web,Online,Browse,PROD-ELE-001,Mechanical Keyboard,Electronics,False,False,104,2024-07-14,Europe
INT-000862,CUST-0109,Patricia Woods,Mobile App,Online,Wishlist Add,,,,True,False,124,2024-01-28,Europe
INT-000863,CUST-0227,Jeffery Hatfield,Store,Offline,Store Visit,,,,False,False,106,2024-08-14,North America
INT-000864,CUST-0431,Kelsey Reynolds,Email,Online,Support Chat,PROD-FUR-005,Desk Lamp,Furniture,False,False,118,2024-09-03,Asia Pacific
INT-000865,CUST-0236,Elizabeth Campbell,Email,Online,Add To Cart,PROD-ELE-006,Laptop Stand,Electronics,True,True,126,2024-03-08,Asia Pacific
INT-000866,CUST-0154,Kristen House,Mobile App,Online,Browse,PROD-STA-006,Stapler,Stationery,True,True,110,2024-12-22,North America
INT-000867,CUST-0100,Jesus Nguyen,Mobile App,Online,Wishlist Add,PROD-ELE-003,Bluetooth Headphones,Electronics,False,False,117,2024-04-01,Europe
INT-000868,CUST-0170,Francisco Crawford,Email,Online,Wishlist Add,PROD-FUR-005,Desk Lamp,Furniture,False,False,126,2024-06-04,Europe
INT-000869,CUST-0153,Danielle Richmond,Web,Online,Store Visit,PROD-ELE-006,Laptop Stand,Electronics,False,False,107,2024-09-09,North America
INT-000870,CUST-0237,Alexandra Foster,Mobile App,Online,Recommendation Click,PROD-ELE-001,Mechanical Keyboard,Electronics,True,False,137,2024-07-05,North America
INT-000871,CUST-0575,William Campbell,Email,Online,Search,,,,False,False,144,2024-06-23,North America
INT-000872,CUST-0514,Amanda White,Mobile App,Online,Store Visit,,,,True,False,106,2024-03-13,North America
INT-000873,CUST-0139,Steven Flores,Social Media,Online,Add To Cart,PROD-STA-001,Ballpoint Pen Pack,Stationery,False,False,127,2024-01-10,Asia Pacific
INT-000874,CUST-0186,Richard Chavez,Email,Online,Recommendation Click,,,,False,False,115,2024-12-19,Europe
INT-000875,CUST-0178,Michael Frey,Web,Online,Recommendation Click,PROD-ELE-007,HDMI Cable,Electronics,True,True,144,2024-06-09,Europe
INT-000876,CUST-0146,Gregory Gray,Mobile App,Online,Search,,,,False,False,123,2024-02-22,Europe
INT-000877,CUST-0338,Victor Thomas,Web,Online,Browse,PROD-ELE-001,Mechanical Keyboard,Electronics,True,False,108,2024-06-29,Asia Pacific
INT-000878,CUST-0466,Jessica Roth,Email,Online,Search,,,,False,False,121,2024-03-17,Asia Pacific
INT-000879,CUST-0451,Taylor Adams,Mobile App,Online,Recommendation Click,,,,False,False,122,2024-09-14,Asia Pacific
INT-000880,CUST-0093,Ashley Bradley,Store,Offline,Support Chat,PROD-ELE-005,Portable SSD,Electronics,False,False,142,2024-01-14,Europe
INT-000881,CUST-0076,Tyler Lewis,Mobile App,Online,Browse,PROD-ELE-004,Webcam 1080p,Electronics,True,False,110,2024-07-14,Asia Pacific
INT-000882,CUST-0323,Rachel Smith,Web,Online,Add To Cart,,,,True,False,103,2024-10-26,North America
INT-000883,CUST-0264,Dr. Robert Howard Jr.,Web,Online,Browse,,,,True,False,118,2024-01-17,Asia Pacific
INT-000884,CUST-0021,Nathan Tucker,Web,Online,Browse,PROD-FUR-001,Monitor Arm,Furniture,True,True,132,2024-05-12,Europe
INT-000885,CUST-0361,Derek Lewis,Web,Online,Browse,,,,True,False,123,2024-03-28,Asia Pacific
INT-000886,CUST-0238,Abigail Norris,Store,Offline,Search,,,,True,False,115,2024-10-11,Europe
INT-000887,CUST-0419,Steven Morris,Store,Offline,Search,,,,False,False,132,2024-01-25,Europe
INT-000888,CUST-0251,Joshua Martin,Mobile App,Online,Browse,PROD-ELE-003,Bluetooth Headphones,Electronics,True,True,115,2024-04-13,Europe
INT-000889,CUST-0082,Joseph Newton,Mobile App,Online,Browse,PROD-FUR-003,Bookshelf,Furniture,False,False,121,2024-07-09,North America
INT-000890,CUST-0531,Kevin Small,Store,Offline,Store Visit,PROD-FUR-002,Ergonomic Chair,Furniture,True,False,122,2024-03-29,Asia Pacific
INT-000891,CUST-0472,John Stevenson,Web,Online,Search,,,,True,False,123,2024-09-08,Europe
INT-000892,CUST-0143,Kathleen Garcia,Web,Online,Support Chat,PROD-STA-005,Whiteboard Marker,Stationery,True,True,129,2024-03-22,Europe
INT-000893,CUST-0020,Jonathan Robinson,Mobile App,Online,Support Chat,PROD-STA-003,Sticky Notes,Stationery,False,False,125,2024-08-16,North America
INT-000894,CUST-0089,James Rhodes,Web,Online,Support Chat,PROD-STA-004,Document Folder,Stationery,True,False,110,2024-02-25,Asia Pacific
INT-000895,CUST-0588,Kenneth Parker,Web,Online,Add To Cart,PROD-FUR-001,Monitor Arm,Furniture,True,False,149,2024-05-25,North America
INT-000896,CUST-0139,Steven Flores,Social Media,Online,Wishlist Add,PROD-ELE-005,Portable SSD,Electronics,False,False,122,2024-10-16,Europe
INT-000897,CUST-0487,Timothy Osborne,Web,Online,Recommendation Click,,,,True,True,126,2024-01-09,North America
INT-000898,CUST-0569,Katherine Nelson,Store,Offline,Browse,,,,False,False,136,2024-12-26,North America
INT-000899,CUST-0555,Patrick Butler,Mobile App,Online,Wishlist Add,PROD-ELE-000,Wireless Mouse,Electronics,False,False,116,2024-12-16,North America
INT-000900,CUST-0299,Jeffrey Harrison,Web,Online,Browse,PROD-STA-001,Ballpoint Pen Pack,Stationery,True,True,128,2024-01-26,North America
INT-000901,CUST-0412,Brett Oliver,Web,Online,Recommendation Click,,,,False,False,116,2024-10-01,North America
INT-000902,CUST-0496,Jeremiah Brown,Social Media,Online,Wishlist Add,,,,True,False,115,2024-05-21,Asia Pacific
INT-000903,CUST-0094,Alexander Odom,Social Media,Online,Recommendation Click,PROD-FUR-004,Filing Cabinet,Furniture,False,False,140,2024-06-03,North America
INT-000904,CUST-0065,John Walker,Mobile App,Online,Add To Cart,PROD-STA-004,Document Folder,Stationery,True,False,138,2024-09-25,North America
INT-000905,CUST-0149,Jamie Sutton,Store,Offline,Store Visit,PROD-STA-002,Highlighter Set,Stationery,True,False,113,2024-09-08,North America
INT-000906,CUST-0563,Jonathan Mata,Web,Online,Recommendation Click,PROD-ELE-005,Portable SSD,Electronics,False,False,105,2024-06-02,North America
INT-000907,CUST-0400,Darrell Johnson,Mobile App,Online,Store Visit,PROD-ELE-007,HDMI Cable,Electronics,True,True,121,2024-01-12,Asia Pacific
INT-000908,CUST-0582,Kristi Lopez,Email,Online,Search,PROD-ELE-000,Wireless Mouse,Electronics,True,False,134,2024-11-08,North America
INT-000909,CUST-0419,Steven Morris,Mobile App,Online,Recommendation Click,PROD-ELE-002,USB-C Hub,Electronics,True,False,110,2024-08-22,North America
INT-000910,CUST-0244,Eric Miller,Email,Online,Browse,PROD-FUR-001,Monitor Arm,Furniture,False,False,126,2024-07-20,North America
INT-000911,CUST-0499,Larry George,Mobile App,Online,Wishlist Add,PROD-ELE-000,Wireless Mouse,Electronics,False,False,135,2024-01-19,North America
INT-000912,CUST-0067,Amber Grant,Web,Online,Add To Cart,PROD-FUR-000,Standing Desk Mat,Furniture,False,False,107,2024-09-13,Europe
INT-000913,CUST-0540,Michael Hill,Mobile App,Online,Search,,,,True,False,115,2024-05-01,Europe
INT-000914,CUST-0253,Douglas Gray,Mobile App,Online,Browse,PROD-STA-005,Whiteboard Marker,Stationery,False,False,132,2024-07-29,North America
INT-000915,CUST-0160,Nathan Walker,Mobile App,Online,Search,PROD-ELE-002,USB-C Hub,Electronics,True,False,118,2024-01-30,Europe
INT-000916,CUST-0401,Roger Shaw,Mobile App,Online,Search,PROD-ELE-000,Wireless Mouse,Electronics,False,False,130,2024-07-16,Europe
INT-000917,CUST-0412,Brett Oliver,Web,Online,Add To Cart,,,,True,False,135,2024-12-07,Asia Pacific
INT-000918,CUST-0381,Ryan Charles,Store,Offline,Add To Cart,PROD-ELE-007,HDMI Cable,Electronics,False,False,115,2024-03-25,Europe
INT-000919,CUST-0168,Anna Key,Email,Online,Wishlist Add,PROD-ELE-007,HDMI Cable,Electronics,False,False,123,2024-07-20,Asia Pacific
INT-000920,CUST-0513,Christine Watkins,Web,Online,Support Chat,,,,True,False,142,2024-10-06,Europe
INT-000921,CUST-0279,Joseph Lambert,Call Center,Offline,Search,,,,True,False,126,2024-05-31,North America
INT-000922,CUST-0580,Diana Williams,Call Center,Offline,Store Visit,,,,True,True,125,2024-02-25,North America
INT-000923,CUST-0212,Melissa Nash,Email,Online,Wishlist Add,PROD-FUR-004,Filing Cabinet,Furniture,False,False,116,2024-09-08,Europe
INT-000924,CUST-0313,Samantha Love,Mobile App,Online,Search,PROD-FUR-003,Bookshelf,Furniture,True,True,130,2024-01-10,Asia Pacific
INT-000925,CUST-0498,Joseph Buchanan,Web,Online,Recommendation Click,,,,False,False,129,2024-03-04,North America
INT-000926,CUST-0069,Amy Lewis,Social Media,Online,Browse,PROD-FUR-001,Monitor Arm,Furniture,False,False,117,2024-11-24,Europe
INT-000927,CUST-0363,Tammy Jones,Mobile App,Online,Browse,PROD-STA-000,Notebook A5,Stationery,True,False,108,2024-01-03,Asia Pacific
INT-000928,CUST-0360,Christine Martinez,Store,Offline,Browse,,,,False,False,113,2024-03-28,Europe
INT-000929,CUST-0005,Matthew Rodriguez,Mobile App,Online,Store Visit,,,,True,False,104,2024-07-24,North America
INT-000930,CUST-0216,Brent Stokes,Mobile App,Online,Store Visit,,,,False,False,126,2024-02-19,North America
INT-000931,CUST-0547,Sara Baker MD,Web,Online,Wishlist Add,,,,False,False,111,2024-03-13,North America
INT-000932,CUST-0042,Tyler Oneill,Social Media,Online,Browse,PROD-ELE-004,Webcam 1080p,Electronics,True,False,115,2024-11-10,North America
INT-000933,CUST-0447,Joann Franklin,Mobile App,Online,Recommendation Click,PROD-STA-000,Notebook A5,Stationery,False,False,127,2024-08-25,Europe
INT-000934,CUST-0283,Jason Winters,Web,Online,Wishlist Add,,,,True,True,134,2024-04-19,Europe
INT-000935,CUST-0550,Jacqueline Richardson DDS,Mobile App,Online,Search,PROD-STA-002,Highlighter Set,Stationery,False,False,124,2024-12-13,Asia Pacific
INT-000936,CUST-0481,Benjamin Jenkins,Mobile App,Online,Store Visit,PROD-STA-007,Paper Clips Box,Stationery,False,False,107,2024-04-05,Europe
INT-000937,CUST-0318,Travis Tucker,Mobile App,Online,Add To Cart,PROD-FUR-004,Filing Cabinet,Furniture,True,False,119,2024-01-09,North America
INT-000938,CUST-0314,Matthew Jones,Web,Online,Support Chat,PROD-ELE-007,HDMI Cable,Electronics,False,False,125,2024-10-09,North America
INT-000939,CUST-0120,Brian Peck,Mobile App,Online,Add To Cart,,,,False,False,117,2024-04-19,North America
INT-000940,CUST-0150,Walter Parsons,Store,Offline,Browse,,,,False,False,100,2024-02-26,North America
INT-000941,CUST-0501,Janice Burns,Store,Offline,Add To Cart,,,,False,False,123,2024-03-06,Europe
INT-000942,CUST-0512,Mitchell Gomez,Store,Offline,Search,,,,True,False,120,2024-04-20,North America
INT-000943,CUST-0042,Tyler Oneill,Web,Online,Wishlist Add,PROD-STA-003,Sticky Notes,Stationery,True,False,114,2024-12-20,North America
INT-000944,CUST-0227,Jeffery Hatfield,Store,Offline,Browse,PROD-ELE-007,HDMI Cable,Electronics,False,False,115,2024-04-27,North America
INT-000945,CUST-0505,Kenneth French,Web,Online,Search,PROD-STA-002,Highlighter Set,Stationery,True,False,139,2024-06-28,Europe
INT-000946,CUST-0393,Anita Allen,Mobile App,Online,Wishlist Add,,,,True,False,105,2024-01-14,Europe
INT-000947,CUST-0466,Jessica Roth,Store,Offline,Recommendation Click,PROD-STA-001,Ballpoint Pen Pack,Stationery,False,False,134,2024-08-10,Europe
INT-000948,CUST-0099,Jill Richardson,Web,Online,Recommendation Click,,,,False,False,114,2024-01-12,North America
INT-000949,CUST-0131,Evan Mann,Web,Online,Recommendation Click,PROD-ELE-003,Bluetooth Headphones,Electronics,True,True,112,2024-07-01,North America
INT-000950,CUST-0126,Meredith Werner,Web,Online,Search,PROD-STA-005,Whiteboard Marker,Stationery,True,False,127,2024-01-15,North America
INT-000951,CUST-0416,Kevin Craig,Call Center,Offline,Recommendation Click,PROD-ELE-000,Wireless Mouse,Electronics,True,False,120,2024-04-17,North America
INT-000952,CUST-0450,Jacob Barber,Mobile App,Online,Support Chat,PROD-ELE-002,USB-C Hub,Electronics,True,True,121,2024-02-16,Asia Pacific
INT-000953,CUST-0452,Jacqueline Fisher,Mobile App,Online,Recommendation Click,PROD-STA-004,Document Folder,Stationery,False,False,124,2024-09-23,North America
INT-000954,CUST-0396,Kayla Coleman,Web,Online,Recommendation Click,PROD-FUR-000,Standing Desk Mat,Furniture,False,False,130,2024-09-11,Europe
INT-000955,CUST-0124,Taylor Fletcher,Store,Offline,Search,PROD-FUR-003,Bookshelf,Furniture,True,True,108,2024-03-20,Europe
INT-000956,CUST-0115,Angela Hays,Mobile App,Online,Browse,PROD-FUR-004,Filing Cabinet,Furniture,True,False,101,2024-05-25,North America
INT-000957,CUST-0048,Russell Williams,Social Media,Online,Wishlist Add,PROD-FUR-000,Standing Desk Mat,Furniture,True,False,134,2024-04-18,Europe
INT-000958,CUST-0357,Shelby Yoder DDS,Web,Online,Store Visit,,,,True,False,125,2024-11-11,North America
INT-000959,CUST-0491,Mr. Trevor Berry,Email,Online,Support Chat,,,,False,False,123,2024-08-02,North America
INT-000960,CUST-0360,Christine Martinez,Web,Online,Search,PROD-FUR-001,Monitor Arm,Furniture,True,False,122,2024-02-16,North America
INT-000961,CUST-0598,Jennifer Garcia,Call Center,Offline,Support Chat,,,,False,False,114,2024-10-28,Asia Pacific
INT-000962,CUST-0034,Julia Olson,Call Center,Offline,Recommendation Click,PROD-STA-001,Ballpoint Pen Pack,Stationery,False,False,128,2024-08-02,Asia Pacific
INT-000963,CUST-0525,John Johnson,Store,Offline,Store Visit,,,,True,False,102,2024-11-06,North America
INT-000964,CUST-0234,Andrea Sanchez,Web,Online,Wishlist Add,PROD-STA-005,Whiteboard Marker,Stationery,True,True,107,2024-09-11,Europe
INT-000965,CUST-0133,Neil Estes,Call Center,Offline,Add To Cart,,,,False,False,116,2024-08-04,Asia Pacific
INT-000966,CUST-0362,Laura Macias,Web,Online,Add To Cart,,,,False,False,112,2024-03-08,Europe
INT-000967,CUST-0240,Ralph Gilmore,Web,Online,Search,PROD-STA-006,Stapler,Stationery,False,False,102,2024-06-21,Asia Pacific
INT-000968,CUST-0242,Mr. Robert Thomas,Store,Offline,Add To Cart,PROD-ELE-000,Wireless Mouse,Electronics,True,False,135,2024-10-10,Asia Pacific
INT-000969,CUST-0166,Tammy Anderson,Web,Online,Search,PROD-FUR-006,Office Desk,Furniture,True,False,107,2024-04-07,Europe
INT-000970,CUST-0359,Tracy Wells,Call Center,Offline,Browse,,,,False,False,111,2024-07-10,Europe
INT-000971,CUST-0071,Traci Martin,Web,Online,Search,PROD-ELE-002,USB-C Hub,Electronics,False,False,130,2024-03-10,North America
INT-000972,CUST-0047,Brianna Hoffman,Social Media,Online,Browse,PROD-FUR-003,Bookshelf,Furniture,True,False,120,2024-09-30,North America
INT-000973,CUST-0243,Christopher Schmidt,Mobile App,Online,Browse,PROD-ELE-004,Webcam 1080p,Electronics,False,False,117,2024-11-13,Europe
INT-000974,CUST-0371,Sharon Gutierrez,Web,Online,Search,,,,False,False,116,2024-06-20,North America
INT-000975,CUST-0318,Travis Tucker,Store,Offline,Browse,,,,False,False,110,2024-12-17,North America
INT-000976,CUST-0083,Shaun Roth,Mobile App,Online,Store Visit,PROD-ELE-002,USB-C Hub,Electronics,False,False,130,2024-12-11,North America
INT-000977,CUST-0031,Kyle Howell,Store,Offline,Search,PROD-ELE-000,Wireless Mouse,Electronics,True,False,119,2024-07-02,North America
INT-000978,CUST-0382,Ronald Berry,Store,Offline,Wishlist Add,PROD-STA-006,Stapler,Stationery,True,False,122,2024-02-25,North America
INT-000979,CUST-0100,Jesus Nguyen,Mobile App,Online,Search,PROD-STA-003,Sticky Notes,Stationery,True,False,97,2024-11-12,Asia Pacific
INT-000980,CUST-0432,Patricia Barnett,Web,Online,Browse,PROD-FUR-001,Monitor Arm,Furniture,False,False,122,2024-12-11,Asia Pacific
INT-000981,CUST-0495,Amanda Gomez,Mobile App,Online,Recommendation Click,,,,True,False,135,2024-10-30,North America
INT-000982,CUST-0084,Tracy Nelson,Mobile App,Online,Search,,,,False,False,134,2024-01-14,Asia Pacific
INT-000983,CUST-0293,Joseph Jones,Web,Online,Browse,PROD-FUR-004,Filing Cabinet,Furniture,False,False,126,2024-07-19,Europe
INT-000984,CUST-0133,Neil Estes,Web,Online,Store Visit,PROD-STA-007,Paper Clips Box,Stationery,False,False,131,2024-04-05,Asia Pacific
INT-000985,CUST-0595,Ashley Moore,Email,Online,Search,PROD-ELE-005,Portable SSD,Electronics,False,False,115,2024-10-05,Europe
INT-000986,CUST-0055,Keith Brown,Mobile App,Online,Support Chat,,,,False,False,115,2024-04-15,North America
INT-000987,CUST-0422,Crystal Johnson,Web,Online,Browse,PROD-STA-006,Stapler,Stationery,True,True,117,2024-05-21,North America
INT-000988,CUST-0348,David Green,Email,Online,Recommendation Click,,,,False,False,132,2024-07-21,Asia Pacific
INT-000989,CUST-0550,Jacqueline Richardson DDS,Mobile App,Online,Recommendation Click,PROD-ELE-006,Laptop Stand,Electronics,False,False,126,2024-05-11,North America
INT-000990,CUST-0077,Jay Brown,Web,Online,Search,,,,True,False,126,2024-09-04,Europe
INT-000991,CUST-0511,Leslie Wells,Web,Online,Search,PROD-ELE-002,USB-C Hub,Electronics,True,True,112,2024-01-10,North America
INT-000992,CUST-0315,Christine Martin,Mobile App,Online,Wishlist Add,PROD-FUR-006,Office Desk,Furniture,True,False,119,2024-03-22,Europe
INT-000993,CUST-0590,Matthew Johnson,Mobile App,Online,Store Visit,PROD-STA-004,Document Folder,Stationery,False,False,128,2024-05-04,North America
INT-000994,CUST-0120,Brian Peck,Mobile App,Online,Recommendation Click,,,,True,False,119,2024-05-28,North America
INT-000995,CUST-0507,Angela Harris,Web,Online,Add To Cart,,,,False,False,115,2024-06-22,Europe
INT-000996,CUST-0575,William Campbell,Web,Online,Add To Cart,PROD-ELE-000,Wireless Mouse,Electronics,False,False,117,2024-02-04,North America
INT-000997,CUST-0486,Melanie Richardson,Web,Online,Wishlist Add,PROD-STA-007,Paper Clips Box,Stationery,True,False,143,2024-01-20,North America
INT-000998,CUST-0405,Dana Rice,Web,Online,Recommendation Click,PROD-ELE-001,Mechanical Keyboard,Electronics,True,False,115,2024-05-14,North America
INT-000999,CUST-0446,Ryan Garcia,Social Media,Online,Search,PROD-STA-003,Sticky Notes,Stationery,True,False,114,2024-01-04,Asia Pacific
INT-001000,CUST-0407,Matthew Allen,Mobile App,Online,Search,PROD-STA-002,Highlighter Set,Stationery,True,False,108,2024-02-15,North America
INT-001001,CUST-0577,Vanessa Gonzalez,Web,Online,Browse,PROD-FUR-007,Side Table,Furniture,False,False,129,2024-06-15,Asia Pacific
INT-001002,CUST-0256,Janet Morales,Web,Online,Search,,,,False,False,128,2024-05-20,Asia Pacific
INT-001003,CUST-0452,Jacqueline Fisher,Store,Offline,Search,PROD-STA-007,Paper Clips Box,Stationery,False,False,107,2024-04-04,North America
INT-001004,CUST-0281,Lisa Barry,Web,Online,Browse,,,,True,False,124,2024-02-29,North America
INT-001005,CUST-0464,Melissa Williams DDS,Web,Online,Recommendation Click,PROD-STA-001,Ballpoint Pen Pack,Stationery,True,True,114,2024-01-02,Asia Pacific
INT-001006,CUST-0412,Brett Oliver,Web,Online,Recommendation Click,,,,False,False,116,2024-08-22,Asia Pacific
INT-001007,CUST-0475,Jennifer Gardner DDS,Mobile App,Online,Support Chat,PROD-STA-000,Notebook A5,Stationery,False,False,113,2024-05-12,North America
INT-001008,CUST-0113,Nicole Johnston,Web,Online,Browse,PROD-STA-006,Stapler,Stationery,True,False,132,2024-01-04,North America
INT-001009,CUST-0205,Jeffery Baker,Store,Offline,Recommendation Click,PROD-STA-000,Notebook A5,Stationery,False,False,116,2024-07-16,Asia Pacific
INT-001010,CUST-0131,Evan Mann,Social Media,Online,Browse,PROD-FUR-004,Filing Cabinet,Furniture,False,False,119,2024-06-28,Europe
INT-001011,CUST-0544,Amber Williams,Email,Online,Browse,,,,False,False,123,2024-09-02,Europe
INT-001012,CUST-0513,Christine Watkins,Web,Online,Search,,,,False,False,119,2024-03-12,Asia Pacific
INT-001013,CUST-0292,Michael Meyer,Web,Online,Support Chat,PROD-ELE-004,Webcam 1080p,Electronics,True,False,127,2024-01-30,Europe
INT-001014,CUST-0436,Glenn Lam,Web,Online,Search,PROD-FUR-006,Office Desk,Furniture,True,False,116,2024-11-04,North America
INT-001015,CUST-0341,Matthew Adams,Web,Online,Search,,,,True,False,111,2024-02-08,Asia Pacific
INT-001016,CUST-0152,Sylvia Carrillo,Mobile App,Online,Browse,,,,True,False,103,2024-02-22,Asia Pacific
INT-001017,CUST-0169,Jeremy Harris,Web,Online,Wishlist Add,PROD-STA-003,Sticky Notes,Stationery,True,True,123,2024-07-09,North America
INT-001018,CUST-0225,Aaron Chen,Web,Online,Search,,,,True,False,122,2024-08-28,Europe
INT-001019,CUST-0211,Mary Day,Web,Online,Browse,PROD-ELE-004,Webcam 1080p,Electronics,False,False,117,2024-12-23,Asia Pacific
INT-001020,CUST-0419,Steven Morris,Web,Online,Recommendation Click,PROD-FUR-000,Standing Desk Mat,Furniture,False,False,125,2024-09-23,Europe
INT-001021,CUST-0016,Susan Dawson,Web,Online,Browse,PROD-STA-007,Paper Clips Box,Stationery,False,False,112,2024-05-29,North America
INT-001022,CUST-0489,Allison Lopez,Call Center,Offline,Recommendation Click,PROD-ELE-002,USB-C Hub,Electronics,False,False,122,2024-09-12,Asia Pacific
INT-001023,CUST-0077,Jay Brown,Social Media,Online,Browse,PROD-ELE-004,Webcam 1080p,Electronics,True,False,140,2024-09-30,North America
INT-001024,CUST-0308,Greg Ramirez,Email,Online,Recommendation Click,PROD-STA-000,Notebook A5,Stationery,False,False,122,2024-08-18,North America
INT-001025,CUST-0524,Joshua Brewer,Store,Offline,Wishlist Add,,,,False,False,125,2024-11-11,Europe
INT-001026,CUST-0181,Jacqueline Brooks,Mobile App,Online,Search,PROD-STA-006,Stapler,Stationery,True,False,125,2024-09-13,Europe
INT-001027,CUST-0213,Deborah Hanna,Web,Online,Store Visit,PROD-FUR-003,Bookshelf,Furniture,False,False,97,2024-05-27,Asia Pacific
INT-001028,CUST-0570,Patrick Leblanc,Mobile App,Online,Browse,PROD-FUR-002,Ergonomic Chair,Furniture,True,False,132,2024-09-18,Europe
INT-001029,CUST-0123,Eugene Jones,Mobile App,Online,Search,PROD-FUR-005,Desk Lamp,Furniture,False,False,120,2024-04-12,Europe
INT-001030,CUST-0238,Abigail Norris,Mobile App,Online,Store Visit,,,,True,False,121,2024-04-19,Europe
INT-001031,CUST-0363,Tammy Jones,Web,Online,Store Visit,PROD-FUR-003,Bookshelf,Furniture,False,False,106,2024-01-14,North America
INT-001032,CUST-0107,James Hill,Mobile App,Online,Store Visit,PROD-ELE-002,USB-C Hub,Electronics,True,False,111,2024-04-10,Asia Pacific
INT-001033,CUST-0344,Shane Davenport,Store,Offline,Add To Cart,PROD-FUR-000,Standing Desk Mat,Furniture,True,True,116,2024-09-20,North America
INT-001034,CUST-0328,Gregory Williams,Call Center,Offline,Search,,,,True,False,124,2024-12-23,Europe
INT-001035,CUST-0151,Amy Valdez,Store,Offline,Add To Cart,,,,True,False,135,2024-09-01,Asia Pacific
INT-001036,CUST-0049,Angela James,Web,Online,Browse,,,,True,False,124,2024-03-20,North America
INT-001037,CUST-0124,Taylor Fletcher,Mobile App,Online,Wishlist Add,PROD-STA-003,Sticky Notes,Stationery,True,False,118,2024-09-21,Europe
INT-001038,CUST-0494,Angela Chung,Email,Online,Browse,PROD-FUR-005,Desk Lamp,Furniture,True,True,138,2024-11-09,Asia Pacific
INT-001039,CUST-0019,Mr. Bryan Bailey,Mobile App,Online,Browse,PROD-ELE-000,Wireless Mouse,Electronics,False,False,112,2024-01-31,Europe
INT-001040,CUST-0048,Russell Williams,Store,Offline,Store Visit,PROD-FUR-006,Office Desk,Furniture,False,False,111,2024-03-18,North America
INT-001041,CUST-0053,Mark Rivera,Social Media,Online,Store Visit,PROD-ELE-000,Wireless Mouse,Electronics,True,False,126,2024-08-06,North America
INT-001042,CUST-0099,Jill Richardson,Web,Online,Support Chat,PROD-STA-007,Paper Clips Box,Stationery,True,True,116,2024-03-03,North America
INT-001043,CUST-0312,Traci Flores,Store,Offline,Wishlist Add,PROD-STA-002,Highlighter Set,Stationery,False,False,122,2024-08-16,North America
INT-001044,CUST-0397,Julie Fritz,Email,Online,Browse,PROD-ELE-002,USB-C Hub,Electronics,True,False,96,2024-08-08,Europe
INT-001045,CUST-0086,Monica Allen,Store,Offline,Browse,,,,True,True,132,2024-05-04,North America
INT-001046,CUST-0512,Mitchell Gomez,Web,Online,Add To Cart,PROD-FUR-002,Ergonomic Chair,Furniture,True,False,124,2024-09-22,Europe
INT-001047,CUST-0410,Tyler Spencer,Mobile App,Online,Browse,PROD-FUR-001,Monitor Arm,Furniture,False,False,109,2024-12-25,North America
INT-001048,CUST-0235,Kimberly Fleming,Web,Online,Store Visit,PROD-STA-006,Stapler,Stationery,True,False,126,2024-12-25,Europe
INT-001049,CUST-0084,Tracy Nelson,Web,Online,Browse,PROD-ELE-000,Wireless Mouse,Electronics,False,False,127,2024-09-27,North America
INT-001050,CUST-0439,Sherry Graham,Social Media,Online,Recommendation Click,,,,True,False,144,2024-12-25,Europe
INT-001051,CUST-0473,Jeffrey Copeland,Social Media,Online,Browse,PROD-ELE-007,HDMI Cable,Electronics,False,False,131,2024-01-09,North America
INT-001052,CUST-0527,Sarah Brown,Web,Online,Recommendation Click,PROD-FUR-005,Desk Lamp,Furniture,False,False,120,2024-01-11,North America
INT-001053,CUST-0300,Jessica Levine,Web,Online,Search,,,,True,False,133,2024-01-29,Asia Pacific
INT-001054,CUST-0255,Tara Stuart,Web,Online,Store Visit,PROD-STA-000,Notebook A5,Stationery,True,False,101,2024-10-04,North America
INT-001055,CUST-0483,Caitlin Gonzalez,Social Media,Online,Store Visit,PROD-FUR-004,Filing Cabinet,Furniture,False,False,140,2024-01-27,Asia Pacific
INT-001056,CUST-0241,Charles Watson,Web,Online,Add To Cart,PROD-ELE-002,USB-C Hub,Electronics,False,False,113,2024-05-28,Europe
INT-001057,CUST-0297,Erik Henderson,Web,Online,Support Chat,PROD-ELE-002,USB-C Hub,Electronics,True,True,128,2024-11-26,Asia Pacific
INT-001058,CUST-0329,Patricia Stanley,Mobile App,Online,Search,PROD-ELE-007,HDMI Cable,Electronics,True,True,114,2024-03-21,North America
INT-001059,CUST-0259,Lori Beasley,Call Center,Offline,Support Chat,,,,True,False,130,2024-08-12,Europe
INT-001060,CUST-0363,Tammy Jones,Mobile App,Online,Browse,PROD-FUR-004,Filing Cabinet,Furniture,False,False,116,2024-11-28,North America
INT-001061,CUST-0482,Kimberly Wilson,Web,Online,Browse,,,,True,False,101,2024-08-23,Europe
INT-001062,CUST-0014,Michael Klein,Web,Online,Wishlist Add,PROD-STA-003,Sticky Notes,Stationery,False,False,125,2024-05-20,Europe
INT-001063,CUST-0248,Jason Gilbert,Call Center,Offline,Wishlist Add,PROD-FUR-004,Filing Cabinet,Furniture,False,False,136,2024-10-21,Asia Pacific
INT-001064,CUST-0012,David Young,Store,Offline,Search,PROD-FUR-004,Filing Cabinet,Furniture,True,False,113,2024-01-28,Europe
INT-001065,CUST-0237,Alexandra Foster,Mobile App,Online,Browse,PROD-FUR-000,Standing Desk Mat,Furniture,True,False,127,2024-06-16,Europe
INT-001066,CUST-0466,Jessica Roth,Web,Online,Browse,PROD-ELE-007,HDMI Cable,Electronics,True,False,125,2024-10-25,Europe
INT-001067,CUST-0359,Tracy Wells,Mobile App,Online,Wishlist Add,PROD-STA-001,Ballpoint Pen Pack,Stationery,False,False,111,2024-04-16,North America
INT-001068,CUST-0021,Nathan Tucker,Web,Online,Browse,PROD-ELE-003,Bluetooth Headphones,Electronics,True,False,95,2024-04-14,Europe
INT-001069,CUST-0117,Kelly Parker,Store,Offline,Recommendation Click,PROD-FUR-004,Filing Cabinet,Furniture,True,False,129,2024-06-07,North America
INT-001070,CUST-0228,Gary Carey,Store,Offline,Browse,PROD-ELE-004,Webcam 1080p,Electronics,True,False,135,2024-01-10,Asia Pacific
INT-001071,CUST-0108,Danielle Johnson,Email,Online,Add To Cart,PROD-STA-001,Ballpoint Pen Pack,Stationery,False,False,120,2024-09-08,North America
INT-001072,CUST-0309,Jennifer Pierce,Call Center,Offline,Browse,,,,False,False,119,2024-07-05,Europe
INT-001073,CUST-0579,Lindsay Nixon,Mobile App,Online,Browse,PROD-STA-004,Document Folder,Stationery,False,False,132,2024-03-17,North America
INT-001074,CUST-0246,Shane Lopez,Mobile App,Online,Browse,PROD-FUR-000,Standing Desk Mat,Furniture,True,True,103,2024-03-30,North America
INT-001075,CUST-0367,Kristen Campos,Mobile App,Online,Add To Cart,PROD-ELE-007,HDMI Cable,Electronics,False,False,97,2024-01-22,North America
INT-001076,CUST-0054,Jessica Ramsey,Web,Online,Recommendation Click,PROD-FUR-006,Office Desk,Furniture,False,False,125,2024-09-18,North America
INT-001077,CUST-0121,Derrick Saunders,Mobile App,Online,Recommendation Click,PROD-ELE-006,Laptop Stand,Electronics,True,True,125,2024-05-09,Asia Pacific
INT-001078,CUST-0339,Melinda Smith,Web,Online,Support Chat,PROD-FUR-002,Ergonomic Chair,Furniture,False,False,122,2024-01-03,Europe
INT-001079,CUST-0006,Robert Schmitt,Email,Online,Add To Cart,PROD-FUR-007,Side Table,Furniture,False,False,139,2024-10-18,Asia Pacific
INT-001080,CUST-0372,John Pruitt,Web,Online,Recommendation Click,,,,False,False,130,2024-08-07,Europe
INT-001081,CUST-0560,Krista Villanueva,Email,Online,Browse,PROD-FUR-005,Desk Lamp,Furniture,True,False,122,2024-05-09,Europe
INT-001082,CUST-0064,John Mcbride II,Email,Online,Browse,PROD-FUR-001,Monitor Arm,Furniture,True,False,125,2024-01-15,Europe
INT-001083,CUST-0479,Jacob Gardner,Call Center,Offline,Add To Cart,PROD-FUR-000,Standing Desk Mat,Furniture,True,False,113,2024-01-04,North America
INT-001084,CUST-0163,Robert Martin,Call Center,Offline,Recommendation Click,PROD-STA-006,Stapler,Stationery,False,False,114,2024-10-14,Asia Pacific
INT-001085,CUST-0119,Joseph Fox,Email,Online,Browse,PROD-STA-005,Whiteboard Marker,Stationery,False,False,131,2024-04-22,Europe
INT-001086,CUST-0408,Gregory Wilson,Mobile App,Online,Recommendation Click,PROD-ELE-002,USB-C Hub,Electronics,False,False,118,2024-05-02,North America
INT-001087,CUST-0046,Glenn Adkins,Social Media,Online,Browse,PROD-STA-000,Notebook A5,Stationery,True,False,127,2024-11-17,North America
INT-001088,CUST-0590,Matthew Johnson,Web,Online,Wishlist Add,,,,False,False,104,2024-06-02,North America
INT-001089,CUST-0168,Anna Key,Web,Online,Store Visit,PROD-FUR-002,Ergonomic Chair,Furniture,False,False,131,2024-12-16,Europe
INT-001090,CUST-0375,Brenda Collins,Web,Online,Browse,PROD-STA-000,Notebook A5,Stationery,True,False,114,2024-02-29,North America
INT-001091,CUST-0224,Anthony Johnson,Mobile App,Online,Recommendation Click,PROD-STA-003,Sticky Notes,Stationery,True,True,117,2024-01-14,Europe
INT-001092,CUST-0046,Glenn Adkins,Web,Online,Search,PROD-STA-004,Document Folder,Stationery,True,False,104,2024-07-21,Europe
INT-001093,CUST-0475,Jennifer Gardner DDS,Web,Online,Recommendation Click,PROD-FUR-003,Bookshelf,Furniture,False,False,110,2024-04-24,North America
INT-001094,CUST-0125,Dawn Rowland,Social Media,Online,Browse,PROD-STA-007,Paper Clips Box,Stationery,False,False,127,2024-08-28,Asia Pacific
INT-001095,CUST-0599,Nicholas Campos,Social Media,Online,Support Chat,PROD-ELE-007,HDMI Cable,Electronics,True,False,124,2024-07-15,Europe
INT-001096,CUST-0197,James Massey,Web,Online,Search,,,,False,False,126,2024-06-05,Europe
INT-001097,CUST-0535,Leslie Shepard,Email,Online,Browse,,,,False,False,135,2024-05-22,North America
INT-001098,CUST-0385,Jennifer Anderson,Email,Online,Browse,PROD-FUR-006,Office Desk,Furniture,False,False,110,2024-08-23,Europe
INT-001099,CUST-0314,Matthew Jones,Email,Online,Search,PROD-FUR-000,Standing Desk Mat,Furniture,False,False,108,2024-09-29,Asia Pacific
INT-001100,CUST-0391,Kristina Johnson,Store,Offline,Add To Cart,,,,False,False,131,2024-02-18,North America
INT-001101,CUST-0395,Lori Lambert,Email,Online,Browse,PROD-FUR-000,Standing Desk Mat,Furniture,True,False,134,2024-10-02,North America
INT-001102,CUST-0021,Nathan Tucker,Social Media,Online,Browse,,,,False,False,141,2024-10-25,North America
INT-001103,CUST-0391,Kristina Johnson,Web,Online,Search,,,,True,False,113,2024-06-10,Asia Pacific
INT-001104,CUST-0516,Nicole Banks,Web,Online,Search,PROD-ELE-006,Laptop Stand,Electronics,True,True,110,2024-06-13,Asia Pacific
INT-001105,CUST-0174,Mckenzie Miller,Web,Online,Browse,,,,True,False,135,2024-01-05,North America
INT-001106,CUST-0158,Mr. Gregory Guerra,Mobile App,Online,Recommendation Click,,,,False,False,115,2024-03-17,Europe
INT-001107,CUST-0531,Kevin Small,Web,Online,Recommendation Click,PROD-ELE-003,Bluetooth Headphones,Electronics,False,False,117,2024-01-06,North America
INT-001108,CUST-0285,Laura Ward,Email,Online,Browse,PROD-ELE-002,USB-C Hub,Electronics,False,False,130,2024-05-04,North America
INT-001109,CUST-0212,Melissa Nash,Store,Offline,Browse,PROD-STA-001,Ballpoint Pen Pack,Stationery,True,False,137,2024-11-18,Europe
INT-001110,CUST-0535,Leslie Shepard,Web,Online,Add To Cart,,,,True,True,126,2024-07-09,North America
INT-001111,CUST-0439,Sherry Graham,Web,Online,Wishlist Add,PROD-FUR-004,Filing Cabinet,Furniture,True,True,102,2024-03-18,Asia Pacific
INT-001112,CUST-0068,Michael Medina,Web,Online,Browse,PROD-FUR-006,Office Desk,Furniture,True,False,103,2024-12-30,North America
INT-001113,CUST-0377,Linda Grant,Email,Online,Wishlist Add,PROD-STA-004,Document Folder,Stationery,False,False,122,2024-06-27,Europe
INT-001114,CUST-0454,Jerome Wilson,Web,Online,Browse,PROD-ELE-000,Wireless Mouse,Electronics,True,False,127,2024-01-14,North America
INT-001115,CUST-0416,Kevin Craig,Web,Online,Browse,,,,False,False,125,2024-09-29,Europe
INT-001116,CUST-0443,Jonathan Johnson,Store,Offline,Recommendation Click,PROD-ELE-002,USB-C Hub,Electronics,False,False,129,2024-05-12,North America
INT-001117,CUST-0373,Jeffrey Smith,Web,Online,Recommendation Click,PROD-FUR-003,Bookshelf,Furniture,True,False,113,2024-03-31,North America
INT-001118,CUST-0141,Christopher Martin,Web,Online,Search,PROD-FUR-004,Filing Cabinet,Furniture,True,False,138,2024-05-22,Europe
INT-001119,CUST-0148,Brian Landry,Store,Offline,Search,PROD-STA-001,Ballpoint Pen Pack,Stationery,False,False,99,2024-11-02,Asia Pacific
INT-001120,CUST-0180,Carolyn Torres,Mobile App,Online,Search,,,,True,False,133,2024-04-18,North America
INT-001121,CUST-0212,Melissa Nash,Web,Online,Browse,PROD-STA-002,Highlighter Set,Stationery,False,False,126,2024-01-17,Europe
INT-001122,CUST-0198,Stephanie Smith,Mobile App,Online,Store Visit,,,,False,False,120,2024-03-08,North America
INT-001123,CUST-0517,Garrett Robertson,Web,Online,Recommendation Click,PROD-STA-000,Notebook A5,Stationery,False,False,128,2024-04-10,Asia Pacific
INT-001124,CUST-0349,Lindsay Anderson,Social Media,Online,Browse,PROD-FUR-006,Office Desk,Furniture,False,False,123,2024-07-19,Europe
INT-001125,CUST-0034,Julia Olson,Web,Online,Recommendation Click,PROD-ELE-000,Wireless Mouse,Electronics,False,False,133,2024-02-19,North America
INT-001126,CUST-0305,Erika Patterson,Social Media,Online,Search,PROD-FUR-004,Filing Cabinet,Furniture,False,False,110,2024-03-22,Asia Pacific
INT-001127,CUST-0112,Kayla Barnes,Web,Online,Browse,PROD-FUR-005,Desk Lamp,Furniture,False,False,122,2024-06-22,North America
INT-001128,CUST-0113,Nicole Johnston,Social Media,Online,Add To Cart,PROD-ELE-006,Laptop Stand,Electronics,False,False,159,2024-09-19,Asia Pacific
INT-001129,CUST-0280,Erik Duncan,Social Media,Online,Search,PROD-STA-005,Whiteboard Marker,Stationery,True,False,112,2024-04-04,Asia Pacific
INT-001130,CUST-0336,Kevin Martin,Store,Offline,Search,PROD-ELE-007,HDMI Cable,Electronics,False,False,127,2024-08-29,Europe
INT-001131,CUST-0317,Perry Brooks,Mobile App,Online,Browse,PROD-ELE-001,Mechanical Keyboard,Electronics,False,False,118,2024-01-22,Europe
INT-001132,CUST-0592,Joy Kelly,Web,Online,Browse,PROD-ELE-007,HDMI Cable,Electronics,False,False,122,2024-09-22,North America
INT-001133,CUST-0297,Erik Henderson,Mobile App,Online,Browse,PROD-STA-006,Stapler,Stationery,False,False,129,2024-02-09,Europe
INT-001134,CUST-0381,Ryan Charles,Store,Offline,Browse,PROD-FUR-004,Filing Cabinet,Furniture,False,False,122,2024-12-07,North America
INT-001135,CUST-0364,Matthew Taylor,Mobile App,Online,Browse,,,,False,False,107,2024-11-25,North America
INT-001136,CUST-0057,Sarah Delgado,Mobile App,Online,Browse,PROD-FUR-002,Ergonomic Chair,Furniture,False,False,112,2024-10-04,North America
INT-001137,CUST-0013,Cameron Wise,Web,Online,Add To Cart,,,,False,False,101,2024-05-05,North America
INT-001138,CUST-0435,Kristie Brown,Web,Online,Browse,PROD-FUR-007,Side Table,Furniture,False,False,104,2024-08-13,North America
INT-001139,CUST-0493,Michael Whitney,Mobile App,Online,Add To Cart,PROD-STA-007,Paper Clips Box,Stationery,False,False,111,2024-07-12,North America
INT-001140,CUST-0550,Jacqueline Richardson DDS,Mobile App,Online,Search,,,,False,False,121,2024-09-12,North America
INT-001141,CUST-0508,Brandon Pierce,Web,Online,Browse,PROD-FUR-000,Standing Desk Mat,Furniture,False,False,109,2024-11-23,North America
INT-001142,CUST-0548,Maria Allen,Call Center,Offline,Add To Cart,PROD-STA-001,Ballpoint Pen Pack,Stationery,False,False,125,2024-07-18,North America
INT-001143,CUST-0423,Erica Martinez,Web,Online,Support Chat,PROD-ELE-007,HDMI Cable,Electronics,True,True,122,2024-06-20,North America
INT-001144,CUST-0294,Isaac Martinez,Email,Online,Search,PROD-STA-003,Sticky Notes,Stationery,True,False,157,2024-05-25,North America
INT-001145,CUST-0477,Anthony Rodriguez,Store,Offline,Browse,PROD-ELE-006,Laptop Stand,Electronics,False,False,124,2024-01-26,Europe
INT-001146,CUST-0487,Timothy Osborne,Mobile App,Online,Store Visit,,,,True,False,125,2024-11-25,North America
INT-001147,CUST-0472,John Stevenson,Mobile App,Online,Browse,,,,False,False,123,2024-08-13,North America
INT-001148,CUST-0249,Robert King,Web,Online,Recommendation Click,PROD-FUR-002,Ergonomic Chair,Furniture,True,False,108,2024-05-06,Europe
INT-001149,CUST-0392,April Bridges,Mobile App,Online,Store Visit,,,,True,False,136,2024-09-22,Asia Pacific
INT-001150,CUST-0577,Vanessa Gonzalez,Store,Offline,Browse,PROD-FUR-006,Office Desk,Furniture,True,False,107,2024-01-24,Europe
INT-001151,CUST-0241,Charles Watson,Store,Offline,Recommendation Click,,,,False,False,107,2024-12-16,Europe
INT-001152,CUST-0036,Roger Bennett,Web,Online,Recommendation Click,PROD-STA-001,Ballpoint Pen Pack,Stationery,False,False,139,2024-03-19,Europe
INT-001153,CUST-0556,Michael Hill,Web,Online,Recommendation Click,PROD-STA-005,Whiteboard Marker,Stationery,False,False,133,2024-01-27,Asia Pacific
INT-001154,CUST-0406,Elizabeth Blake,Mobile App,Online,Recommendation Click,PROD-STA-007,Paper Clips Box,Stationery,True,False,114,2024-06-18,North America
INT-001155,CUST-0341,Matthew Adams,Mobile App,Online,Search,,,,False,False,129,2024-01-21,North America
INT-001156,CUST-0156,Laura Smith,Web,Online,Recommendation Click,PROD-FUR-002,Ergonomic Chair,Furniture,True,False,123,2024-06-20,North America
INT-001157,CUST-0112,Kayla Barnes,Web,Online,Add To Cart,PROD-FUR-003,Bookshelf,Furniture,True,False,119,2024-04-21,North America
INT-001158,CUST-0283,Jason Winters,Web,Online,Support Chat,,,,False,False,130,2024-09-01,Europe
INT-001159,CUST-0071,Traci Martin,Mobile App,Online,Store Visit,,,,True,True,135,2024-07-06,Asia Pacific
INT-001160,CUST-0350,John Phillips,Mobile App,Online,Search,,,,False,False,119,2024-08-05,Europe
INT-001161,CUST-0544,Amber Williams,Mobile App,Online,Search,PROD-FUR-001,Monitor Arm,Furniture,False,False,123,2024-01-24,Europe
INT-001162,CUST-0025,Tara Kidd,Web,Online,Store Visit,PROD-STA-007,Paper Clips Box,Stationery,False,False,136,2024-11-25,Europe
INT-001163,CUST-0185,Miguel Garcia,Store,Offline,Recommendation Click,,,,False,False,114,2024-07-06,Europe
INT-001164,CUST-0489,Allison Lopez,Web,Online,Browse,PROD-ELE-005,Portable SSD,Electronics,True,False,112,2024-10-25,Europe
INT-001165,CUST-0365,Tracy Roy,Call Center,Offline,Search,,,,False,False,130,2024-02-18,North America
INT-001166,CUST-0069,Amy Lewis,Store,Offline,Browse,PROD-ELE-004,Webcam 1080p,Electronics,True,False,113,2024-06-13,North America
INT-001167,CUST-0569,Katherine Nelson,Mobile App,Online,Search,PROD-STA-003,Sticky Notes,Stationery,False,False,132,2024-06-05,Europe
INT-001168,CUST-0122,Michael Powers,Email,Online,Wishlist Add,,,,False,False,120,2024-10-30,Europe
INT-001169,CUST-0299,Jeffrey Harrison,Web,Online,Recommendation Click,PROD-STA-003,Sticky Notes,Stationery,False,False,133,2024-10-13,North America
INT-001170,CUST-0244,Eric Miller,Web,Online,Wishlist Add,PROD-STA-005,Whiteboard Marker,Stationery,False,False,125,2024-12-24,North America
INT-001171,CUST-0490,Rebecca Flores,Email,Online,Search,PROD-ELE-004,Webcam 1080p,Electronics,True,False,129,2024-05-21,North America
INT-001172,CUST-0338,Victor Thomas,Web,Online,Browse,PROD-STA-002,Highlighter Set,Stationery,False,False,127,2024-12-27,North America
INT-001173,CUST-0342,Jacqueline Church,Call Center,Offline,Support Chat,,,,False,False,112,2024-01-13,Europe
INT-001174,CUST-0399,Noah Martin,Mobile App,Online,Search,,,,False,False,129,2024-05-18,Europe
INT-001175,CUST-0232,Marie Burns,Mobile App,Online,Recommendation Click,PROD-ELE-003,Bluetooth Headphones,Electronics,True,False,108,2024-07-07,North America
INT-001176,CUST-0279,Joseph Lambert,Email,Online,Search,,,,True,False,110,2024-01-17,Asia Pacific
INT-001177,CUST-0381,Ryan Charles,Web,Online,Browse,,,,False,False,117,2024-09-23,North America
INT-001178,CUST-0089,James Rhodes,Web,Online,Support Chat,,,,False,False,119,2024-08-06,North America
INT-001179,CUST-0155,Allen Ramirez,Web,Online,Store Visit,,,,True,True,131,2024-12-05,Asia Pacific
INT-001180,CUST-0581,Michael Reeves,Web,Online,Add To Cart,PROD-ELE-006,Laptop Stand,Electronics,False,False,103,2024-12-10,North America
INT-001181,CUST-0316,Jessica Wilson,Mobile App,Online,Browse,PROD-STA-006,Stapler,Stationery,True,True,141,2024-06-08,Europe
INT-001182,CUST-0351,Stacey Newman,Web,Online,Recommendation Click,PROD-STA-007,Paper Clips Box,Stationery,False,False,112,2024-09-29,North America
INT-001183,CUST-0351,Stacey Newman,Social Media,Online,Browse,PROD-STA-002,Highlighter Set,Stationery,False,False,126,2024-12-05,North America
INT-001184,CUST-0366,Garrett Garrison,Mobile App,Online,Recommendation Click,PROD-ELE-004,Webcam 1080p,Electronics,True,True,115,2024-09-07,North America
INT-001185,CUST-0251,Joshua Martin,Web,Online,Recommendation Click,PROD-STA-007,Paper Clips Box,Stationery,False,False,110,2024-09-03,Europe
INT-001186,CUST-0423,Erica Martinez,Web,Online,Recommendation Click,PROD-ELE-005,Portable SSD,Electronics,False,False,127,2024-06-02,Europe
INT-001187,CUST-0491,Mr. Trevor Berry,Web,Online,Wishlist Add,PROD-FUR-000,Standing Desk Mat,Furniture,True,False,113,2024-05-27,Europe
INT-001188,CUST-0327,Jenny Juarez,Web,Online,Browse,PROD-FUR-002,Ergonomic Chair,Furniture,False,False,107,2024-12-22,North America
INT-001189,CUST-0030,Ashley Hernandez PhD,Web,Online,Store Visit,PROD-ELE-005,Portable SSD,Electronics,True,False,104,2024-11-17,Europe
INT-001190,CUST-0460,Tyrone Navarro,Email,Online,Support Chat,PROD-FUR-002,Ergonomic Chair,Furniture,True,True,113,2024-11-07,North America
INT-001191,CUST-0468,Daniel Jones,Email,Online,Search,PROD-FUR-007,Side Table,Furniture,False,False,108,2024-09-08,Europe
INT-001192,CUST-0241,Charles Watson,Mobile App,Online,Browse,PROD-STA-006,Stapler,Stationery,False,False,140,2024-01-09,North America
INT-001193,CUST-0552,Christine Clark,Mobile App,Online,Wishlist Add,,,,True,False,131,2024-12-07,Europe
INT-001194,CUST-0280,Erik Duncan,Mobile App,Online,Wishlist Add,PROD-STA-000,Notebook A5,Stationery,True,False,115,2024-08-28,Europe
INT-001195,CUST-0473,Jeffrey Copeland,Store,Offline,Add To Cart,PROD-FUR-007,Side Table,Furniture,False,False,116,2024-10-14,North America
INT-001196,CUST-0319,Erin Suarez,Store,Offline,Support Chat,,,,False,False,119,2024-06-15,North America
INT-001197,CUST-0312,Traci Flores,Mobile App,Online,Store Visit,,,,False,False,144,2024-10-03,North America
INT-001198,CUST-0567,Shawn Clark,Mobile App,Online,Store Visit,,,,False,False,121,2024-03-09,North America
INT-001199,CUST-0242,Mr. Robert Thomas,Mobile App,Online,Store Visit,PROD-STA-001,Ballpoint Pen Pack,Stationery,False,False,138,2024-06-05,Europe
INT-001200,CUST-0364,Matthew Taylor,Web,Online,Search,PROD-FUR-005,Desk Lamp,Furniture,True,True,107,2024-07-30,North America
INT-001201,CUST-0262,William Smith,Store,Offline,Browse,PROD-FUR-007,Side Table,Furniture,False,False,123,2024-08-07,North America
INT-001202,CUST-0336,Kevin Martin,Web,Online,Recommendation Click,PROD-ELE-002,USB-C Hub,Electronics,False,False,138,2024-10-06,Asia Pacific
INT-001203,CUST-0479,Jacob Gardner,Web,Online,Support Chat,PROD-FUR-001,Monitor Arm,Furniture,False,False,125,2024-01-14,Asia Pacific
INT-001204,CUST-0530,Christopher Morris,Mobile App,Online,Support Chat,PROD-FUR-001,Monitor Arm,Furniture,False,False,120,2024-12-22,Europe
INT-001205,CUST-0245,Jacob Walker,Web,Online,Wishlist Add,,,,False,False,111,2024-12-08,North America
INT-001206,CUST-0074,Kathryn Thompson,Web,Online,Recommendation Click,PROD-FUR-006,Office Desk,Furniture,True,False,121,2024-04-03,North America
INT-001207,CUST-0546,John Ramirez,Mobile App,Online,Search,,,,False,False,114,2024-01-27,Europe
INT-001208,CUST-0171,Brian Hanson,Store,Offline,Recommendation Click,PROD-ELE-003,Bluetooth Headphones,Electronics,True,True,116,2024-05-15,Asia Pacific
INT-001209,CUST-0095,Kelly Beltran,Mobile App,Online,Search,PROD-ELE-005,Portable SSD,Electronics,False,False,101,2024-04-06,Europe
INT-001210,CUST-0346,Carly Daniels,Web,Online,Browse,PROD-ELE-007,HDMI Cable,Electronics,True,False,116,2024-11-24,North America
INT-001211,CUST-0371,Sharon Gutierrez,Web,Online,Support Chat,PROD-FUR-006,Office Desk,Furniture,True,False,111,2024-03-12,North America
INT-001212,CUST-0394,Megan Hood,Store,Offline,Browse,PROD-FUR-005,Desk Lamp,Furniture,False,False,123,2024-12-31,Europe
INT-001213,CUST-0568,Emily Gibson,Mobile App,Online,Add To Cart,PROD-FUR-000,Standing Desk Mat,Furniture,True,False,96,2024-07-12,North America
INT-001214,CUST-0094,Alexander Odom,Mobile App,Online,Support Chat,PROD-FUR-005,Desk Lamp,Furniture,False,False,108,2024-08-12,North America
INT-001215,CUST-0056,Mario Thompson,Mobile App,Online,Search,PROD-STA-001,Ballpoint Pen Pack,Stationery,True,False,125,2024-06-03,North America
INT-001216,CUST-0099,Jill Richardson,Mobile App,Online,Search,,,,False,False,126,2024-02-27,Europe
INT-001217,CUST-0572,Christopher Marquez,Web,Online,Search,PROD-FUR-007,Side Table,Furniture,True,True,119,2024-10-16,North America
INT-001218,CUST-0054,Jessica Ramsey,Web,Online,Browse,PROD-ELE-000,Wireless Mouse,Electronics,False,False,105,2024-03-26,Europe
INT-001219,CUST-0065,John Walker,Store,Offline,Browse,PROD-FUR-001,Monitor Arm,Furniture,True,True,137,2024-10-01,North America
INT-001220,CUST-0109,Patricia Woods,Web,Online,Browse,PROD-FUR-001,Monitor Arm,Furniture,False,False,132,2024-10-30,North America
INT-001221,CUST-0005,Matthew Rodriguez,Email,Online,Recommendation Click,PROD-STA-000,Notebook A5,Stationery,False,False,147,2024-09-16,Europe
INT-001222,CUST-0125,Dawn Rowland,Mobile App,Online,Search,PROD-FUR-006,Office Desk,Furniture,True,True,124,2024-07-10,Europe
INT-001223,CUST-0039,Pamela Rush,Mobile App,Online,Store Visit,PROD-STA-005,Whiteboard Marker,Stationery,True,True,125,2024-05-09,Europe
INT-001224,CUST-0152,Sylvia Carrillo,Store,Offline,Add To Cart,PROD-ELE-004,Webcam 1080p,Electronics,True,False,105,2024-11-20,North America
INT-001225,CUST-0107,James Hill,Web,Online,Browse,PROD-FUR-002,Ergonomic Chair,Furniture,True,False,129,2024-10-24,Europe
INT-001226,CUST-0218,Denise Woods,Web,Online,Browse,PROD-FUR-005,Desk Lamp,Furniture,False,False,129,2024-05-16,North America
INT-001227,CUST-0389,Ms. Chelsey Miller DDS,Web,Online,Search,PROD-ELE-002,USB-C Hub,Electronics,False,False,126,2024-04-17,North America
INT-001228,CUST-0585,Benjamin Fox,Web,Online,Store Visit,,,,False,False,118,2024-10-29,North America
INT-001229,CUST-0513,Christine Watkins,Store,Offline,Browse,PROD-ELE-001,Mechanical Keyboard,Electronics,False,False,131,2024-12-08,Europe
INT-001230,CUST-0142,John Morris,Mobile App,Online,Browse,PROD-ELE-002,USB-C Hub,Electronics,True,True,119,2024-10-12,Europe
INT-001231,CUST-0032,Elizabeth Santos,Web,Online,Search,PROD-ELE-006,Laptop Stand,Electronics,False,False,121,2024-09-22,North America
INT-001232,CUST-0037,Andrew Adams,Web,Online,Add To Cart,PROD-STA-001,Ballpoint Pen Pack,Stationery,True,False,147,2024-03-08,Europe
INT-001233,CUST-0312,Traci Flores,Web,Online,Search,PROD-ELE-003,Bluetooth Headphones,Electronics,True,True,123,2024-09-05,North America
INT-001234,CUST-0046,Glenn Adkins,Email,Online,Browse,,,,True,True,132,2024-11-07,Asia Pacific
INT-001235,CUST-0098,Michael Alexander,Mobile App,Online,Search,,,,False,False,128,2024-03-27,Asia Pacific
INT-001236,CUST-0300,Jessica Levine,Social Media,Online,Store Visit,,,,False,False,112,2024-07-29,Asia Pacific
INT-001237,CUST-0006,Robert Schmitt,Web,Online,Search,PROD-STA-002,Highlighter Set,Stationery,True,True,115,2024-03-05,Europe
INT-001238,CUST-0259,Lori Beasley,Store,Offline,Browse,PROD-STA-000,Notebook A5,Stationery,False,False,107,2024-02-05,North America
INT-001239,CUST-0415,Rodney Lambert,Web,Online,Recommendation Click,PROD-FUR-006,Office Desk,Furniture,True,False,104,2024-12-16,Asia Pacific
INT-001240,CUST-0596,Gregg Fitzgerald,Web,Online,Search,PROD-ELE-005,Portable SSD,Electronics,True,False,109,2024-10-29,Europe
INT-001241,CUST-0309,Jennifer Pierce,Store,Offline,Browse,,,,True,False,92,2024-01-16,North America
INT-001242,CUST-0277,Melissa Hester,Web,Online,Add To Cart,PROD-FUR-002,Ergonomic Chair,Furniture,False,False,119,2024-02-09,Asia Pacific
INT-001243,CUST-0293,Joseph Jones,Web,Online,Wishlist Add,,,,False,False,131,2024-03-03,Asia Pacific
INT-001244,CUST-0506,Brett Jackson,Mobile App,Online,Browse,PROD-ELE-001,Mechanical Keyboard,Electronics,False,False,113,2024-01-21,Asia Pacific
INT-001245,CUST-0172,Laura Tapia,Store,Offline,Browse,PROD-ELE-007,HDMI Cable,Electronics,True,True,127,2024-05-02,North America
INT-001246,CUST-0456,Donald Ellis,Web,Online,Search,PROD-FUR-000,Standing Desk Mat,Furniture,False,False,126,2024-04-11,North America
INT-001247,CUST-0429,Donna Kelly,Web,Online,Store Visit,PROD-FUR-002,Ergonomic Chair,Furniture,True,False,117,2024-03-01,Europe
INT-001248,CUST-0026,Debra Jones,Mobile App,Online,Add To Cart,PROD-ELE-003,Bluetooth Headphones,Electronics,False,False,122,2024-03-28,North America
INT-001249,CUST-0449,Taylor Moss,Call Center,Offline,Add To Cart,,,,False,False,104,2024-12-05,Asia Pacific
INT-001250,CUST-0072,Sarah Hughes,Web,Online,Wishlist Add,PROD-ELE-006,Laptop Stand,Electronics,False,False,106,2024-01-28,Asia Pacific
INT-001251,CUST-0400,Darrell Johnson,Store,Offline,Recommendation Click,PROD-STA-004,Document Folder,Stationery,True,False,133,2024-01-22,Europe
INT-001252,CUST-0164,Edward Cline,Web,Online,Browse,PROD-STA-002,Highlighter Set,Stationery,True,False,121,2024-10-15,North America
INT-001253,CUST-0373,Jeffrey Smith,Social Media,Online,Search,PROD-FUR-001,Monitor Arm,Furniture,True,True,136,2024-02-06,North America
INT-001254,CUST-0295,Lori Griffin,Mobile App,Online,Wishlist Add,,,,False,False,118,2024-03-11,North America
INT-001255,CUST-0489,Allison Lopez,Call Center,Offline,Search,PROD-ELE-000,Wireless Mouse,Electronics,True,True,107,2024-01-30,North America
INT-001256,CUST-0281,Lisa Barry,Call Center,Offline,Recommendation Click,PROD-STA-006,Stapler,Stationery,False,False,113,2024-01-29,Europe
INT-001257,CUST-0572,Christopher Marquez,Email,Online,Browse,PROD-FUR-000,Standing Desk Mat,Furniture,True,True,126,2024-01-10,Europe
INT-001258,CUST-0266,Megan Ward,Web,Online,Store Visit,PROD-STA-001,Ballpoint Pen Pack,Stationery,False,False,119,2024-10-20,Europe
INT-001259,CUST-0531,Kevin Small,Web,Online,Search,,,,True,True,105,2024-09-06,North America
INT-001260,CUST-0211,Mary Day,Social Media,Online,Search,PROD-ELE-002,USB-C Hub,Electronics,True,False,130,2024-05-28,North America
INT-001261,CUST-0314,Matthew Jones,Store,Offline,Recommendation Click,PROD-STA-005,Whiteboard Marker,Stationery,True,False,104,2024-07-09,Europe
INT-001262,CUST-0299,Jeffrey Harrison,Web,Online,Recommendation Click,,,,True,False,133,2024-10-15,Asia Pacific
INT-001263,CUST-0417,Jennifer Garner,Mobile App,Online,Search,PROD-STA-001,Ballpoint Pen Pack,Stationery,False,False,122,2024-02-18,North America
INT-001264,CUST-0181,Jacqueline Brooks,Store,Offline,Search,,,,False,False,133,2024-12-17,North America
INT-001265,CUST-0415,Rodney Lambert,Mobile App,Online,Browse,PROD-STA-002,Highlighter Set,Stationery,False,False,118,2024-03-22,North America
INT-001266,CUST-0499,Larry George,Social Media,Online,Search,,,,True,False,110,2024-07-21,Asia Pacific
INT-001267,CUST-0333,Theodore Mcdonald,Mobile App,Online,Recommendation Click,PROD-FUR-006,Office Desk,Furniture,False,False,129,2024-11-12,North America
INT-001268,CUST-0141,Christopher Martin,Web,Online,Browse,,,,False,False,117,2024-03-27,North America
INT-001269,CUST-0460,Tyrone Navarro,Mobile App,Online,Search,,,,True,True,103,2024-02-02,Europe
INT-001270,CUST-0394,Megan Hood,Mobile App,Online,Browse,PROD-ELE-001,Mechanical Keyboard,Electronics,True,False,133,2024-11-27,North America
INT-001271,CUST-0202,Jonathan Morgan,Web,Online,Browse,,,,True,False,126,2024-03-11,North America
INT-001272,CUST-0180,Carolyn Torres,Web,Online,Store Visit,PROD-STA-006,Stapler,Stationery,False,False,111,2024-09-05,North America
INT-001273,CUST-0229,Jill Camacho,Mobile App,Online,Add To Cart,,,,False,False,128,2024-09-16,Europe
INT-001274,CUST-0122,Michael Powers,Mobile App,Online,Add To Cart,PROD-ELE-004,Webcam 1080p,Electronics,True,False,132,2024-10-01,Europe
INT-001275,CUST-0316,Jessica Wilson,Mobile App,Online,Add To Cart,PROD-FUR-005,Desk Lamp,Furniture,False,False,129,2024-05-02,North America
INT-001276,CUST-0455,Samuel Holmes,Web,Online,Search,,,,False,False,119,2024-08-27,Europe
INT-001277,CUST-0245,Jacob Walker,Mobile App,Online,Wishlist Add,PROD-FUR-002,Ergonomic Chair,Furniture,True,True,143,2024-10-30,North America
INT-001278,CUST-0218,Denise Woods,Mobile App,Online,Search,,,,False,False,133,2024-05-15,Asia Pacific
INT-001279,CUST-0161,Laura Park,Mobile App,Online,Wishlist Add,,,,True,True,114,2024-12-27,North America
INT-001280,CUST-0439,Sherry Graham,Mobile App,Online,Recommendation Click,PROD-STA-007,Paper Clips Box,Stationery,True,False,105,2024-10-13,Asia Pacific
INT-001281,CUST-0468,Daniel Jones,Mobile App,Online,Browse,PROD-STA-007,Paper Clips Box,Stationery,True,True,115,2024-11-07,North America
INT-001282,CUST-0521,Shelley Schneider,Web,Online,Recommendation Click,,,,True,False,123,2024-06-01,Europe
INT-001283,CUST-0028,Travis Davis,Web,Online,Search,,,,True,False,116,2024-07-25,Europe
INT-001284,CUST-0070,Joshua Obrien,Email,Online,Support Chat,,,,True,False,122,2024-10-29,Asia Pacific
INT-001285,CUST-0595,Ashley Moore,Web,Online,Search,PROD-ELE-003,Bluetooth Headphones,Electronics,True,False,134,2024-02-25,Asia Pacific
INT-001286,CUST-0457,Jose Fernandez,Store,Offline,Add To Cart,,,,True,True,123,2024-09-02,Europe
INT-001287,CUST-0098,Michael Alexander,Mobile App,Online,Browse,PROD-FUR-006,Office Desk,Furniture,False,False,129,2024-08-14,North America
INT-001288,CUST-0133,Neil Estes,Mobile App,Online,Add To Cart,PROD-STA-003,Sticky Notes,Stationery,True,True,115,2024-03-23,North America
INT-001289,CUST-0573,Fernando Lloyd,Social Media,Online,Browse,PROD-STA-005,Whiteboard Marker,Stationery,False,False,114,2024-02-25,Europe
INT-001290,CUST-0113,Nicole Johnston,Store,Offline,Wishlist Add,PROD-ELE-001,Mechanical Keyboard,Electronics,False,False,120,2024-09-01,Europe
INT-001291,CUST-0530,Christopher Morris,Web,Online,Browse,,,,False,False,126,2024-05-29,Europe
INT-001292,CUST-0472,John Stevenson,Store,Offline,Add To Cart,,,,False,False,119,2024-11-04,North America
INT-001293,CUST-0577,Vanessa Gonzalez,Store,Offline,Browse,,,,True,False,125,2024-06-14,North America
INT-001294,CUST-0559,Martha Smith,Web,Online,Search,PROD-ELE-005,Portable SSD,Electronics,True,True,122,2024-06-24,North America
INT-001295,CUST-0160,Nathan Walker,Email,Online,Add To Cart,PROD-FUR-002,Ergonomic Chair,Furniture,False,False,133,2024-01-06,Asia Pacific
INT-001296,CUST-0495,Amanda Gomez,Mobile App,Online,Search,PROD-FUR-002,Ergonomic Chair,Furniture,True,True,105,2024-03-16,North America
INT-001297,CUST-0220,Christine Glover,Email,Online,Browse,PROD-STA-001,Ballpoint Pen Pack,Stationery,False,False,121,2024-07-18,North America
INT-001298,CUST-0449,Taylor Moss,Social Media,Online,Recommendation Click,PROD-STA-000,Notebook A5,Stationery,True,False,108,2024-12-08,Asia Pacific
INT-001299,CUST-0023,Jennifer Brock,Store,Offline,Wishlist Add,PROD-STA-004,Document Folder,Stationery,False,False,91,2024-05-17,North America
INT-001300,CUST-0260,Dr. Raven Harvey,Store,Offline,Add To Cart,,,,True,False,130,2024-08-04,Asia Pacific
INT-001301,CUST-0326,Robert Brown,Mobile App,Online,Browse,PROD-FUR-003,Bookshelf,Furniture,True,False,112,2024-10-25,Europe
INT-001302,CUST-0571,Dean Day,Web,Online,Search,PROD-FUR-007,Side Table,Furniture,False,False,124,2024-04-11,North America
INT-001303,CUST-0105,Amanda Bryan,Mobile App,Online,Add To Cart,,,,True,False,131,2024-11-07,Asia Pacific
INT-001304,CUST-0391,Kristina Johnson,Store,Offline,Store Visit,PROD-FUR-001,Monitor Arm,Furniture,False,False,128,2024-12-29,North America
INT-001305,CUST-0209,Sharon Williams,Mobile App,Online,Recommendation Click,,,,False,False,123,2024-06-22,Europe
INT-001306,CUST-0381,Ryan Charles,Email,Online,Wishlist Add,,,,True,False,121,2024-05-15,Asia Pacific
INT-001307,CUST-0143,Kathleen Garcia,Web,Online,Browse,PROD-FUR-003,Bookshelf,Furniture,False,False,118,2024-06-06,Europe
INT-001308,CUST-0156,Laura Smith,Mobile App,Online,Browse,PROD-FUR-004,Filing Cabinet,Furniture,False,False,105,2024-06-07,Asia Pacific
INT-001309,CUST-0124,Taylor Fletcher,Mobile App,Online,Browse,PROD-STA-003,Sticky Notes,Stationery,True,False,113,2024-04-02,Europe
INT-001310,CUST-0388,Christopher Torres,Web,Online,Recommendation Click,PROD-FUR-006,Office Desk,Furniture,True,True,100,2024-10-16,North America
INT-001311,CUST-0150,Walter Parsons,Email,Online,Add To Cart,PROD-ELE-001,Mechanical Keyboard,Electronics,True,False,104,2024-03-12,North America
INT-001312,CUST-0409,Joan Meyer,Social Media,Online,Wishlist Add,,,,True,True,131,2024-04-04,Asia Pacific
INT-001313,CUST-0552,Christine Clark,Mobile App,Online,Recommendation Click,PROD-STA-004,Document Folder,Stationery,True,False,108,2024-07-11,Europe
INT-001314,CUST-0141,Christopher Martin,Email,Online,Recommendation Click,,,,True,False,98,2024-06-14,North America
INT-001315,CUST-0032,Elizabeth Santos,Social Media,Online,Support Chat,PROD-FUR-007,Side Table,Furniture,True,False,124,2024-04-11,Europe
INT-001316,CUST-0355,James Hall,Mobile App,Online,Search,PROD-ELE-004,Webcam 1080p,Electronics,False,False,107,2024-10-25,Europe
INT-001317,CUST-0520,Shawn Gardner,Mobile App,Online,Add To Cart,PROD-STA-000,Notebook A5,Stationery,False,False,139,2024-01-26,Europe
INT-001318,CUST-0448,Bobby Blackwell,Web,Online,Recommendation Click,PROD-STA-001,Ballpoint Pen Pack,Stationery,False,False,120,2024-03-18,Europe
INT-001319,CUST-0053,Mark Rivera,Mobile App,Online,Support Chat,PROD-FUR-002,Ergonomic Chair,Furniture,True,False,105,2024-11-28,Europe
INT-001320,CUST-0122,Michael Powers,Store,Offline,Recommendation Click,PROD-STA-002,Highlighter Set,Stationery,False,False,102,2024-12-02,North America
INT-001321,CUST-0423,Erica Martinez,Web,Online,Search,PROD-FUR-007,Side Table,Furniture,True,False,105,2024-12-30,North America
INT-001322,CUST-0002,John Johnson,Email,Online,Support Chat,,,,False,False,124,2024-09-05,North America
INT-001323,CUST-0477,Anthony Rodriguez,Web,Online,Add To Cart,PROD-ELE-005,Portable SSD,Electronics,True,False,116,2024-08-28,Europe
INT-001324,CUST-0069,Amy Lewis,Email,Online,Add To Cart,PROD-FUR-005,Desk Lamp,Furniture,False,False,123,2024-06-01,North America
INT-001325,CUST-0002,John Johnson,Store,Offline,Browse,PROD-ELE-000,Wireless Mouse,Electronics,True,False,108,2024-12-25,North America
INT-001326,CUST-0184,Jessica Smith,Mobile App,Online,Recommendation Click,PROD-STA-006,Stapler,Stationery,False,False,113,2024-05-23,North America
INT-001327,CUST-0046,Glenn Adkins,Web,Online,Support Chat,PROD-ELE-004,Webcam 1080p,Electronics,False,False,134,2024-09-23,Europe
INT-001328,CUST-0288,Chelsea Jenkins,Call Center,Offline,Recommendation Click,PROD-STA-005,Whiteboard Marker,Stationery,False,False,107,2024-08-22,Europe
INT-001329,CUST-0536,Kara Lyons,Web,Online,Search,PROD-ELE-004,Webcam 1080p,Electronics,True,False,131,2024-08-22,Europe
INT-001330,CUST-0423,Erica Martinez,Web,Online,Recommendation Click,PROD-ELE-002,USB-C Hub,Electronics,True,False,108,2024-12-24,Europe
INT-001331,CUST-0489,Allison Lopez,Web,Online,Browse,PROD-FUR-007,Side Table,Furniture,False,False,121,2024-01-22,North America
INT-001332,CUST-0173,Steven Orr,Mobile App,Online,Store Visit,PROD-ELE-001,Mechanical Keyboard,Electronics,True,False,113,2024-11-21,North America
INT-001333,CUST-0593,Joseph Mason,Social Media,Online,Wishlist Add,PROD-STA-001,Ballpoint Pen Pack,Stationery,True,True,105,2024-04-15,Europe
INT-001334,CUST-0081,Christopher Nash,Web,Online,Search,PROD-STA-005,Whiteboard Marker,Stationery,True,False,129,2024-02-23,North America
INT-001335,CUST-0162,Dylan Cobb,Call Center,Offline,Wishlist Add,PROD-STA-004,Document Folder,Stationery,True,False,114,2024-09-18,Asia Pacific
INT-001336,CUST-0477,Anthony Rodriguez,Web,Online,Wishlist Add,PROD-ELE-003,Bluetooth Headphones,Electronics,True,False,127,2024-01-26,Asia Pacific
INT-001337,CUST-0303,Veronica Parsons,Store,Offline,Recommendation Click,PROD-ELE-005,Portable SSD,Electronics,False,False,135,2024-02-23,North America
INT-001338,CUST-0300,Jessica Levine,Social Media,Online,Browse,,,,False,False,126,2024-12-10,North America
INT-001339,CUST-0581,Michael Reeves,Call Center,Offline,Wishlist Add,PROD-FUR-004,Filing Cabinet,Furniture,False,False,122,2024-10-28,North America
INT-001340,CUST-0314,Matthew Jones,Store,Offline,Add To Cart,PROD-ELE-002,USB-C Hub,Electronics,False,False,137,2024-11-06,North America
INT-001341,CUST-0002,John Johnson,Web,Online,Recommendation Click,PROD-STA-007,Paper Clips Box,Stationery,True,False,104,2024-06-16,North America
INT-001342,CUST-0437,Charles Hendricks,Web,Online,Browse,PROD-FUR-004,Filing Cabinet,Furniture,True,True,128,2024-05-04,North America
INT-001343,CUST-0566,Vanessa Rodgers,Store,Offline,Add To Cart,PROD-FUR-004,Filing Cabinet,Furniture,False,False,112,2024-12-13,Europe
INT-001344,CUST-0065,John Walker,Web,Online,Add To Cart,PROD-FUR-006,Office Desk,Furniture,False,False,127,2024-11-24,Europe
INT-001345,CUST-0377,Linda Grant,Store,Offline,Recommendation Click,PROD-STA-001,Ballpoint Pen Pack,Stationery,True,True,118,2024-03-15,Asia Pacific
INT-001346,CUST-0595,Ashley Moore,Mobile App,Online,Wishlist Add,,,,False,False,115,2024-04-26,North America
INT-001347,CUST-0332,Alejandro Barker,Mobile App,Online,Browse,PROD-FUR-000,Standing Desk Mat,Furniture,False,False,121,2024-08-14,North America
INT-001348,CUST-0515,Latoya Herring,Mobile App,Online,Search,PROD-FUR-004,Filing Cabinet,Furniture,True,False,106,2024-05-25,North America
INT-001349,CUST-0211,Mary Day,Mobile App,Online,Browse,PROD-FUR-000,Standing Desk Mat,Furniture,True,False,103,2024-09-18,Europe
INT-001350,CUST-0435,Kristie Brown,Store,Offline,Search,PROD-STA-006,Stapler,Stationery,False,False,117,2024-11-18,Asia Pacific
INT-001351,CUST-0436,Glenn Lam,Web,Online,Support Chat,PROD-FUR-004,Filing Cabinet,Furniture,False,False,124,2024-08-26,North America
INT-001352,CUST-0257,Anthony Atkins,Social Media,Online,Browse,,,,True,False,108,2024-08-09,Asia Pacific
INT-001353,CUST-0593,Joseph Mason,Email,Online,Support Chat,PROD-STA-004,Document Folder,Stationery,False,False,109,2024-03-26,North America
INT-001354,CUST-0110,Kelsey Perez,Web,Online,Browse,,,,False,False,112,2024-01-29,North America
INT-001355,CUST-0188,Steven Sims Jr.,Mobile App,Online,Recommendation Click,PROD-STA-005,Whiteboard Marker,Stationery,True,False,128,2024-08-04,North America
INT-001356,CUST-0213,Deborah Hanna,Mobile App,Online,Recommendation Click,PROD-ELE-004,Webcam 1080p,Electronics,True,False,103,2024-05-17,North America
INT-001357,CUST-0176,Peggy Robinson,Store,Offline,Recommendation Click,,,,False,False,121,2024-05-25,Europe
INT-001358,CUST-0056,Mario Thompson,Store,Offline,Add To Cart,,,,False,False,138,2024-10-12,Europe
INT-001359,CUST-0250,Ann Gibson,Store,Offline,Browse,PROD-ELE-007,HDMI Cable,Electronics,True,True,118,2024-01-22,North America
INT-001360,CUST-0511,Leslie Wells,Web,Online,Store Visit,PROD-FUR-006,Office Desk,Furniture,True,False,117,2024-02-05,Europe
INT-001361,CUST-0071,Traci Martin,Store,Offline,Search,PROD-STA-003,Sticky Notes,Stationery,False,False,123,2024-11-16,North America
INT-001362,CUST-0269,Rachael Lowe,Web,Online,Recommendation Click,,,,False,False,135,2024-12-15,Europe
INT-001363,CUST-0241,Charles Watson,Call Center,Offline,Browse,PROD-FUR-004,Filing Cabinet,Furniture,True,False,130,2024-02-15,Asia Pacific
INT-001364,CUST-0099,Jill Richardson,Web,Online,Browse,PROD-FUR-001,Monitor Arm,Furniture,True,True,123,2024-05-18,North America
INT-001365,CUST-0392,April Bridges,Mobile App,Online,Store Visit,,,,False,False,102,2024-09-18,North America
INT-001366,CUST-0350,John Phillips,Store,Offline,Browse,,,,True,True,112,2024-11-27,North America
INT-001367,CUST-0492,William Murray,Store,Offline,Support Chat,PROD-FUR-007,Side Table,Furniture,True,False,101,2024-03-25,North America
INT-001368,CUST-0371,Sharon Gutierrez,Email,Online,Add To Cart,PROD-FUR-000,Standing Desk Mat,Furniture,False,False,126,2024-12-04,North America
INT-001369,CUST-0123,Eugene Jones,Web,Online,Recommendation Click,,,,False,False,114,2024-03-24,Europe
INT-001370,CUST-0121,Derrick Saunders,Mobile App,Online,Add To Cart,PROD-ELE-006,Laptop Stand,Electronics,True,False,108,2024-08-31,Asia Pacific
INT-001371,CUST-0406,Elizabeth Blake,Mobile App,Online,Search,,,,True,False,133,2024-04-23,North America
INT-001372,CUST-0300,Jessica Levine,Web,Online,Add To Cart,PROD-STA-005,Whiteboard Marker,Stationery,False,False,133,2024-05-27,North America
INT-001373,CUST-0048,Russell Williams,Mobile App,Online,Add To Cart,PROD-STA-005,Whiteboard Marker,Stationery,False,False,117,2024-07-04,North America
INT-001374,CUST-0304,Rebecca Gilbert,Web,Online,Add To Cart,PROD-ELE-006,Laptop Stand,Electronics,False,False,142,2024-07-13,North America
INT-001375,CUST-0117,Kelly Parker,Mobile App,Online,Search,PROD-ELE-001,Mechanical Keyboard,Electronics,False,False,124,2024-09-05,Asia Pacific
INT-001376,CUST-0092,Mr. John Jones,Store,Offline,Search,PROD-FUR-007,Side Table,Furniture,False,False,107,2024-02-04,North America
INT-001377,CUST-0362,Laura Macias,Call Center,Offline,Wishlist Add,PROD-STA-002,Highlighter Set,Stationery,False,False,129,2024-06-21,North America
INT-001378,CUST-0521,Shelley Schneider,Email,Online,Recommendation Click,,,,False,False,117,2024-08-19,North America
INT-001379,CUST-0088,Alex Coleman,Mobile App,Online,Recommendation Click,PROD-FUR-006,Office Desk,Furniture,True,False,124,2024-02-27,Asia Pacific
INT-001380,CUST-0188,Steven Sims Jr.,Email,Online,Wishlist Add,PROD-FUR-002,Ergonomic Chair,Furniture,True,False,122,2024-09-14,North America
INT-001381,CUST-0467,Jessica Rojas,Web,Online,Store Visit,,,,False,False,142,2024-10-11,Europe
INT-001382,CUST-0084,Tracy Nelson,Mobile App,Online,Browse,PROD-FUR-001,Monitor Arm,Furniture,False,False,145,2024-03-25,North America
INT-001383,CUST-0058,Patricia Francis,Store,Offline,Browse,PROD-ELE-000,Wireless Mouse,Electronics,False,False,120,2024-06-28,Europe
INT-001384,CUST-0379,Frederick Jones,Web,Online,Search,PROD-ELE-003,Bluetooth Headphones,Electronics,True,False,106,2024-05-09,Asia Pacific
INT-001385,CUST-0062,Anthony Martinez,Store,Offline,Browse,PROD-ELE-002,USB-C Hub,Electronics,False,False,114,2024-09-24,North America
INT-001386,CUST-0133,Neil Estes,Store,Offline,Browse,PROD-ELE-001,Mechanical Keyboard,Electronics,True,False,106,2024-12-29,North America
INT-001387,CUST-0184,Jessica Smith,Web,Online,Browse,PROD-STA-004,Document Folder,Stationery,False,False,114,2024-07-28,Europe
INT-001388,CUST-0384,Dana Knight,Web,Online,Browse,PROD-FUR-001,Monitor Arm,Furniture,True,False,113,2024-03-28,North America
INT-001389,CUST-0560,Krista Villanueva,Web,Online,Add To Cart,PROD-STA-000,Notebook A5,Stationery,False,False,121,2024-10-02,Asia Pacific
INT-001390,CUST-0251,Joshua Martin,Store,Offline,Wishlist Add,,,,True,True,115,2024-05-19,Europe
INT-001391,CUST-0241,Charles Watson,Store,Offline,Browse,PROD-STA-004,Document Folder,Stationery,True,False,128,2024-08-06,Europe
INT-001392,CUST-0139,Steven Flores,Web,Online,Browse,,,,True,True,134,2024-05-20,North America
INT-001393,CUST-0261,Christine Mcmillan,Store,Offline,Store Visit,PROD-STA-007,Paper Clips Box,Stationery,False,False,143,2024-11-10,North America
INT-001394,CUST-0101,Walter Stone,Store,Offline,Support Chat,PROD-ELE-004,Webcam 1080p,Electronics,False,False,101,2024-12-25,North America
INT-001395,CUST-0205,Jeffery Baker,Mobile App,Online,Search,PROD-STA-005,Whiteboard Marker,Stationery,True,False,130,2024-07-29,Asia Pacific
INT-001396,CUST-0266,Megan Ward,Web,Online,Search,PROD-FUR-003,Bookshelf,Furniture,True,False,119,2024-02-10,North America
INT-001397,CUST-0064,John Mcbride II,Web,Online,Add To Cart,PROD-ELE-003,Bluetooth Headphones,Electronics,False,False,96,2024-04-08,North America
INT-001398,CUST-0313,Samantha Love,Web,Online,Search,,,,False,False,120,2024-02-06,Europe
INT-001399,CUST-0397,Julie Fritz,Web,Online,Recommendation Click,PROD-FUR-002,Ergonomic Chair,Furniture,False,False,107,2024-12-20,Europe
INT-001400,CUST-0001,Marie Ramos,Web,Online,Wishlist Add,PROD-STA-003,Sticky Notes,Stationery,False,False,141,2024-07-23,Asia Pacific
INT-001401,CUST-0043,James Garner,Web,Online,Browse,,,,False,False,144,2024-03-19,Europe
INT-001402,CUST-0520,Shawn Gardner,Store,Offline,Wishlist Add,PROD-ELE-006,Laptop Stand,Electronics,True,False,133,2024-12-02,North America
INT-001403,CUST-0318,Travis Tucker,Web,Online,Browse,PROD-STA-004,Document Folder,Stationery,False,False,134,2024-08-28,North America
INT-001404,CUST-0443,Jonathan Johnson,Store,Offline,Browse,PROD-STA-004,Document Folder,Stationery,True,True,113,2024-03-27,North America
INT-001405,CUST-0597,Thomas Sheppard,Mobile App,Online,Search,PROD-STA-004,Document Folder,Stationery,False,False,118,2024-03-06,Asia Pacific
INT-001406,CUST-0103,Tina Fields,Web,Online,Add To Cart,PROD-FUR-007,Side Table,Furniture,True,False,124,2024-03-25,Europe
INT-001407,CUST-0046,Glenn Adkins,Call Center,Offline,Add To Cart,,,,True,True,124,2024-02-03,Europe
INT-001408,CUST-0159,Courtney Hart,Store,Offline,Browse,,,,True,True,129,2024-05-21,North America
INT-001409,CUST-0237,Alexandra Foster,Call Center,Offline,Browse,PROD-STA-003,Sticky Notes,Stationery,False,False,114,2024-02-08,Europe
INT-001410,CUST-0255,Tara Stuart,Email,Online,Recommendation Click,,,,False,False,127,2024-03-27,North America
INT-001411,CUST-0513,Christine Watkins,Web,Online,Browse,PROD-STA-006,Stapler,Stationery,False,False,130,2024-01-10,Europe
INT-001412,CUST-0145,Jennifer Bailey,Store,Offline,Recommendation Click,PROD-ELE-002,USB-C Hub,Electronics,False,False,127,2024-11-21,Asia Pacific
INT-001413,CUST-0590,Matthew Johnson,Web,Online,Add To Cart,,,,True,False,120,2024-04-16,North America
INT-001414,CUST-0073,Aaron Garcia,Web,Online,Wishlist Add,PROD-FUR-006,Office Desk,Furniture,True,False,103,2024-07-27,Europe
INT-001415,CUST-0036,Roger Bennett,Web,Online,Add To Cart,PROD-STA-000,Notebook A5,Stationery,False,False,114,2024-06-22,Europe
INT-001416,CUST-0035,Emily Moody,Call Center,Offline,Search,PROD-STA-002,Highlighter Set,Stationery,False,False,120,2024-06-12,Europe
INT-001417,CUST-0160,Nathan Walker,Mobile App,Online,Browse,PROD-STA-001,Ballpoint Pen Pack,Stationery,True,False,138,2024-02-17,Asia Pacific
INT-001418,CUST-0448,Bobby Blackwell,Web,Online,Search,PROD-FUR-004,Filing Cabinet,Furniture,False,False,130,2024-11-19,Asia Pacific
INT-001419,CUST-0293,Joseph Jones,Store,Offline,Add To Cart,PROD-FUR-000,Standing Desk Mat,Furniture,True,False,132,2024-05-15,North America
INT-001420,CUST-0491,Mr. Trevor Berry,Web,Online,Browse,PROD-STA-003,Sticky Notes,Stationery,False,False,110,2024-04-04,Europe
INT-001421,CUST-0449,Taylor Moss,Store,Offline,Search,,,,True,False,110,2024-09-04,Europe
INT-001422,CUST-0254,Erik Blair,Mobile App,Online,Browse,PROD-FUR-004,Filing Cabinet,Furniture,True,False,121,2024-11-20,Asia Pacific
INT-001423,CUST-0574,Michael Gonzalez,Store,Offline,Recommendation Click,PROD-STA-002,Highlighter Set,Stationery,False,False,118,2024-08-12,North America
INT-001424,CUST-0239,Ruth Myers,Mobile App,Online,Add To Cart,PROD-FUR-004,Filing Cabinet,Furniture,True,False,118,2024-03-25,Asia Pacific
INT-001425,CUST-0499,Larry George,Web,Online,Support Chat,PROD-STA-006,Stapler,Stationery,True,True,116,2024-03-14,North America
INT-001426,CUST-0146,Gregory Gray,Web,Online,Browse,PROD-FUR-006,Office Desk,Furniture,True,False,140,2024-02-16,North America
INT-001427,CUST-0303,Veronica Parsons,Web,Online,Store Visit,PROD-STA-003,Sticky Notes,Stationery,False,False,124,2024-09-05,Asia Pacific
INT-001428,CUST-0586,Mark Hunter,Web,Online,Browse,PROD-ELE-000,Wireless Mouse,Electronics,True,True,117,2024-05-20,Asia Pacific
INT-001429,CUST-0324,Amy Giles,Web,Online,Store Visit,PROD-FUR-007,Side Table,Furniture,True,False,132,2024-03-03,Europe
INT-001430,CUST-0375,Brenda Collins,Store,Offline,Browse,PROD-ELE-005,Portable SSD,Electronics,False,False,120,2024-01-07,Europe
INT-001431,CUST-0244,Eric Miller,Store,Offline,Store Visit,PROD-STA-002,Highlighter Set,Stationery,False,False,119,2024-06-12,North America
INT-001432,CUST-0213,Deborah Hanna,Web,Online,Support Chat,PROD-STA-002,Highlighter Set,Stationery,False,False,129,2024-09-09,Asia Pacific
INT-001433,CUST-0318,Travis Tucker,Mobile App,Online,Browse,PROD-FUR-002,Ergonomic Chair,Furniture,True,True,117,2024-02-23,North America
INT-001434,CUST-0218,Denise Woods,Store,Offline,Support Chat,,,,True,False,103,2024-12-30,North America
INT-001435,CUST-0038,Raymond Johnson,Web,Online,Recommendation Click,,,,False,False,124,2024-06-17,Europe
INT-001436,CUST-0324,Amy Giles,Mobile App,Online,Store Visit,PROD-FUR-004,Filing Cabinet,Furniture,False,False,122,2024-08-14,Asia Pacific
INT-001437,CUST-0570,Patrick Leblanc,Store,Offline,Recommendation Click,PROD-STA-004,Document Folder,Stationery,False,False,104,2024-02-14,North America
INT-001438,CUST-0179,Bryan Strong,Email,Online,Recommendation Click,PROD-FUR-000,Standing Desk Mat,Furniture,True,True,150,2024-10-01,North America
INT-001439,CUST-0214,Brenda Cook,Mobile App,Online,Browse,PROD-FUR-002,Ergonomic Chair,Furniture,False,False,138,2024-06-21,Europe
INT-001440,CUST-0248,Jason Gilbert,Mobile App,Online,Support Chat,PROD-FUR-000,Standing Desk Mat,Furniture,False,False,107,2024-03-16,North America
INT-001441,CUST-0048,Russell Williams,Store,Offline,Browse,PROD-STA-003,Sticky Notes,Stationery,False,False,108,2024-02-22,North America
INT-001442,CUST-0282,Nicole Douglas,Web,Online,Browse,PROD-ELE-006,Laptop Stand,Electronics,False,False,119,2024-03-26,Europe
INT-001443,CUST-0015,Shawn Knight,Web,Online,Browse,PROD-ELE-006,Laptop Stand,Electronics,True,True,129,2024-03-27,Europe
INT-001444,CUST-0587,Matthew Dougherty,Web,Online,Search,PROD-FUR-007,Side Table,Furniture,False,False,132,2024-11-14,North America
INT-001445,CUST-0200,Laura Parsons,Mobile App,Online,Browse,PROD-STA-002,Highlighter Set,Stationery,False,False,121,2024-01-23,North America
INT-001446,CUST-0436,Glenn Lam,Mobile App,Online,Search,,,,True,False,122,2024-08-10,North America
INT-001447,CUST-0310,Katie Guzman,Mobile App,Online,Wishlist Add,PROD-FUR-003,Bookshelf,Furniture,True,False,121,2024-08-01,Europe
INT-001448,CUST-0443,Jonathan Johnson,Store,Offline,Search,PROD-FUR-000,Standing Desk Mat,Furniture,False,False,110,2024-05-18,Europe
INT-001449,CUST-0401,Roger Shaw,Web,Online,Browse,PROD-FUR-007,Side Table,Furniture,True,True,111,2024-12-28,North America
INT-001450,CUST-0300,Jessica Levine,Web,Online,Recommendation Click,PROD-STA-001,Ballpoint Pen Pack,Stationery,False,False,126,2024-09-03,North America
INT-001451,CUST-0538,Arthur Collins,Mobile App,Online,Browse,PROD-FUR-000,Standing Desk Mat,Furniture,False,False,124,2024-03-13,North America
INT-001452,CUST-0359,Tracy Wells,Mobile App,Online,Recommendation Click,,,,True,False,144,2024-08-15,North America
INT-001453,CUST-0176,Peggy Robinson,Social Media,Online,Search,PROD-ELE-007,HDMI Cable,Electronics,False,False,125,2024-03-12,Europe
INT-001454,CUST-0580,Diana Williams,Mobile App,Online,Store Visit,PROD-STA-000,Notebook A5,Stationery,True,True,112,2024-08-27,Europe
INT-001455,CUST-0481,Benjamin Jenkins,Web,Online,Add To Cart,,,,False,False,136,2024-08-28,Europe
INT-001456,CUST-0360,Christine Martinez,Web,Online,Store Visit,PROD-ELE-003,Bluetooth Headphones,Electronics,False,False,126,2024-08-06,North America
INT-001457,CUST-0466,Jessica Roth,Web,Online,Browse,PROD-STA-002,Highlighter Set,Stationery,True,True,123,2024-10-05,North America
INT-001458,CUST-0412,Brett Oliver,Web,Online,Browse,PROD-ELE-006,Laptop Stand,Electronics,False,False,114,2024-06-22,Europe
INT-001459,CUST-0228,Gary Carey,Web,Online,Support Chat,PROD-FUR-004,Filing Cabinet,Furniture,True,True,98,2024-02-12,Europe
INT-001460,CUST-0132,Mary Weeks,Email,Online,Recommendation Click,,,,False,False,136,2024-08-12,Europe
INT-001461,CUST-0203,Andrew Arnold,Store,Offline,Recommendation Click,PROD-ELE-005,Portable SSD,Electronics,True,True,108,2024-01-21,Europe
INT-001462,CUST-0180,Carolyn Torres,Social Media,Online,Search,PROD-ELE-007,HDMI Cable,Electronics,False,False,124,2024-04-20,North America
INT-001463,CUST-0221,Diane Perez,Mobile App,Online,Browse,,,,True,False,130,2024-12-08,Europe
INT-001464,CUST-0423,Erica Martinez,Web,Online,Search,PROD-ELE-000,Wireless Mouse,Electronics,True,True,133,2024-05-05,North America
INT-001465,CUST-0596,Gregg Fitzgerald,Call Center,Offline,Support Chat,PROD-ELE-002,USB-C Hub,Electronics,False,False,106,2024-01-24,Europe
INT-001466,CUST-0110,Kelsey Perez,Store,Offline,Browse,PROD-STA-003,Sticky Notes,Stationery,False,False,100,2024-08-04,North America
INT-001467,CUST-0104,Shelly Nelson,Store,Offline,Browse,,,,True,False,112,2024-12-01,North America
INT-001468,CUST-0179,Bryan Strong,Email,Online,Search,PROD-STA-006,Stapler,Stationery,False,False,118,2024-05-21,North America
INT-001469,CUST-0234,Andrea Sanchez,Social Media,Online,Search,,,,True,False,126,2024-12-20,North America
INT-001470,CUST-0180,Carolyn Torres,Mobile App,Online,Search,PROD-ELE-007,HDMI Cable,Electronics,False,False,104,2024-01-13,North America
INT-001471,CUST-0500,Justin Baldwin,Mobile App,Online,Browse,PROD-ELE-004,Webcam 1080p,Electronics,True,False,124,2024-11-19,Asia Pacific
INT-001472,CUST-0284,Amanda Watts,Mobile App,Online,Browse,,,,False,False,119,2024-02-19,Europe
INT-001473,CUST-0171,Brian Hanson,Mobile App,Online,Add To Cart,PROD-FUR-000,Standing Desk Mat,Furniture,True,False,107,2024-09-04,North America
INT-001474,CUST-0390,Matthew Fitzgerald,Store,Offline,Browse,PROD-ELE-006,Laptop Stand,Electronics,False,False,125,2024-08-04,North America
INT-001475,CUST-0488,Scott Garza,Social Media,Online,Search,PROD-ELE-006,Laptop Stand,Electronics,True,False,115,2024-02-07,North America
INT-001476,CUST-0313,Samantha Love,Social Media,Online,Browse,,,,True,False,118,2024-07-09,Europe
INT-001477,CUST-0255,Tara Stuart,Web,Online,Recommendation Click,PROD-STA-007,Paper Clips Box,Stationery,True,True,125,2024-07-26,Asia Pacific
INT-001478,CUST-0259,Lori Beasley,Call Center,Offline,Browse,PROD-STA-000,Notebook A5,Stationery,False,False,120,2024-02-16,Asia Pacific
INT-001479,CUST-0510,Mark Anderson,Web,Online,Browse,PROD-STA-005,Whiteboard Marker,Stationery,False,False,121,2024-08-11,North America
INT-001480,CUST-0302,Jennifer Arnold,Web,Online,Browse,PROD-ELE-002,USB-C Hub,Electronics,False,False,130,2024-05-14,Europe
INT-001481,CUST-0121,Derrick Saunders,Email,Online,Add To Cart,,,,False,False,112,2024-02-05,North America
INT-001482,CUST-0065,John Walker,Social Media,Online,Browse,PROD-STA-007,Paper Clips Box,Stationery,False,False,113,2024-10-21,North America
INT-001483,CUST-0034,Julia Olson,Web,Online,Browse,,,,False,False,105,2024-01-23,Europe
INT-001484,CUST-0063,Jeffrey Stephens,Social Media,Online,Support Chat,PROD-ELE-000,Wireless Mouse,Electronics,False,False,116,2024-12-15,Europe
INT-001485,CUST-0443,Jonathan Johnson,Mobile App,Online,Browse,,,,True,True,121,2024-10-30,North America
INT-001486,CUST-0246,Shane Lopez,Social Media,Online,Support Chat,PROD-STA-000,Notebook A5,Stationery,False,False,124,2024-04-10,North America
INT-001487,CUST-0558,Christopher Bruce,Social Media,Online,Search,PROD-STA-007,Paper Clips Box,Stationery,True,False,125,2024-07-27,Europe
INT-001488,CUST-0477,Anthony Rodriguez,Mobile App,Online,Search,PROD-STA-005,Whiteboard Marker,Stationery,False,False,96,2024-08-15,Asia Pacific
INT-001489,CUST-0359,Tracy Wells,Web,Online,Browse,,,,True,True,139,2024-01-05,Europe
INT-001490,CUST-0109,Patricia Woods,Store,Offline,Wishlist Add,PROD-ELE-003,Bluetooth Headphones,Electronics,False,False,123,2024-12-17,Asia Pacific
INT-001491,CUST-0471,Michael Cohen,Social Media,Online,Browse,,,,True,False,119,2024-04-02,Europe
INT-001492,CUST-0512,Mitchell Gomez,Social Media,Online,Browse,PROD-ELE-001,Mechanical Keyboard,Electronics,True,False,106,2024-01-03,Europe
INT-001493,CUST-0035,Emily Moody,Store,Offline,Search,,,,False,False,129,2024-03-25,North America
INT-001494,CUST-0011,Sarah Thompson,Mobile App,Online,Recommendation Click,PROD-ELE-004,Webcam 1080p,Electronics,True,True,146,2024-12-18,North America
INT-001495,CUST-0364,Matthew Taylor,Web,Online,Add To Cart,,,,True,False,113,2024-07-10,Europe
INT-001496,CUST-0556,Michael Hill,Store,Offline,Recommendation Click,,,,True,True,120,2024-03-30,Asia Pacific
INT-001497,CUST-0322,Stephen Murphy,Web,Online,Browse,PROD-STA-000,Notebook A5,Stationery,True,True,120,2024-09-21,North America
INT-001498,CUST-0343,Brian Reyes,Mobile App,Online,Search,PROD-FUR-000,Standing Desk Mat,Furniture,True,True,114,2024-08-31,North America
INT-001499,CUST-0208,Tiffany Pearson,Web,Online,Browse,PROD-STA-005,Whiteboard Marker,Stationery,False,False,105,2024-02-04,Asia Pacific
INT-001500,CUST-0323,Rachel Smith,Web,Online,Search,PROD-ELE-003,Bluetooth Headphones,Electronics,False,False,125,2024-02-13,Asia Pacific
INT-001501,CUST-0384,Dana Knight,Web,Online,Add To Cart,PROD-ELE-000,Wireless Mouse,Electronics,False,False,128,2024-03-27,North America
INT-001502,CUST-0464,Melissa Williams DDS,Social Media,Online,Search,,,,False,False,117,2024-01-07,Europe
INT-001503,CUST-0405,Dana Rice,Call Center,Offline,Recommendation Click,PROD-STA-004,Document Folder,Stationery,False,False,124,2024-08-21,Asia Pacific
INT-001504,CUST-0358,Jonathan Wilson,Store,Offline,Recommendation Click,,,,False,False,118,2024-09-12,Europe
INT-001505,CUST-0345,Anthony Butler,Store,Offline,Add To Cart,PROD-STA-004,Document Folder,Stationery,False,False,142,2024-04-15,Asia Pacific
INT-001506,CUST-0126,Meredith Werner,Web,Online,Search,PROD-STA-004,Document Folder,Stationery,True,False,124,2024-02-08,North America
INT-001507,CUST-0226,Margaret Robinson,Web,Online,Search,PROD-ELE-007,HDMI Cable,Electronics,False,False,135,2024-08-09,Asia Pacific
INT-001508,CUST-0189,Nicole Garrett,Mobile App,Online,Recommendation Click,PROD-STA-006,Stapler,Stationery,False,False,127,2024-04-06,North America
INT-001509,CUST-0503,Veronica Ortiz,Store,Offline,Add To Cart,PROD-ELE-007,HDMI Cable,Electronics,True,False,112,2024-08-17,North America
INT-001510,CUST-0460,Tyrone Navarro,Web,Online,Wishlist Add,PROD-STA-001,Ballpoint Pen Pack,Stationery,False,False,114,2024-05-09,North America
INT-001511,CUST-0068,Michael Medina,Mobile App,Online,Add To Cart,PROD-STA-003,Sticky Notes,Stationery,False,False,149,2024-04-22,North America
INT-001512,CUST-0478,Megan Schmidt,Store,Offline,Wishlist Add,,,,False,False,132,2024-07-07,Europe
INT-001513,CUST-0406,Elizabeth Blake,Email,Online,Store Visit,,,,True,False,115,2024-04-21,Asia Pacific
INT-001514,CUST-0556,Michael Hill,Mobile App,Online,Browse,PROD-ELE-001,Mechanical Keyboard,Electronics,False,False,128,2024-12-16,North America
INT-001515,CUST-0484,Kim Ramirez,Mobile App,Online,Add To Cart,PROD-FUR-005,Desk Lamp,Furniture,False,False,123,2024-08-06,Europe
INT-001516,CUST-0210,Jeffery Rios,Web,Online,Recommendation Click,PROD-FUR-005,Desk Lamp,Furniture,False,False,120,2024-09-24,North America
INT-001517,CUST-0217,Crystal Hawkins,Web,Online,Add To Cart,PROD-ELE-006,Laptop Stand,Electronics,False,False,118,2024-07-04,Asia Pacific
INT-001518,CUST-0362,Laura Macias,Mobile App,Online,Search,PROD-ELE-002,USB-C Hub,Electronics,False,False,115,2024-06-18,North America
INT-001519,CUST-0536,Kara Lyons,Email,Online,Add To Cart,PROD-FUR-007,Side Table,Furniture,False,False,114,2024-04-09,North America
INT-001520,CUST-0313,Samantha Love,Web,Online,Search,PROD-STA-004,Document Folder,Stationery,False,False,137,2024-11-26,North America
INT-001521,CUST-0092,Mr. John Jones,Email,Online,Support Chat,PROD-ELE-005,Portable SSD,Electronics,False,False,116,2024-03-03,Asia Pacific
INT-001522,CUST-0043,James Garner,Mobile App,Online,Add To Cart,PROD-FUR-000,Standing Desk Mat,Furniture,False,False,117,2024-12-30,North America
INT-001523,CUST-0273,Ronald Meadows,Mobile App,Online,Wishlist Add,,,,True,False,124,2024-04-18,North America
INT-001524,CUST-0337,Christine Lowe,Web,Online,Store Visit,PROD-STA-002,Highlighter Set,Stationery,False,False,125,2024-06-06,Europe
INT-001525,CUST-0188,Steven Sims Jr.,Mobile App,Online,Search,,,,False,False,123,2024-08-03,Europe
INT-001526,CUST-0292,Michael Meyer,Call Center,Offline,Search,PROD-ELE-007,HDMI Cable,Electronics,False,False,129,2024-07-24,Asia Pacific
INT-001527,CUST-0423,Erica Martinez,Web,Online,Browse,,,,True,False,118,2024-03-08,Europe
INT-001528,CUST-0472,John Stevenson,Email,Online,Recommendation Click,PROD-FUR-003,Bookshelf,Furniture,True,False,110,2024-03-24,Asia Pacific
INT-001529,CUST-0452,Jacqueline Fisher,Mobile App,Online,Recommendation Click,PROD-STA-002,Highlighter Set,Stationery,True,False,131,2024-04-24,Asia Pacific
INT-001530,CUST-0014,Michael Klein,Mobile App,Online,Browse,PROD-STA-002,Highlighter Set,Stationery,False,False,137,2024-12-11,Asia Pacific
INT-001531,CUST-0160,Nathan Walker,Web,Online,Recommendation Click,PROD-FUR-007,Side Table,Furniture,True,False,132,2024-02-08,Europe
INT-001532,CUST-0435,Kristie Brown,Web,Online,Add To Cart,PROD-FUR-001,Monitor Arm,Furniture,True,False,111,2024-03-30,North America
INT-001533,CUST-0580,Diana Williams,Mobile App,Online,Recommendation Click,PROD-ELE-005,Portable SSD,Electronics,False,False,136,2024-08-05,Europe
INT-001534,CUST-0472,John Stevenson,Social Media,Online,Recommendation Click,PROD-STA-006,Stapler,Stationery,True,False,127,2024-04-16,North America
INT-001535,CUST-0592,Joy Kelly,Store,Offline,Search,PROD-STA-000,Notebook A5,Stationery,False,False,128,2024-02-05,Europe
INT-001536,CUST-0234,Andrea Sanchez,Store,Offline,Browse,PROD-STA-006,Stapler,Stationery,False,False,114,2024-09-08,North America
INT-001537,CUST-0449,Taylor Moss,Web,Online,Add To Cart,,,,False,False,141,2024-09-21,Asia Pacific
INT-001538,CUST-0288,Chelsea Jenkins,Web,Online,Search,,,,True,True,120,2024-12-14,Asia Pacific
INT-001539,CUST-0557,Michael Bruce,Web,Online,Browse,,,,True,False,123,2024-03-16,North America
INT-001540,CUST-0277,Melissa Hester,Call Center,Offline,Wishlist Add,PROD-FUR-001,Monitor Arm,Furniture,False,False,122,2024-02-04,Europe
INT-001541,CUST-0236,Elizabeth Campbell,Web,Online,Search,PROD-STA-005,Whiteboard Marker,Stationery,True,False,116,2024-07-01,North America
INT-001542,CUST-0207,Shannon Flores,Web,Online,Browse,PROD-STA-003,Sticky Notes,Stationery,False,False,122,2024-12-29,North America
INT-001543,CUST-0393,Anita Allen,Web,Online,Search,PROD-FUR-002,Ergonomic Chair,Furniture,False,False,103,2024-12-04,Europe
INT-001544,CUST-0101,Walter Stone,Email,Online,Store Visit,,,,True,False,118,2024-04-27,Asia Pacific
INT-001545,CUST-0314,Matthew Jones,Web,Online,Search,PROD-FUR-004,Filing Cabinet,Furniture,False,False,112,2024-02-21,North America
INT-001546,CUST-0168,Anna Key,Mobile App,Online,Add To Cart,,,,True,False,137,2024-05-04,Europe
INT-001547,CUST-0519,Nancy Davis,Social Media,Online,Recommendation Click,,,,False,False,112,2024-05-07,Europe
INT-001548,CUST-0303,Veronica Parsons,Web,Online,Wishlist Add,PROD-FUR-004,Filing Cabinet,Furniture,True,False,125,2024-11-02,Europe
INT-001549,CUST-0550,Jacqueline Richardson DDS,Web,Online,Search,PROD-ELE-001,Mechanical Keyboard,Electronics,False,False,128,2024-06-04,Asia Pacific
INT-001550,CUST-0443,Jonathan Johnson,Social Media,Online,Search,,,,False,False,103,2024-11-27,Europe
INT-001551,CUST-0331,Matthew Johnston,Call Center,Offline,Add To Cart,,,,True,False,122,2024-04-19,Europe
INT-001552,CUST-0293,Joseph Jones,Mobile App,Online,Recommendation Click,PROD-ELE-001,Mechanical Keyboard,Electronics,False,False,122,2024-06-27,North America
INT-001553,CUST-0120,Brian Peck,Social Media,Online,Browse,,,,False,False,127,2024-06-08,North America
INT-001554,CUST-0140,Micheal King,Email,Online,Recommendation Click,,,,False,False,121,2024-04-24,North America
INT-001555,CUST-0117,Kelly Parker,Email,Online,Recommendation Click,,,,False,False,95,2024-02-11,Asia Pacific
INT-001556,CUST-0555,Patrick Butler,Call Center,Offline,Add To Cart,PROD-ELE-006,Laptop Stand,Electronics,True,False,125,2024-12-24,North America
INT-001557,CUST-0008,Sarah Conrad,Mobile App,Online,Search,,,,True,False,129,2024-10-27,Asia Pacific
INT-001558,CUST-0552,Christine Clark,Web,Online,Recommendation Click,PROD-STA-003,Sticky Notes,Stationery,False,False,123,2024-06-12,North America
INT-001559,CUST-0355,James Hall,Web,Online,Browse,PROD-FUR-003,Bookshelf,Furniture,True,False,123,2024-04-14,North America
INT-001560,CUST-0002,John Johnson,Mobile App,Online,Recommendation Click,,,,True,False,145,2024-10-21,North America
INT-001561,CUST-0274,Amanda Burgess,Mobile App,Online,Recommendation Click,PROD-STA-003,Sticky Notes,Stationery,True,False,124,2024-03-15,Europe
INT-001562,CUST-0407,Matthew Allen,Email,Online,Wishlist Add,,,,False,False,127,2024-11-30,Europe
INT-001563,CUST-0571,Dean Day,Web,Online,Wishlist Add,PROD-STA-002,Highlighter Set,Stationery,False,False,126,2024-12-21,North America
INT-001564,CUST-0094,Alexander Odom,Mobile App,Online,Browse,PROD-STA-002,Highlighter Set,Stationery,True,False,135,2024-11-19,North America
INT-001565,CUST-0468,Daniel Jones,Email,Online,Browse,PROD-ELE-002,USB-C Hub,Electronics,False,False,125,2024-08-01,North America
INT-001566,CUST-0166,Tammy Anderson,Social Media,Online,Search,,,,True,False,89,2024-03-29,North America
INT-001567,CUST-0485,Brian Rogers,Mobile App,Online,Store Visit,PROD-STA-000,Notebook A5,Stationery,False,False,121,2024-09-20,North America
INT-001568,CUST-0581,Michael Reeves,Store,Offline,Support Chat,PROD-STA-003,Sticky Notes,Stationery,True,True,151,2024-06-13,North America
INT-001569,CUST-0139,Steven Flores,Store,Offline,Browse,PROD-STA-002,Highlighter Set,Stationery,True,False,115,2024-02-15,North America
INT-001570,CUST-0087,Deanna Sanchez,Store,Offline,Search,PROD-STA-001,Ballpoint Pen Pack,Stationery,True,True,134,2024-02-03,North America
INT-001571,CUST-0450,Jacob Barber,Mobile App,Online,Browse,,,,True,False,105,2024-08-18,Asia Pacific
INT-001572,CUST-0095,Kelly Beltran,Web,Online,Store Visit,PROD-STA-004,Document Folder,Stationery,False,False,137,2024-10-11,Europe
INT-001573,CUST-0128,Seth Perez,Web,Online,Support Chat,PROD-ELE-004,Webcam 1080p,Electronics,True,False,137,2024-12-13,North America
INT-001574,CUST-0332,Alejandro Barker,Mobile App,Online,Recommendation Click,PROD-STA-000,Notebook A5,Stationery,False,False,117,2024-08-22,North America
INT-001575,CUST-0414,Elizabeth Thompson,Web,Online,Wishlist Add,,,,False,False,110,2024-06-11,North America
INT-001576,CUST-0157,Deborah Rodriguez,Web,Online,Browse,PROD-ELE-003,Bluetooth Headphones,Electronics,False,False,135,2024-10-28,Europe
INT-001577,CUST-0379,Frederick Jones,Mobile App,Online,Wishlist Add,PROD-ELE-000,Wireless Mouse,Electronics,False,False,102,2024-02-04,North America
INT-001578,CUST-0295,Lori Griffin,Email,Online,Recommendation Click,,,,False,False,117,2024-03-17,North America
INT-001579,CUST-0287,Tracy Waters,Web,Online,Search,PROD-ELE-002,USB-C Hub,Electronics,False,False,115,2024-06-28,North America
INT-001580,CUST-0483,Caitlin Gonzalez,Email,Online,Browse,PROD-FUR-002,Ergonomic Chair,Furniture,True,False,110,2024-09-12,Europe
INT-001581,CUST-0518,Dale Carlson,Web,Online,Browse,,,,False,False,124,2024-05-03,Europe
INT-001582,CUST-0320,Sharon Hensley,Call Center,Offline,Support Chat,,,,True,True,112,2024-07-28,North America
INT-001583,CUST-0595,Ashley Moore,Mobile App,Online,Wishlist Add,PROD-STA-007,Paper Clips Box,Stationery,False,False,125,2024-08-23,Europe
INT-001584,CUST-0120,Brian Peck,Web,Online,Store Visit,PROD-STA-004,Document Folder,Stationery,True,False,130,2024-02-21,North America
INT-001585,CUST-0469,Mark Smith,Email,Online,Browse,PROD-FUR-002,Ergonomic Chair,Furniture,False,False,112,2024-05-05,North America
INT-001586,CUST-0406,Elizabeth Blake,Web,Online,Recommendation Click,PROD-FUR-007,Side Table,Furniture,False,False,135,2024-10-07,North America
INT-001587,CUST-0114,Cynthia White,Web,Online,Wishlist Add,PROD-ELE-005,Portable SSD,Electronics,False,False,104,2024-01-01,Asia Pacific
INT-001588,CUST-0292,Michael Meyer,Email,Online,Wishlist Add,,,,True,False,139,2024-01-04,Europe
INT-001589,CUST-0580,Diana Williams,Store,Offline,Wishlist Add,PROD-ELE-006,Laptop Stand,Electronics,True,True,124,2024-08-12,Europe
INT-001590,CUST-0048,Russell Williams,Web,Online,Browse,PROD-FUR-007,Side Table,Furniture,False,False,135,2024-08-23,Asia Pacific
INT-001591,CUST-0092,Mr. John Jones,Web,Online,Browse,PROD-FUR-006,Office Desk,Furniture,False,False,123,2024-11-30,Europe
INT-001592,CUST-0310,Katie Guzman,Web,Online,Add To Cart,PROD-ELE-000,Wireless Mouse,Electronics,True,True,96,2024-10-15,Europe
INT-001593,CUST-0487,Timothy Osborne,Store,Offline,Wishlist Add,,,,True,False,120,2024-09-10,North America
INT-001594,CUST-0598,Jennifer Garcia,Call Center,Offline,Recommendation Click,PROD-ELE-005,Portable SSD,Electronics,True,False,111,2024-02-22,Europe
INT-001595,CUST-0514,Amanda White,Mobile App,Online,Browse,PROD-ELE-001,Mechanical Keyboard,Electronics,True,False,114,2024-06-10,Europe
INT-001596,CUST-0393,Anita Allen,Call Center,Offline,Search,PROD-ELE-007,HDMI Cable,Electronics,False,False,106,2024-08-23,Europe
INT-001597,CUST-0355,James Hall,Web,Online,Browse,,,,False,False,122,2024-09-28,Europe
INT-001598,CUST-0158,Mr. Gregory Guerra,Email,Online,Recommendation Click,,,,False,False,115,2024-07-13,North America
INT-001599,CUST-0367,Kristen Campos,Email,Online,Browse,PROD-FUR-001,Monitor Arm,Furniture,True,False,109,2024-11-01,North America
INT-001600,CUST-0330,Ryan Smith,Store,Offline,Search,PROD-FUR-004,Filing Cabinet,Furniture,False,False,108,2024-11-02,North America
INT-001601,CUST-0259,Lori Beasley,Store,Offline,Add To Cart,PROD-FUR-005,Desk Lamp,Furniture,False,False,125,2024-03-20,North America
INT-001602,CUST-0087,Deanna Sanchez,Social Media,Online,Browse,,,,False,False,123,2024-10-31,Asia Pacific
INT-001603,CUST-0261,Christine Mcmillan,Store,Offline,Browse,,,,True,False,112,2024-05-12,North America
INT-001604,CUST-0283,Jason Winters,Call Center,Offline,Add To Cart,PROD-ELE-006,Laptop Stand,Electronics,False,False,104,2024-01-21,North America
INT-001605,CUST-0190,Walter Chavez,Mobile App,Online,Browse,,,,True,False,127,2024-06-17,Europe
INT-001606,CUST-0342,Jacqueline Church,Store,Offline,Support Chat,,,,True,False,110,2024-12-08,Europe
INT-001607,CUST-0289,James Weaver,Call Center,Offline,Support Chat,,,,True,False,127,2024-02-01,Asia Pacific
INT-001608,CUST-0408,Gregory Wilson,Email,Online,Search,PROD-FUR-007,Side Table,Furniture,False,False,115,2024-08-24,Europe
INT-001609,CUST-0413,Caitlin Murphy,Web,Online,Add To Cart,PROD-ELE-004,Webcam 1080p,Electronics,True,False,128,2024-08-29,Asia Pacific
INT-001610,CUST-0144,Brian Sanders,Web,Online,Support Chat,PROD-FUR-001,Monitor Arm,Furniture,True,False,121,2024-10-13,North America
INT-001611,CUST-0569,Katherine Nelson,Mobile App,Online,Recommendation Click,PROD-FUR-002,Ergonomic Chair,Furniture,False,False,112,2024-09-28,North America
INT-001612,CUST-0258,Christopher Torres,Mobile App,Online,Search,PROD-STA-006,Stapler,Stationery,False,False,121,2024-10-30,Europe
INT-001613,CUST-0490,Rebecca Flores,Mobile App,Online,Search,,,,True,True,116,2024-05-02,Asia Pacific
INT-001614,CUST-0556,Michael Hill,Email,Online,Browse,PROD-ELE-001,Mechanical Keyboard,Electronics,True,False,122,2024-06-03,Asia Pacific
INT-001615,CUST-0576,Joanne Lane,Web,Online,Recommendation Click,PROD-STA-003,Sticky Notes,Stationery,True,True,127,2024-01-01,North America
INT-001616,CUST-0179,Bryan Strong,Email,Online,Browse,PROD-ELE-006,Laptop Stand,Electronics,True,False,124,2024-12-01,Europe
INT-001617,CUST-0284,Amanda Watts,Email,Online,Browse,,,,False,False,122,2024-11-12,North America
INT-001618,CUST-0271,Mrs. Angela Moore,Call Center,Offline,Support Chat,PROD-STA-001,Ballpoint Pen Pack,Stationery,False,False,105,2024-12-28,Asia Pacific
INT-001619,CUST-0361,Derek Lewis,Web,Online,Wishlist Add,PROD-FUR-000,Standing Desk Mat,Furniture,False,False,120,2024-08-10,North America
INT-001620,CUST-0288,Chelsea Jenkins,Mobile App,Online,Browse,,,,True,True,118,2024-04-07,Asia Pacific
INT-001621,CUST-0499,Larry George,Social Media,Online,Add To Cart,PROD-ELE-001,Mechanical Keyboard,Electronics,True,False,119,2024-10-21,North America
INT-001622,CUST-0508,Brandon Pierce,Web,Online,Search,PROD-FUR-002,Ergonomic Chair,Furniture,False,False,111,2024-07-25,Asia Pacific
INT-001623,CUST-0597,Thomas Sheppard,Mobile App,Online,Add To Cart,PROD-STA-004,Document Folder,Stationery,True,False,115,2024-08-21,North America
INT-001624,CUST-0022,Stephanie Wu,Web,Online,Browse,PROD-STA-002,Highlighter Set,Stationery,False,False,128,2024-02-20,North America
INT-001625,CUST-0460,Tyrone Navarro,Web,Online,Support Chat,PROD-STA-006,Stapler,Stationery,True,False,111,2024-03-03,Europe
INT-001626,CUST-0185,Miguel Garcia,Web,Online,Browse,PROD-FUR-000,Standing Desk Mat,Furniture,False,False,113,2024-01-02,North America
INT-001627,CUST-0127,Daniel Nunez,Social Media,Online,Support Chat,PROD-STA-002,Highlighter Set,Stationery,False,False,120,2024-09-03,Europe
INT-001628,CUST-0459,Claudia Doyle,Web,Online,Recommendation Click,PROD-FUR-002,Ergonomic Chair,Furniture,False,False,122,2024-10-13,North America
INT-001629,CUST-0273,Ronald Meadows,Email,Online,Search,PROD-STA-000,Notebook A5,Stationery,False,False,117,2024-03-14,Asia Pacific
INT-001630,CUST-0036,Roger Bennett,Web,Online,Browse,,,,True,True,116,2024-10-03,Europe
INT-001631,CUST-0386,Keith Ross,Store,Offline,Browse,PROD-FUR-000,Standing Desk Mat,Furniture,True,False,117,2024-04-04,North America
INT-001632,CUST-0247,Pamela Campbell,Web,Online,Recommendation Click,PROD-FUR-003,Bookshelf,Furniture,False,False,129,2024-01-10,North America
INT-001633,CUST-0143,Kathleen Garcia,Web,Online,Wishlist Add,,,,False,False,117,2024-03-10,North America
INT-001634,CUST-0119,Joseph Fox,Email,Online,Browse,PROD-ELE-001,Mechanical Keyboard,Electronics,True,False,110,2024-07-10,Asia Pacific
INT-001635,CUST-0151,Amy Valdez,Email,Online,Wishlist Add,PROD-FUR-003,Bookshelf,Furniture,True,False,131,2024-03-07,North America
INT-001636,CUST-0455,Samuel Holmes,Store,Offline,Search,,,,True,True,114,2024-09-03,North America
INT-001637,CUST-0170,Francisco Crawford,Web,Online,Browse,,,,False,False,128,2024-02-24,North America
INT-001638,CUST-0211,Mary Day,Call Center,Offline,Store Visit,,,,True,False,102,2024-11-13,Europe
INT-001639,CUST-0217,Crystal Hawkins,Mobile App,Online,Support Chat,PROD-STA-002,Highlighter Set,Stationery,False,False,125,2024-09-21,Europe
INT-001640,CUST-0532,Erika Bernard,Email,Online,Support Chat,,,,False,False,107,2024-06-22,North America
INT-001641,CUST-0092,Mr. John Jones,Web,Online,Recommendation Click,PROD-STA-005,Whiteboard Marker,Stationery,True,False,115,2024-02-09,Asia Pacific
INT-001642,CUST-0181,Jacqueline Brooks,Email,Online,Search,PROD-ELE-006,Laptop Stand,Electronics,True,False,107,2024-12-15,North America
INT-001643,CUST-0576,Joanne Lane,Email,Online,Recommendation Click,PROD-FUR-005,Desk Lamp,Furniture,False,False,129,2024-11-13,North America
INT-001644,CUST-0489,Allison Lopez,Store,Offline,Browse,PROD-ELE-007,HDMI Cable,Electronics,False,False,119,2024-08-03,North America
INT-001645,CUST-0442,Molly Hurley,Web,Online,Recommendation Click,PROD-FUR-004,Filing Cabinet,Furniture,True,False,117,2024-02-12,North America
INT-001646,CUST-0060,Mark Black,Mobile App,Online,Add To Cart,PROD-FUR-000,Standing Desk Mat,Furniture,False,False,133,2024-05-03,Asia Pacific
INT-001647,CUST-0069,Amy Lewis,Mobile App,Online,Support Chat,,,,False,False,104,2024-10-20,Asia Pacific
INT-001648,CUST-0396,Kayla Coleman,Social Media,Online,Add To Cart,PROD-STA-004,Document Folder,Stationery,False,False,131,2024-12-19,North America
INT-001649,CUST-0272,Amanda Foster,Web,Online,Support Chat,PROD-ELE-003,Bluetooth Headphones,Electronics,False,False,122,2024-07-27,North America
INT-001650,CUST-0328,Gregory Williams,Store,Offline,Browse,PROD-STA-005,Whiteboard Marker,Stationery,False,False,114,2024-11-01,North America
INT-001651,CUST-0088,Alex Coleman,Call Center,Offline,Browse,PROD-ELE-003,Bluetooth Headphones,Electronics,True,False,122,2024-08-21,Europe
INT-001652,CUST-0022,Stephanie Wu,Store,Offline,Add To Cart,PROD-ELE-005,Portable SSD,Electronics,True,False,125,2024-12-20,Asia Pacific
INT-001653,CUST-0142,John Morris,Mobile App,Online,Recommendation Click,PROD-FUR-005,Desk Lamp,Furniture,False,False,118,2024-12-28,North America
INT-001654,CUST-0165,Kristopher Silva,Web,Online,Add To Cart,PROD-FUR-003,Bookshelf,Furniture,False,False,132,2024-10-26,North America
INT-001655,CUST-0105,Amanda Bryan,Mobile App,Online,Recommendation Click,,,,False,False,122,2024-09-04,North America
INT-001656,CUST-0033,Vicki Howard,Web,Online,Recommendation Click,PROD-STA-006,Stapler,Stationery,True,False,115,2024-12-11,North America
INT-001657,CUST-0293,Joseph Jones,Social Media,Online,Store Visit,PROD-FUR-006,Office Desk,Furniture,False,False,132,2024-07-23,North America
INT-001658,CUST-0359,Tracy Wells,Call Center,Offline,Search,PROD-ELE-004,Webcam 1080p,Electronics,True,True,128,2024-02-23,North America
INT-001659,CUST-0033,Vicki Howard,Mobile App,Online,Browse,PROD-STA-007,Paper Clips Box,Stationery,False,False,117,2024-09-13,North America
INT-001660,CUST-0229,Jill Camacho,Email,Online,Browse,PROD-STA-004,Document Folder,Stationery,False,False,110,2024-01-16,Asia Pacific
INT-001661,CUST-0217,Crystal Hawkins,Email,Online,Recommendation Click,PROD-FUR-007,Side Table,Furniture,True,False,110,2024-03-29,Europe
INT-001662,CUST-0042,Tyler Oneill,Web,Online,Search,PROD-FUR-003,Bookshelf,Furniture,False,False,103,2024-10-02,North America
INT-001663,CUST-0503,Veronica Ortiz,Mobile App,Online,Browse,,,,True,False,125,2024-08-16,North America
INT-001664,CUST-0140,Micheal King,Web,Online,Recommendation Click,PROD-ELE-005,Portable SSD,Electronics,False,False,112,2024-11-22,Europe
INT-001665,CUST-0261,Christine Mcmillan,Call Center,Offline,Browse,PROD-STA-003,Sticky Notes,Stationery,False,False,120,2024-08-24,Europe
INT-001666,CUST-0572,Christopher Marquez,Web,Online,Search,,,,False,False,135,2024-02-18,Europe
INT-001667,CUST-0368,Zachary Fisher,Mobile App,Online,Browse,PROD-FUR-000,Standing Desk Mat,Furniture,False,False,113,2024-11-03,Asia Pacific
INT-001668,CUST-0480,Michelle Robinson,Web,Online,Store Visit,,,,False,False,113,2024-09-21,Asia Pacific
INT-001669,CUST-0072,Sarah Hughes,Call Center,Offline,Browse,PROD-FUR-000,Standing Desk Mat,Furniture,True,False,109,2024-02-28,Asia Pacific
INT-001670,CUST-0125,Dawn Rowland,Web,Online,Search,PROD-STA-003,Sticky Notes,Stationery,True,True,116,2024-12-31,Asia Pacific
INT-001671,CUST-0016,Susan Dawson,Web,Online,Search,PROD-ELE-004,Webcam 1080p,Electronics,False,False,135,2024-09-05,Europe
INT-001672,CUST-0536,Kara Lyons,Call Center,Offline,Support Chat,PROD-FUR-003,Bookshelf,Furniture,False,False,131,2024-09-24,Asia Pacific
INT-001673,CUST-0099,Jill Richardson,Social Media,Online,Browse,PROD-FUR-007,Side Table,Furniture,True,False,120,2024-09-21,Europe
INT-001674,CUST-0364,Matthew Taylor,Web,Online,Browse,,,,True,True,131,2024-01-29,North America
INT-001675,CUST-0037,Andrew Adams,Web,Online,Wishlist Add,PROD-FUR-004,Filing Cabinet,Furniture,True,False,134,2024-05-29,North America
INT-001676,CUST-0441,Desiree Phillips,Mobile App,Online,Add To Cart,PROD-FUR-002,Ergonomic Chair,Furniture,True,False,123,2024-06-15,Europe
INT-001677,CUST-0598,Jennifer Garcia,Web,Online,Support Chat,PROD-ELE-006,Laptop Stand,Electronics,False,False,112,2024-06-21,North America
INT-001678,CUST-0409,Joan Meyer,Web,Online,Add To Cart,PROD-ELE-005,Portable SSD,Electronics,True,False,122,2024-08-14,North America
INT-001679,CUST-0592,Joy Kelly,Social Media,Online,Add To Cart,,,,True,False,119,2024-07-08,North America
INT-001680,CUST-0096,Sherry Torres,Web,Online,Add To Cart,PROD-FUR-001,Monitor Arm,Furniture,True,True,114,2024-10-09,Asia Pacific
INT-001681,CUST-0174,Mckenzie Miller,Email,Online,Search,,,,False,False,136,2024-09-13,Europe
INT-001682,CUST-0340,Tara Harris,Web,Online,Browse,PROD-FUR-003,Bookshelf,Furniture,True,False,134,2024-12-10,Asia Pacific
INT-001683,CUST-0394,Megan Hood,Web,Online,Support Chat,PROD-ELE-002,USB-C Hub,Electronics,True,True,124,2024-08-27,Asia Pacific
INT-001684,CUST-0281,Lisa Barry,Web,Online,Support Chat,PROD-ELE-007,HDMI Cable,Electronics,False,False,112,2024-12-05,Europe
INT-001685,CUST-0162,Dylan Cobb,Mobile App,Online,Browse,,,,True,True,115,2024-07-22,Europe
INT-001686,CUST-0218,Denise Woods,Social Media,Online,Recommendation Click,PROD-FUR-001,Monitor Arm,Furniture,True,False,132,2024-02-15,Europe
INT-001687,CUST-0005,Matthew Rodriguez,Store,Offline,Browse,PROD-STA-003,Sticky Notes,Stationery,True,False,127,2024-07-05,Europe
INT-001688,CUST-0591,Sarah Greene,Call Center,Offline,Recommendation Click,,,,True,False,115,2024-12-06,Europe
INT-001689,CUST-0581,Michael Reeves,Social Media,Online,Add To Cart,,,,True,False,115,2024-12-10,North America
INT-001690,CUST-0196,Andre Reynolds,Mobile App,Online,Support Chat,PROD-ELE-007,HDMI Cable,Electronics,False,False,105,2024-10-01,North America
INT-001691,CUST-0568,Emily Gibson,Call Center,Offline,Search,PROD-STA-003,Sticky Notes,Stationery,False,False,129,2024-09-03,North America
INT-001692,CUST-0134,Gail Horton,Email,Online,Browse,PROD-ELE-001,Mechanical Keyboard,Electronics,True,True,117,2024-08-05,Asia Pacific
INT-001693,CUST-0535,Leslie Shepard,Mobile App,Online,Add To Cart,,,,True,False,103,2024-01-13,North America
INT-001694,CUST-0351,Stacey Newman,Web,Online,Browse,PROD-ELE-002,USB-C Hub,Electronics,True,False,127,2024-08-10,Asia Pacific
INT-001695,CUST-0569,Katherine Nelson,Email,Online,Search,,,,True,False,107,2024-09-03,North America
INT-001696,CUST-0507,Angela Harris,Social Media,Online,Search,,,,False,False,126,2024-03-05,Asia Pacific
INT-001697,CUST-0527,Sarah Brown,Web,Online,Browse,PROD-FUR-007,Side Table,Furniture,True,True,122,2024-05-26,Europe
INT-001698,CUST-0137,Rebecca Elliott,Call Center,Offline,Browse,PROD-ELE-002,USB-C Hub,Electronics,False,False,126,2024-02-16,Europe
INT-001699,CUST-0100,Jesus Nguyen,Call Center,Offline,Add To Cart,,,,True,False,129,2024-12-15,North America
INT-001700,CUST-0513,Christine Watkins,Mobile App,Online,Browse,PROD-FUR-006,Office Desk,Furniture,False,False,111,2024-11-07,Europe
INT-001701,CUST-0481,Benjamin Jenkins,Web,Online,Add To Cart,,,,False,False,126,2024-06-05,North America
INT-001702,CUST-0359,Tracy Wells,Store,Offline,Wishlist Add,,,,True,True,149,2024-05-13,Europe
INT-001703,CUST-0541,Robert Moore,Store,Offline,Support Chat,,,,False,False,121,2024-05-09,Europe
INT-001704,CUST-0001,Marie Ramos,Web,Online,Store Visit,,,,False,False,119,2024-03-04,North America
INT-001705,CUST-0128,Seth Perez,Store,Offline,Browse,PROD-STA-005,Whiteboard Marker,Stationery,True,True,130,2024-02-06,Asia Pacific
INT-001706,CUST-0409,Joan Meyer,Web,Online,Add To Cart,PROD-STA-007,Paper Clips Box,Stationery,True,False,126,2024-05-17,North America
INT-001707,CUST-0166,Tammy Anderson,Web,Online,Wishlist Add,PROD-FUR-004,Filing Cabinet,Furniture,True,False,110,2024-06-04,North America
INT-001708,CUST-0418,Steven Washington,Web,Online,Search,PROD-ELE-000,Wireless Mouse,Electronics,False,False,147,2024-02-29,Europe
INT-001709,CUST-0125,Dawn Rowland,Web,Online,Support Chat,PROD-STA-006,Stapler,Stationery,True,False,118,2024-09-28,North America
INT-001710,CUST-0342,Jacqueline Church,Store,Offline,Search,PROD-STA-004,Document Folder,Stationery,False,False,127,2024-01-11,Europe
INT-001711,CUST-0258,Christopher Torres,Mobile App,Online,Browse,PROD-STA-001,Ballpoint Pen Pack,Stationery,False,False,106,2024-01-02,North America
INT-001712,CUST-0453,Kristi Anderson,Call Center,Offline,Add To Cart,,,,False,False,114,2024-08-14,North America
INT-001713,CUST-0525,John Johnson,Store,Offline,Browse,,,,False,False,123,2024-09-05,Europe
INT-001714,CUST-0166,Tammy Anderson,Store,Offline,Browse,,,,True,False,131,2024-09-10,Europe
INT-001715,CUST-0079,Kevin Barnes,Store,Offline,Add To Cart,,,,True,False,128,2024-03-01,North America
INT-001716,CUST-0132,Mary Weeks,Mobile App,Online,Browse,PROD-ELE-003,Bluetooth Headphones,Electronics,False,False,113,2024-03-28,Asia Pacific
INT-001717,CUST-0584,Stacy Gardner,Web,Online,Browse,,,,False,False,105,2024-04-27,North America
INT-001718,CUST-0561,Stephen Walker,Web,Online,Recommendation Click,PROD-STA-001,Ballpoint Pen Pack,Stationery,False,False,114,2024-08-08,Europe
INT-001719,CUST-0390,Matthew Fitzgerald,Social Media,Online,Search,PROD-FUR-001,Monitor Arm,Furniture,True,True,132,2024-08-12,North America
INT-001720,CUST-0403,Joy Carter,Email,Online,Browse,,,,False,False,111,2024-07-09,Asia Pacific
INT-001721,CUST-0396,Kayla Coleman,Social Media,Online,Store Visit,PROD-ELE-000,Wireless Mouse,Electronics,False,False,132,2024-03-03,North America
INT-001722,CUST-0025,Tara Kidd,Web,Online,Store Visit,PROD-STA-003,Sticky Notes,Stationery,False,False,129,2024-07-23,North America
INT-001723,CUST-0046,Glenn Adkins,Web,Online,Add To Cart,PROD-STA-000,Notebook A5,Stationery,True,False,120,2024-05-10,Europe
INT-001724,CUST-0305,Erika Patterson,Mobile App,Online,Browse,,,,True,True,120,2024-01-24,North America
INT-001725,CUST-0598,Jennifer Garcia,Web,Online,Browse,,,,False,False,105,2024-06-22,Asia Pacific
INT-001726,CUST-0068,Michael Medina,Email,Online,Browse,PROD-STA-005,Whiteboard Marker,Stationery,True,False,120,2024-02-29,Asia Pacific
INT-001727,CUST-0294,Isaac Martinez,Web,Online,Store Visit,PROD-STA-001,Ballpoint Pen Pack,Stationery,False,False,109,2024-10-14,North America
INT-001728,CUST-0058,Patricia Francis,Store,Offline,Browse,,,,False,False,122,2024-01-02,Europe
INT-001729,CUST-0400,Darrell Johnson,Social Media,Online,Recommendation Click,PROD-FUR-003,Bookshelf,Furniture,True,True,125,2024-09-25,Asia Pacific
INT-001730,CUST-0195,Joy Williams,Social Media,Online,Browse,PROD-ELE-007,HDMI Cable,Electronics,True,False,129,2024-06-02,Europe
INT-001731,CUST-0276,Hailey Hodges,Mobile App,Online,Add To Cart,PROD-STA-006,Stapler,Stationery,False,False,127,2024-08-04,North America
INT-001732,CUST-0479,Jacob Gardner,Web,Online,Store Visit,PROD-FUR-003,Bookshelf,Furniture,True,False,144,2024-09-25,Europe
INT-001733,CUST-0156,Laura Smith,Mobile App,Online,Add To Cart,,,,True,False,143,2024-01-31,North America
INT-001734,CUST-0352,Gina Griffin,Web,Online,Recommendation Click,,,,False,False,102,2024-12-20,North America
INT-001735,CUST-0072,Sarah Hughes,Social Media,Online,Search,,,,False,False,103,2024-05-29,Asia Pacific
INT-001736,CUST-0214,Brenda Cook,Web,Online,Search,,,,True,False,125,2024-03-25,Asia Pacific
INT-001737,CUST-0216,Brent Stokes,Web,Online,Search,PROD-FUR-003,Bookshelf,Furniture,False,False,141,2024-09-26,North America
INT-001738,CUST-0572,Christopher Marquez,Web,Online,Search,PROD-STA-006,Stapler,Stationery,False,False,132,2024-09-06,Europe
INT-001739,CUST-0026,Debra Jones,Web,Online,Browse,PROD-ELE-003,Bluetooth Headphones,Electronics,False,False,144,2024-06-23,North America
INT-001740,CUST-0000,Jordan Martin,Mobile App,Online,Browse,PROD-FUR-004,Filing Cabinet,Furniture,False,False,112,2024-12-11,North America
INT-001741,CUST-0224,Anthony Johnson,Social Media,Online,Browse,PROD-ELE-005,Portable SSD,Electronics,False,False,102,2024-08-29,Asia Pacific
INT-001742,CUST-0372,John Pruitt,Email,Online,Recommendation Click,PROD-STA-002,Highlighter Set,Stationery,False,False,120,2024-03-01,Europe
INT-001743,CUST-0061,Tammy Evans,Social Media,Online,Search,PROD-FUR-005,Desk Lamp,Furniture,False,False,107,2024-12-20,North America
INT-001744,CUST-0387,Virginia Johnson,Web,Online,Recommendation Click,PROD-FUR-000,Standing Desk Mat,Furniture,True,True,129,2024-01-05,North America
INT-001745,CUST-0123,Eugene Jones,Web,Online,Add To Cart,,,,False,False,125,2024-06-04,North America
INT-001746,CUST-0387,Virginia Johnson,Web,Online,Recommendation Click,,,,True,False,122,2024-08-15,Europe
INT-001747,CUST-0126,Meredith Werner,Web,Online,Add To Cart,,,,False,False,121,2024-09-11,North America
INT-001748,CUST-0469,Mark Smith,Mobile App,Online,Support Chat,PROD-FUR-007,Side Table,Furniture,True,False,102,2024-11-11,North America
INT-001749,CUST-0092,Mr. John Jones,Store,Offline,Add To Cart,PROD-FUR-006,Office Desk,Furniture,False,False,104,2024-03-17,North America
INT-001750,CUST-0563,Jonathan Mata,Mobile App,Online,Add To Cart,,,,True,False,116,2024-05-04,Asia Pacific
INT-001751,CUST-0490,Rebecca Flores,Web,Online,Browse,PROD-FUR-002,Ergonomic Chair,Furniture,False,False,127,2024-06-05,Asia Pacific
INT-001752,CUST-0263,Timothy Deleon,Store,Offline,Browse,PROD-FUR-001,Monitor Arm,Furniture,False,False,108,2024-01-02,Europe
INT-001753,CUST-0342,Jacqueline Church,Social Media,Online,Wishlist Add,,,,False,False,124,2024-12-29,Asia Pacific
INT-001754,CUST-0455,Samuel Holmes,Email,Online,Recommendation Click,PROD-ELE-007,HDMI Cable,Electronics,False,False,111,2024-09-26,North America
INT-001755,CUST-0311,Victoria Marshall DVM,Web,Online,Store Visit,PROD-ELE-000,Wireless Mouse,Electronics,False,False,124,2024-04-09,North America
INT-001756,CUST-0168,Anna Key,Web,Online,Support Chat,PROD-FUR-001,Monitor Arm,Furniture,False,False,127,2024-12-07,Europe
INT-001757,CUST-0576,Joanne Lane,Email,Online,Recommendation Click,PROD-FUR-000,Standing Desk Mat,Furniture,True,False,116,2024-07-04,Europe
INT-001758,CUST-0198,Stephanie Smith,Social Media,Online,Browse,PROD-ELE-006,Laptop Stand,Electronics,True,False,118,2024-02-17,Asia Pacific
INT-001759,CUST-0401,Roger Shaw,Mobile App,Online,Browse,PROD-STA-007,Paper Clips Box,Stationery,True,False,126,2024-01-24,North America
INT-001760,CUST-0411,Adam Jones,Call Center,Offline,Add To Cart,PROD-ELE-000,Wireless Mouse,Electronics,True,True,114,2024-07-17,North America
INT-001761,CUST-0048,Russell Williams,Mobile App,Online,Store Visit,PROD-ELE-001,Mechanical Keyboard,Electronics,True,False,112,2024-04-22,Europe
INT-001762,CUST-0398,David Galloway,Store,Offline,Support Chat,PROD-FUR-004,Filing Cabinet,Furniture,False,False,140,2024-10-18,Asia Pacific
INT-001763,CUST-0247,Pamela Campbell,Web,Online,Store Visit,,,,True,False,124,2024-11-13,Asia Pacific
INT-001764,CUST-0530,Christopher Morris,Web,Online,Search,PROD-STA-006,Stapler,Stationery,True,True,117,2024-11-12,North America
INT-001765,CUST-0186,Richard Chavez,Email,Online,Browse,PROD-FUR-006,Office Desk,Furniture,True,True,110,2024-01-06,North America
INT-001766,CUST-0119,Joseph Fox,Web,Online,Browse,PROD-FUR-007,Side Table,Furniture,False,False,119,2024-05-18,North America
INT-001767,CUST-0459,Claudia Doyle,Web,Online,Support Chat,PROD-FUR-007,Side Table,Furniture,True,False,106,2024-06-25,Asia Pacific
INT-001768,CUST-0044,Susan Bates,Store,Offline,Recommendation Click,,,,False,False,101,2024-04-04,North America
INT-001769,CUST-0040,Kenneth Mcclain,Email,Online,Recommendation Click,PROD-ELE-000,Wireless Mouse,Electronics,False,False,139,2024-04-14,Europe
INT-001770,CUST-0217,Crystal Hawkins,Mobile App,Online,Browse,PROD-ELE-003,Bluetooth Headphones,Electronics,False,False,144,2024-02-26,North America
INT-001771,CUST-0165,Kristopher Silva,Web,Online,Store Visit,PROD-FUR-001,Monitor Arm,Furniture,False,False,112,2024-07-29,Europe
INT-001772,CUST-0370,Frank Young,Web,Online,Browse,,,,False,False,121,2024-04-22,Europe
INT-001773,CUST-0422,Crystal Johnson,Web,Online,Wishlist Add,PROD-FUR-001,Monitor Arm,Furniture,True,True,127,2024-10-21,North America
INT-001774,CUST-0399,Noah Martin,Mobile App,Online,Wishlist Add,PROD-ELE-007,HDMI Cable,Electronics,False,False,132,2024-07-08,Europe
INT-001775,CUST-0310,Katie Guzman,Mobile App,Online,Store Visit,,,,True,False,109,2024-03-29,Asia Pacific
INT-001776,CUST-0265,Nancy Osborn,Social Media,Online,Browse,PROD-STA-003,Sticky Notes,Stationery,False,False,121,2024-07-23,Asia Pacific
INT-001777,CUST-0521,Shelley Schneider,Web,Online,Browse,PROD-FUR-007,Side Table,Furniture,True,False,108,2024-01-27,North America
INT-001778,CUST-0316,Jessica Wilson,Mobile App,Online,Browse,PROD-ELE-003,Bluetooth Headphones,Electronics,True,False,131,2024-08-25,North America
INT-001779,CUST-0532,Erika Bernard,Social Media,Online,Browse,PROD-STA-001,Ballpoint Pen Pack,Stationery,True,False,125,2024-08-31,Asia Pacific
INT-001780,CUST-0377,Linda Grant,Web,Online,Browse,PROD-FUR-000,Standing Desk Mat,Furniture,False,False,131,2024-10-24,Asia Pacific
INT-001781,CUST-0282,Nicole Douglas,Store,Offline,Wishlist Add,PROD-ELE-007,HDMI Cable,Electronics,False,False,115,2024-01-16,North America
INT-001782,CUST-0453,Kristi Anderson,Web,Online,Wishlist Add,PROD-STA-002,Highlighter Set,Stationery,False,False,110,2024-09-11,North America
INT-001783,CUST-0114,Cynthia White,Store,Offline,Search,,,,False,False,121,2024-12-03,North America
INT-001784,CUST-0575,William Campbell,Social Media,Online,Recommendation Click,,,,False,False,127,2024-01-23,Europe
INT-001785,CUST-0247,Pamela Campbell,Web,Online,Recommendation Click,PROD-FUR-007,Side Table,Furniture,True,False,123,2024-08-11,Europe
INT-001786,CUST-0480,Michelle Robinson,Web,Online,Browse,,,,False,False,128,2024-08-10,North America
INT-001787,CUST-0204,Audrey Wallace,Web,Online,Support Chat,PROD-ELE-002,USB-C Hub,Electronics,False,False,114,2024-05-22,Europe
INT-001788,CUST-0372,John Pruitt,Web,Online,Search,,,,True,True,120,2024-01-19,Asia Pacific
INT-001789,CUST-0535,Leslie Shepard,Store,Offline,Search,PROD-ELE-007,HDMI Cable,Electronics,False,False,109,2024-07-09,Europe
INT-001790,CUST-0374,Mr. Corey Miller,Email,Online,Search,PROD-ELE-000,Wireless Mouse,Electronics,False,False,117,2024-05-19,North America
INT-001791,CUST-0221,Diane Perez,Store,Offline,Support Chat,PROD-ELE-003,Bluetooth Headphones,Electronics,True,False,95,2024-10-25,Europe
INT-001792,CUST-0034,Julia Olson,Social Media,Online,Search,PROD-ELE-002,USB-C Hub,Electronics,True,True,116,2024-08-12,Asia Pacific
INT-001793,CUST-0294,Isaac Martinez,Email,Online,Support Chat,,,,True,True,117,2024-11-08,North America
INT-001794,CUST-0327,Jenny Juarez,Mobile App,Online,Support Chat,,,,False,False,120,2024-08-03,North America
INT-001795,CUST-0182,Zachary Garcia,Mobile App,Online,Recommendation Click,PROD-ELE-002,USB-C Hub,Electronics,False,False,144,2024-10-05,North America
INT-001796,CUST-0403,Joy Carter,Store,Offline,Search,PROD-STA-002,Highlighter Set,Stationery,False,False,127,2024-08-30,Europe
INT-001797,CUST-0288,Chelsea Jenkins,Store,Offline,Browse,PROD-ELE-005,Portable SSD,Electronics,True,False,111,2024-02-16,North America
INT-001798,CUST-0015,Shawn Knight,Email,Online,Browse,,,,False,False,116,2024-06-17,Europe
INT-001799,CUST-0384,Dana Knight,Email,Online,Browse,PROD-ELE-004,Webcam 1080p,Electronics,False,False,104,2024-05-30,Asia Pacific
INT-001800,CUST-0168,Anna Key,Call Center,Offline,Recommendation Click,PROD-FUR-004,Filing Cabinet,Furniture,False,False,135,2024-02-05,North America
INT-001801,CUST-0078,Michelle Roman,Web,Online,Support Chat,PROD-ELE-001,Mechanical Keyboard,Electronics,False,False,115,2024-10-21,North America
INT-001802,CUST-0226,Margaret Robinson,Call Center,Offline,Browse,PROD-FUR-005,Desk Lamp,Furniture,False,False,119,2024-10-13,Asia Pacific
INT-001803,CUST-0175,Jeremiah Callahan,Mobile App,Online,Recommendation Click,PROD-STA-005,Whiteboard Marker,Stationery,False,False,144,2024-07-05,Asia Pacific
INT-001804,CUST-0590,Matthew Johnson,Mobile App,Online,Search,PROD-STA-004,Document Folder,Stationery,False,False,104,2024-07-19,North America
INT-001805,CUST-0284,Amanda Watts,Store,Offline,Recommendation Click,,,,True,True,128,2024-04-02,Asia Pacific
INT-001806,CUST-0483,Caitlin Gonzalez,Call Center,Offline,Browse,PROD-STA-005,Whiteboard Marker,Stationery,True,True,114,2024-07-20,North America
INT-001807,CUST-0072,Sarah Hughes,Store,Offline,Add To Cart,PROD-ELE-002,USB-C Hub,Electronics,False,False,108,2024-08-30,Europe
INT-001808,CUST-0561,Stephen Walker,Web,Online,Search,PROD-ELE-004,Webcam 1080p,Electronics,True,True,122,2024-12-03,Europe
INT-001809,CUST-0485,Brian Rogers,Email,Online,Browse,PROD-STA-007,Paper Clips Box,Stationery,True,True,115,2024-11-18,North America
INT-001810,CUST-0577,Vanessa Gonzalez,Social Media,Online,Search,PROD-STA-003,Sticky Notes,Stationery,False,False,111,2024-04-11,North America
INT-001811,CUST-0455,Samuel Holmes,Social Media,Online,Recommendation Click,PROD-ELE-003,Bluetooth Headphones,Electronics,True,True,129,2024-07-13,North America
INT-001812,CUST-0335,Rachel Patrick,Web,Online,Add To Cart,PROD-FUR-000,Standing Desk Mat,Furniture,False,False,137,2024-08-17,Asia Pacific
INT-001813,CUST-0382,Ronald Berry,Store,Offline,Recommendation Click,,,,True,True,101,2024-05-11,North America
INT-001814,CUST-0023,Jennifer Brock,Call Center,Offline,Support Chat,,,,False,False,120,2024-09-25,North America
INT-001815,CUST-0424,Cindy Miller,Web,Online,Browse,PROD-STA-006,Stapler,Stationery,True,False,127,2024-04-30,Europe
INT-001816,CUST-0521,Shelley Schneider,Web,Online,Browse,PROD-STA-007,Paper Clips Box,Stationery,False,False,113,2024-03-15,North America
INT-001817,CUST-0513,Christine Watkins,Mobile App,Online,Search,PROD-FUR-007,Side Table,Furniture,False,False,124,2024-05-11,North America
INT-001818,CUST-0125,Dawn Rowland,Store,Offline,Recommendation Click,PROD-STA-003,Sticky Notes,Stationery,False,False,112,2024-03-17,Europe
INT-001819,CUST-0066,Elizabeth White,Web,Online,Browse,PROD-STA-007,Paper Clips Box,Stationery,False,False,117,2024-02-18,North America
INT-001820,CUST-0462,Amanda Williams,Email,Online,Browse,PROD-STA-002,Highlighter Set,Stationery,False,False,125,2024-05-20,North America
INT-001821,CUST-0214,Brenda Cook,Store,Offline,Browse,,,,True,False,131,2024-11-11,Asia Pacific
INT-001822,CUST-0052,Brian Fuentes,Call Center,Offline,Search,PROD-ELE-006,Laptop Stand,Electronics,True,False,111,2024-06-08,North America
INT-001823,CUST-0312,Traci Flores,Store,Offline,Browse,PROD-STA-007,Paper Clips Box,Stationery,False,False,104,2024-12-16,Europe
INT-001824,CUST-0310,Katie Guzman,Email,Online,Recommendation Click,,,,True,True,123,2024-08-26,North America
INT-001825,CUST-0373,Jeffrey Smith,Mobile App,Online,Recommendation Click,PROD-STA-003,Sticky Notes,Stationery,False,False,107,2024-07-05,Asia Pacific
INT-001826,CUST-0495,Amanda Gomez,Mobile App,Online,Browse,PROD-STA-002,Highlighter Set,Stationery,True,False,141,2024-06-14,Asia Pacific
INT-001827,CUST-0047,Brianna Hoffman,Web,Online,Wishlist Add,PROD-STA-000,Notebook A5,Stationery,False,False,125,2024-05-03,North America
INT-001828,CUST-0359,Tracy Wells,Web,Online,Search,PROD-STA-005,Whiteboard Marker,Stationery,True,False,112,2024-02-23,North America
INT-001829,CUST-0223,Lisa Bowen,Web,Online,Wishlist Add,PROD-FUR-000,Standing Desk Mat,Furniture,True,False,109,2024-10-23,North America
INT-001830,CUST-0170,Francisco Crawford,Email,Online,Browse,PROD-STA-007,Paper Clips Box,Stationery,True,False,133,2024-10-05,Europe
INT-001831,CUST-0435,Kristie Brown,Store,Offline,Support Chat,PROD-FUR-006,Office Desk,Furniture,True,False,125,2024-08-01,Europe
INT-001832,CUST-0460,Tyrone Navarro,Web,Online,Add To Cart,PROD-FUR-000,Standing Desk Mat,Furniture,False,False,112,2024-12-10,North America
INT-001833,CUST-0277,Melissa Hester,Email,Online,Support Chat,PROD-STA-005,Whiteboard Marker,Stationery,False,False,126,2024-01-14,Europe
INT-001834,CUST-0236,Elizabeth Campbell,Web,Online,Store Visit,PROD-FUR-007,Side Table,Furniture,False,False,136,2024-12-02,Asia Pacific
INT-001835,CUST-0260,Dr. Raven Harvey,Mobile App,Online,Browse,,,,True,True,120,2024-06-30,Europe
INT-001836,CUST-0206,Ashley Duncan,Web,Online,Recommendation Click,PROD-STA-006,Stapler,Stationery,True,False,126,2024-07-23,North America
INT-001837,CUST-0089,James Rhodes,Mobile App,Online,Search,PROD-STA-003,Sticky Notes,Stationery,True,True,127,2024-11-23,North America
INT-001838,CUST-0545,Alison Andrews,Store,Offline,Browse,PROD-STA-006,Stapler,Stationery,False,False,133,2024-12-06,Europe
INT-001839,CUST-0293,Joseph Jones,Email,Online,Wishlist Add,,,,False,False,126,2024-02-28,Asia Pacific
INT-001840,CUST-0308,Greg Ramirez,Web,Online,Add To Cart,,,,False,False,112,2024-01-06,Europe
INT-001841,CUST-0305,Erika Patterson,Web,Online,Recommendation Click,PROD-STA-003,Sticky Notes,Stationery,True,False,134,2024-02-09,Asia Pacific
INT-001842,CUST-0241,Charles Watson,Web,Online,Wishlist Add,PROD-FUR-000,Standing Desk Mat,Furniture,True,True,117,2024-04-03,Asia Pacific
INT-001843,CUST-0448,Bobby Blackwell,Mobile App,Online,Browse,PROD-FUR-003,Bookshelf,Furniture,True,False,102,2024-04-04,Europe
INT-001844,CUST-0523,Megan Joyce,Mobile App,Online,Search,PROD-STA-006,Stapler,Stationery,False,False,126,2024-08-23,Europe
INT-001845,CUST-0561,Stephen Walker,Social Media,Online,Wishlist Add,PROD-FUR-000,Standing Desk Mat,Furniture,True,False,110,2024-10-02,North America
INT-001846,CUST-0370,Frank Young,Web,Online,Add To Cart,PROD-ELE-000,Wireless Mouse,Electronics,True,False,107,2024-11-23,North America
INT-001847,CUST-0088,Alex Coleman,Mobile App,Online,Browse,,,,False,False,141,2024-10-08,North America
INT-001848,CUST-0337,Christine Lowe,Web,Online,Browse,PROD-FUR-004,Filing Cabinet,Furniture,True,False,136,2024-08-28,Europe
INT-001849,CUST-0433,Edward Avery,Mobile App,Online,Search,,,,False,False,118,2024-11-08,North America
INT-001850,CUST-0083,Shaun Roth,Web,Online,Browse,PROD-ELE-006,Laptop Stand,Electronics,False,False,149,2024-10-26,North America
INT-001851,CUST-0491,Mr. Trevor Berry,Web,Online,Browse,PROD-ELE-002,USB-C Hub,Electronics,False,False,124,2024-11-30,Asia Pacific
INT-001852,CUST-0471,Michael Cohen,Mobile App,Online,Support Chat,,,,False,False,142,2024-08-14,North America
INT-001853,CUST-0546,John Ramirez,Mobile App,Online,Browse,,,,False,False,124,2024-01-22,North America
INT-001854,CUST-0098,Michael Alexander,Mobile App,Online,Recommendation Click,,,,False,False,114,2024-09-24,North America
INT-001855,CUST-0359,Tracy Wells,Store,Offline,Search,PROD-ELE-004,Webcam 1080p,Electronics,False,False,107,2024-07-15,North America
INT-001856,CUST-0502,Eric Wood,Store,Offline,Support Chat,PROD-FUR-003,Bookshelf,Furniture,True,True,123,2024-03-22,Asia Pacific
INT-001857,CUST-0065,John Walker,Mobile App,Online,Add To Cart,PROD-FUR-003,Bookshelf,Furniture,False,False,126,2024-04-26,Europe
INT-001858,CUST-0362,Laura Macias,Web,Online,Store Visit,PROD-ELE-004,Webcam 1080p,Electronics,False,False,105,2024-01-31,Europe
INT-001859,CUST-0574,Michael Gonzalez,Mobile App,Online,Browse,PROD-ELE-000,Wireless Mouse,Electronics,True,True,124,2024-08-21,Europe
INT-001860,CUST-0559,Martha Smith,Web,Online,Recommendation Click,PROD-STA-007,Paper Clips Box,Stationery,False,False,90,2024-05-25,North America
INT-001861,CUST-0479,Jacob Gardner,Web,Online,Browse,PROD-ELE-003,Bluetooth Headphones,Electronics,False,False,128,2024-08-01,Asia Pacific
INT-001862,CUST-0271,Mrs. Angela Moore,Mobile App,Online,Add To Cart,,,,True,True,128,2024-10-02,North America
INT-001863,CUST-0151,Amy Valdez,Call Center,Offline,Browse,,,,True,False,116,2024-09-12,North America
INT-001864,CUST-0087,Deanna Sanchez,Mobile App,Online,Browse,PROD-ELE-006,Laptop Stand,Electronics,True,False,140,2024-09-15,Europe
INT-001865,CUST-0269,Rachael Lowe,Social Media,Online,Browse,PROD-ELE-005,Portable SSD,Electronics,True,True,114,2024-11-18,Asia Pacific
INT-001866,CUST-0307,Donna Branch,Web,Online,Store Visit,PROD-ELE-000,Wireless Mouse,Electronics,True,False,99,2024-09-17,North America
INT-001867,CUST-0495,Amanda Gomez,Web,Online,Recommendation Click,PROD-STA-007,Paper Clips Box,Stationery,False,False,116,2024-12-08,North America
INT-001868,CUST-0116,Crystal Shelton,Web,Online,Add To Cart,,,,False,False,103,2024-02-03,Europe
INT-001869,CUST-0303,Veronica Parsons,Store,Offline,Search,,,,True,False,100,2024-11-10,Europe
INT-001870,CUST-0275,Darren Henderson,Email,Online,Browse,PROD-STA-006,Stapler,Stationery,False,False,99,2024-11-19,North America
INT-001871,CUST-0169,Jeremy Harris,Email,Online,Search,,,,False,False,115,2024-03-22,North America
INT-001872,CUST-0353,Jamie Parsons,Social Media,Online,Browse,PROD-FUR-007,Side Table,Furniture,True,True,141,2024-09-14,Asia Pacific
INT-001873,CUST-0006,Robert Schmitt,Social Media,Online,Browse,PROD-FUR-006,Office Desk,Furniture,True,False,95,2024-02-12,North America
INT-001874,CUST-0038,Raymond Johnson,Store,Offline,Store Visit,PROD-ELE-007,HDMI Cable,Electronics,True,False,101,2024-03-27,Asia Pacific
INT-001875,CUST-0190,Walter Chavez,Mobile App,Online,Store Visit,,,,False,False,123,2024-07-19,Europe
INT-001876,CUST-0459,Claudia Doyle,Store,Offline,Search,,,,True,True,128,2024-09-19,North America
INT-001877,CUST-0134,Gail Horton,Store,Offline,Recommendation Click,PROD-ELE-006,Laptop Stand,Electronics,True,False,128,2024-12-03,North America
INT-001878,CUST-0017,Jay Goodman,Store,Offline,Search,PROD-STA-005,Whiteboard Marker,Stationery,False,False,104,2024-07-20,Asia Pacific
INT-001879,CUST-0527,Sarah Brown,Store,Offline,Add To Cart,PROD-ELE-007,HDMI Cable,Electronics,False,False,122,2024-12-06,North America
INT-001880,CUST-0236,Elizabeth Campbell,Email,Online,Support Chat,PROD-STA-005,Whiteboard Marker,Stationery,True,False,136,2024-02-25,North America
INT-001881,CUST-0426,Sheri Paul,Email,Online,Recommendation Click,PROD-FUR-003,Bookshelf,Furniture,False,False,109,2024-09-04,Europe
INT-001882,CUST-0191,Ashley Jackson,Email,Online,Browse,,,,True,True,112,2024-10-15,North America
INT-001883,CUST-0172,Laura Tapia,Mobile App,Online,Add To Cart,,,,True,False,133,2024-10-02,Asia Pacific
INT-001884,CUST-0310,Katie Guzman,Web,Online,Recommendation Click,PROD-ELE-001,Mechanical Keyboard,Electronics,True,False,104,2024-01-04,Europe
INT-001885,CUST-0102,Jason Hart,Email,Online,Search,PROD-ELE-003,Bluetooth Headphones,Electronics,False,False,124,2024-01-03,North America
INT-001886,CUST-0596,Gregg Fitzgerald,Web,Online,Wishlist Add,PROD-STA-003,Sticky Notes,Stationery,True,False,124,2024-04-29,North America
INT-001887,CUST-0482,Kimberly Wilson,Web,Online,Add To Cart,PROD-STA-005,Whiteboard Marker,Stationery,True,False,128,2024-02-20,Europe
INT-001888,CUST-0282,Nicole Douglas,Mobile App,Online,Wishlist Add,PROD-STA-006,Stapler,Stationery,True,False,85,2024-12-12,North America
INT-001889,CUST-0009,Lauren White,Social Media,Online,Store Visit,PROD-FUR-005,Desk Lamp,Furniture,False,False,126,2024-02-17,North America
INT-001890,CUST-0317,Perry Brooks,Store,Offline,Browse,PROD-FUR-001,Monitor Arm,Furniture,False,False,118,2024-01-04,Asia Pacific
INT-001891,CUST-0495,Amanda Gomez,Web,Online,Browse,PROD-STA-001,Ballpoint Pen Pack,Stationery,False,False,114,2024-06-13,North America
INT-001892,CUST-0518,Dale Carlson,Social Media,Online,Recommendation Click,PROD-FUR-005,Desk Lamp,Furniture,False,False,136,2024-11-28,North America
INT-001893,CUST-0579,Lindsay Nixon,Web,Online,Search,,,,False,False,104,2024-01-08,Asia Pacific
INT-001894,CUST-0487,Timothy Osborne,Mobile App,Online,Recommendation Click,PROD-ELE-001,Mechanical Keyboard,Electronics,True,False,110,2024-07-24,Europe
INT-001895,CUST-0016,Susan Dawson,Email,Online,Support Chat,PROD-FUR-003,Bookshelf,Furniture,False,False,116,2024-02-24,Europe
INT-001896,CUST-0072,Sarah Hughes,Mobile App,Online,Browse,PROD-STA-007,Paper Clips Box,Stationery,True,True,112,2024-05-20,North America
INT-001897,CUST-0320,Sharon Hensley,Web,Online,Add To Cart,PROD-FUR-003,Bookshelf,Furniture,False,False,92,2024-07-12,Asia Pacific
INT-001898,CUST-0332,Alejandro Barker,Web,Online,Recommendation Click,PROD-FUR-005,Desk Lamp,Furniture,False,False,112,2024-03-19,North America
INT-001899,CUST-0265,Nancy Osborn,Store,Offline,Search,,,,False,False,130,2024-01-06,North America
INT-001900,CUST-0292,Michael Meyer,Email,Online,Search,,,,True,True,128,2024-02-02,Asia Pacific
INT-001901,CUST-0361,Derek Lewis,Social Media,Online,Add To Cart,PROD-FUR-003,Bookshelf,Furniture,False,False,137,2024-01-11,North America
INT-001902,CUST-0127,Daniel Nunez,Email,Online,Recommendation Click,,,,False,False,111,2024-11-05,North America
INT-001903,CUST-0390,Matthew Fitzgerald,Store,Offline,Browse,,,,False,False,146,2024-12-06,North America
INT-001904,CUST-0033,Vicki Howard,Web,Online,Wishlist Add,,,,True,False,122,2024-02-11,North America
INT-001905,CUST-0044,Susan Bates,Web,Online,Browse,PROD-FUR-006,Office Desk,Furniture,True,False,114,2024-09-24,Asia Pacific
INT-001906,CUST-0101,Walter Stone,Web,Online,Search,,,,False,False,118,2024-04-28,North America
INT-001907,CUST-0525,John Johnson,Web,Online,Browse,,,,False,False,117,2024-05-11,Europe
INT-001908,CUST-0173,Steven Orr,Mobile App,Online,Search,PROD-FUR-002,Ergonomic Chair,Furniture,True,True,139,2024-12-13,North America
INT-001909,CUST-0597,Thomas Sheppard,Mobile App,Online,Wishlist Add,PROD-FUR-003,Bookshelf,Furniture,False,False,111,2024-11-25,North America
INT-001910,CUST-0327,Jenny Juarez,Web,Online,Search,PROD-FUR-007,Side Table,Furniture,True,False,124,2024-12-18,Europe
INT-001911,CUST-0585,Benjamin Fox,Store,Offline,Recommendation Click,PROD-STA-005,Whiteboard Marker,Stationery,True,True,107,2024-08-21,Europe
INT-001912,CUST-0556,Michael Hill,Web,Online,Add To Cart,PROD-FUR-000,Standing Desk Mat,Furniture,False,False,127,2024-10-01,North America
INT-001913,CUST-0163,Robert Martin,Web,Online,Add To Cart,,,,True,True,119,2024-12-03,North America
INT-001914,CUST-0496,Jeremiah Brown,Web,Online,Add To Cart,PROD-STA-007,Paper Clips Box,Stationery,True,False,102,2024-06-08,North America
INT-001915,CUST-0127,Daniel Nunez,Mobile App,Online,Search,PROD-STA-007,Paper Clips Box,Stationery,True,False,132,2024-07-27,Europe
INT-001916,CUST-0417,Jennifer Garner,Mobile App,Online,Wishlist Add,PROD-FUR-004,Filing Cabinet,Furniture,False,False,135,2024-04-01,North America
INT-001917,CUST-0219,Andrew Smith,Store,Offline,Recommendation Click,PROD-FUR-007,Side Table,Furniture,False,False,127,2024-02-23,North America
INT-001918,CUST-0052,Brian Fuentes,Mobile App,Online,Recommendation Click,PROD-ELE-004,Webcam 1080p,Electronics,True,False,106,2024-03-11,Asia Pacific
INT-001919,CUST-0468,Daniel Jones,Mobile App,Online,Browse,PROD-FUR-005,Desk Lamp,Furniture,True,True,136,2024-05-12,North America
INT-001920,CUST-0055,Keith Brown,Store,Offline,Browse,PROD-FUR-005,Desk Lamp,Furniture,False,False,116,2024-01-22,Asia Pacific
INT-001921,CUST-0299,Jeffrey Harrison,Web,Online,Wishlist Add,PROD-STA-004,Document Folder,Stationery,False,False,123,2024-08-03,North America
INT-001922,CUST-0148,Brian Landry,Email,Online,Browse,PROD-STA-001,Ballpoint Pen Pack,Stationery,False,False,117,2024-06-07,Europe
INT-001923,CUST-0101,Walter Stone,Social Media,Online,Support Chat,PROD-ELE-002,USB-C Hub,Electronics,False,False,119,2024-02-23,North America
INT-001924,CUST-0513,Christine Watkins,Mobile App,Online,Support Chat,,,,True,False,121,2024-01-19,North America
INT-001925,CUST-0309,Jennifer Pierce,Web,Online,Browse,,,,True,False,117,2024-07-04,North America
INT-001926,CUST-0175,Jeremiah Callahan,Mobile App,Online,Browse,PROD-STA-000,Notebook A5,Stationery,False,False,110,2024-09-27,Europe
INT-001927,CUST-0115,Angela Hays,Email,Online,Wishlist Add,,,,True,False,122,2024-07-10,Asia Pacific
INT-001928,CUST-0107,James Hill,Email,Online,Store Visit,PROD-STA-003,Sticky Notes,Stationery,False,False,134,2024-02-22,Europe
INT-001929,CUST-0422,Crystal Johnson,Social Media,Online,Add To Cart,PROD-ELE-003,Bluetooth Headphones,Electronics,False,False,114,2024-12-05,Asia Pacific
INT-001930,CUST-0478,Megan Schmidt,Web,Online,Recommendation Click,,,,True,False,123,2024-01-16,North America
INT-001931,CUST-0160,Nathan Walker,Web,Online,Search,PROD-FUR-000,Standing Desk Mat,Furniture,True,True,115,2024-09-27,North America
INT-001932,CUST-0261,Christine Mcmillan,Mobile App,Online,Wishlist Add,PROD-STA-003,Sticky Notes,Stationery,True,False,114,2024-03-07,Europe
INT-001933,CUST-0351,Stacey Newman,Store,Offline,Add To Cart,PROD-FUR-004,Filing Cabinet,Furniture,False,False,123,2024-06-05,Asia Pacific
INT-001934,CUST-0441,Desiree Phillips,Web,Online,Browse,PROD-ELE-006,Laptop Stand,Electronics,True,False,122,2024-08-08,Asia Pacific
INT-001935,CUST-0550,Jacqueline Richardson DDS,Mobile App,Online,Recommendation Click,PROD-ELE-000,Wireless Mouse,Electronics,False,False,109,2024-10-10,Europe
INT-001936,CUST-0083,Shaun Roth,Email,Online,Search,,,,False,False,146,2024-03-22,Europe
INT-001937,CUST-0222,Todd Woods,Social Media,Online,Add To Cart,PROD-FUR-000,Standing Desk Mat,Furniture,False,False,110,2024-09-07,Europe
INT-001938,CUST-0421,Christian Thomas,Web,Online,Recommendation Click,PROD-STA-005,Whiteboard Marker,Stationery,True,False,117,2024-09-10,North America
INT-001939,CUST-0280,Erik Duncan,Call Center,Offline,Browse,PROD-FUR-007,Side Table,Furniture,False,False,119,2024-04-22,Asia Pacific
INT-001940,CUST-0107,James Hill,Store,Offline,Browse,PROD-ELE-001,Mechanical Keyboard,Electronics,False,False,128,2024-08-20,Asia Pacific
INT-001941,CUST-0277,Melissa Hester,Mobile App,Online,Search,PROD-FUR-006,Office Desk,Furniture,True,False,116,2024-12-26,North America
INT-001942,CUST-0145,Jennifer Bailey,Web,Online,Wishlist Add,,,,True,True,114,2024-08-21,Europe
INT-001943,CUST-0349,Lindsay Anderson,Web,Online,Add To Cart,PROD-STA-004,Document Folder,Stationery,True,False,112,2024-08-26,Asia Pacific
INT-001944,CUST-0302,Jennifer Arnold,Web,Online,Browse,,,,True,False,120,2024-03-18,North America
INT-001945,CUST-0117,Kelly Parker,Mobile App,Online,Browse,,,,True,True,106,2024-02-13,Asia Pacific
INT-001946,CUST-0555,Patrick Butler,Mobile App,Online,Store Visit,,,,False,False,132,2024-01-15,North America
INT-001947,CUST-0067,Amber Grant,Store,Offline,Browse,,,,True,False,119,2024-03-04,Asia Pacific
INT-001948,CUST-0151,Amy Valdez,Email,Online,Add To Cart,PROD-ELE-005,Portable SSD,Electronics,True,False,109,2024-06-18,Europe
INT-001949,CUST-0509,Alison Snyder,Mobile App,Online,Support Chat,PROD-ELE-000,Wireless Mouse,Electronics,True,False,107,2024-07-02,North America
INT-001950,CUST-0339,Melinda Smith,Web,Online,Wishlist Add,PROD-ELE-000,Wireless Mouse,Electronics,False,False,127,2024-01-19,Asia Pacific
INT-001951,CUST-0243,Christopher Schmidt,Call Center,Offline,Add To Cart,PROD-ELE-003,Bluetooth Headphones,Electronics,True,True,121,2024-12-02,Europe
INT-001952,CUST-0414,Elizabeth Thompson,Store,Offline,Browse,PROD-FUR-001,Monitor Arm,Furniture,False,False,124,2024-11-19,North America
INT-001953,CUST-0426,Sheri Paul,Email,Online,Recommendation Click,PROD-FUR-002,Ergonomic Chair,Furniture,False,False,113,2024-11-30,North America
INT-001954,CUST-0431,Kelsey Reynolds,Store,Offline,Recommendation Click,PROD-FUR-005,Desk Lamp,Furniture,False,False,103,2024-02-06,Asia Pacific
INT-001955,CUST-0042,Tyler Oneill,Social Media,Online,Browse,PROD-STA-004,Document Folder,Stationery,False,False,119,2024-04-28,North America
INT-001956,CUST-0429,Donna Kelly,Store,Offline,Recommendation Click,PROD-ELE-003,Bluetooth Headphones,Electronics,False,False,110,2024-06-30,North America
INT-001957,CUST-0566,Vanessa Rodgers,Social Media,Online,Browse,PROD-FUR-003,Bookshelf,Furniture,False,False,153,2024-06-29,Europe
INT-001958,CUST-0445,Jacob Williams,Call Center,Offline,Browse,,,,False,False,129,2024-08-26,Europe
INT-001959,CUST-0000,Jordan Martin,Web,Online,Store Visit,PROD-STA-002,Highlighter Set,Stationery,True,False,115,2024-01-25,North America
INT-001960,CUST-0556,Michael Hill,Social Media,Online,Search,PROD-ELE-005,Portable SSD,Electronics,False,False,124,2024-05-21,Asia Pacific
INT-001961,CUST-0014,Michael Klein,Mobile App,Online,Search,PROD-FUR-007,Side Table,Furniture,False,False,105,2024-08-16,North America
INT-001962,CUST-0234,Andrea Sanchez,Call Center,Offline,Add To Cart,PROD-STA-005,Whiteboard Marker,Stationery,False,False,132,2024-03-18,North America
INT-001963,CUST-0327,Jenny Juarez,Mobile App,Online,Browse,,,,True,False,125,2024-12-19,Asia Pacific
INT-001964,CUST-0175,Jeremiah Callahan,Call Center,Offline,Add To Cart,PROD-FUR-006,Office Desk,Furniture,False,False,118,2024-11-05,Europe
INT-001965,CUST-0549,Courtney Randall,Mobile App,Online,Search,,,,False,False,112,2024-11-01,North America
INT-001966,CUST-0552,Christine Clark,Email,Online,Add To Cart,,,,True,False,121,2024-05-26,Asia Pacific
INT-001967,CUST-0456,Donald Ellis,Store,Offline,Search,PROD-FUR-000,Standing Desk Mat,Furniture,False,False,126,2024-09-08,North America
INT-001968,CUST-0504,Casey Turner,Web,Online,Browse,,,,True,True,115,2024-08-05,Europe
INT-001969,CUST-0152,Sylvia Carrillo,Call Center,Offline,Support Chat,PROD-ELE-002,USB-C Hub,Electronics,False,False,134,2024-01-25,North America
INT-001970,CUST-0035,Emily Moody,Web,Online,Add To Cart,PROD-STA-001,Ballpoint Pen Pack,Stationery,False,False,136,2024-08-26,Asia Pacific
INT-001971,CUST-0005,Matthew Rodriguez,Web,Online,Wishlist Add,PROD-FUR-006,Office Desk,Furniture,True,False,125,2024-09-09,Asia Pacific
INT-001972,CUST-0583,Rebecca Mills,Web,Online,Support Chat,PROD-ELE-007,HDMI Cable,Electronics,False,False,134,2024-07-17,North America
INT-001973,CUST-0218,Denise Woods,Web,Online,Support Chat,,,,True,True,121,2024-04-09,Europe
INT-001974,CUST-0143,Kathleen Garcia,Mobile App,Online,Support Chat,PROD-FUR-007,Side Table,Furniture,True,True,101,2024-07-21,North America
INT-001975,CUST-0519,Nancy Davis,Email,Online,Recommendation Click,,,,True,False,128,2024-11-25,North America
INT-001976,CUST-0309,Jennifer Pierce,Social Media,Online,Browse,,,,True,False,118,2024-06-28,Europe
INT-001977,CUST-0263,Timothy Deleon,Mobile App,Online,Browse,,,,False,False,148,2024-04-16,Asia Pacific
INT-001978,CUST-0135,Taylor Santos,Email,Online,Search,,,,False,False,115,2024-02-12,North America
INT-001979,CUST-0245,Jacob Walker,Web,Online,Browse,,,,True,False,125,2024-04-24,Europe
INT-001980,CUST-0228,Gary Carey,Web,Online,Wishlist Add,PROD-FUR-000,Standing Desk Mat,Furniture,False,False,126,2024-08-06,North America
INT-001981,CUST-0058,Patricia Francis,Web,Online,Browse,PROD-ELE-003,Bluetooth Headphones,Electronics,False,False,126,2024-02-06,North America
INT-001982,CUST-0305,Erika Patterson,Web,Online,Add To Cart,PROD-ELE-005,Portable SSD,Electronics,False,False,121,2024-04-04,Europe
INT-001983,CUST-0410,Tyler Spencer,Web,Online,Browse,PROD-FUR-007,Side Table,Furniture,True,False,119,2024-06-01,North America
INT-001984,CUST-0380,Eric Russell,Mobile App,Online,Store Visit,,,,True,False,133,2024-04-23,North America
INT-001985,CUST-0520,Shawn Gardner,Store,Offline,Browse,PROD-FUR-007,Side Table,Furniture,True,False,117,2024-06-30,North America
INT-001986,CUST-0206,Ashley Duncan,Store,Offline,Store Visit,PROD-ELE-006,Laptop Stand,Electronics,False,False,127,2024-01-06,Europe
INT-001987,CUST-0475,Jennifer Gardner DDS,Store,Offline,Recommendation Click,,,,True,True,132,2024-03-23,Asia Pacific
INT-001988,CUST-0242,Mr. Robert Thomas,Web,Online,Add To Cart,PROD-STA-003,Sticky Notes,Stationery,True,False,121,2024-02-21,Asia Pacific
INT-001989,CUST-0058,Patricia Francis,Social Media,Online,Browse,PROD-STA-001,Ballpoint Pen Pack,Stationery,True,True,99,2024-12-04,North America
INT-001990,CUST-0061,Tammy Evans,Email,Online,Search,PROD-FUR-000,Standing Desk Mat,Furniture,True,False,139,2024-01-05,North America
INT-001991,CUST-0350,John Phillips,Web,Online,Browse,PROD-ELE-004,Webcam 1080p,Electronics,False,False,135,2024-04-05,Europe
INT-001992,CUST-0098,Michael Alexander,Mobile App,Online,Browse,,,,True,False,119,2024-12-06,Europe
INT-001993,CUST-0030,Ashley Hernandez PhD,Mobile App,Online,Browse,PROD-ELE-003,Bluetooth Headphones,Electronics,False,False,128,2024-05-03,Europe
INT-001994,CUST-0523,Megan Joyce,Store,Offline,Wishlist Add,PROD-STA-000,Notebook A5,Stationery,True,True,119,2024-08-21,Europe
INT-001995,CUST-0107,James Hill,Call Center,Offline,Recommendation Click,,,,True,True,109,2024-09-09,Europe
INT-001996,CUST-0123,Eugene Jones,Email,Online,Search,PROD-FUR-007,Side Table,Furniture,False,False,126,2024-04-22,North America
INT-001997,CUST-0363,Tammy Jones,Store,Offline,Search,PROD-FUR-001,Monitor Arm,Furniture,True,True,126,2024-04-09,North America
INT-001998,CUST-0594,Brandon Gonzalez,Web,Online,Search,PROD-ELE-005,Portable SSD,Electronics,False,False,108,2024-04-28,North America
INT-001999,CUST-0324,Amy Giles,Web,Online,Search,,,,False,False,118,2024-05-19,Asia Pacific
