order_id,customer_id,customer_name,product_id,product_name,category,quantity,unit_price,order_date,region,channel
ORD-000000,CUST-0024,Craig Lam,PROD-ELE-006,Laptop Stand,Electronics,3,233.44,2024-02-04,Asia Pacific,Retail
ORD-000001,CUST-0098,Michael Alexander,PROD-ELE-003,Bluetooth Headphones,Electronics,1,283.97,2024-11-20,Asia Pacific,Retail
ORD-000002,CUST-0084,Tracy Nelson,PROD-FUR-000,Standing Desk Mat,Furniture,3,389.38,2024-05-09,Europe,Retail
ORD-000003,CUST-0089,James Rhodes,PROD-ELE-007,HDMI Cable,Electronics,2,242.73,2024-10-18,North America,Retail
ORD-000004,CUST-0067,Amber Grant,PROD-ELE-001,Mechanical Keyboard,Electronics,3,418.65,2024-09-02,North America,Online
ORD-000005,CUST-0081,Christopher Nash,PROD-FUR-001,Monitor Arm,Furniture,1,183.93,2024-10-21,North America,Online
ORD-000006,CUST-0033,Vicki Howard,PROD-STA-000,Notebook A5,Stationery,5,14.78,2024-10-12,Europe,Retail
ORD-000007,CUST-0067,Amber Grant,PROD-STA-000,Notebook A5,Stationery,3,11.1,2024-12-29,Europe,Online
ORD-000008,CUST-0110,Kelsey Perez,PROD-ELE-006,Laptop Stand,Electronics,3,212.1,2024-04-17,North America,Online
ORD-000009,CUST-0010,Grant Olson,PROD-FUR-000,Standing Desk Mat,Furniture,2,415.8,2024-12-09,North America,Online
ORD-000010,CUST-0028,Travis Davis,PROD-STA-001,Ballpoint Pen Pack,Stationery,3,24.1,2024-04-20,North America,Online
ORD-000011,CUST-0116,Crystal Shelton,PROD-FUR-006,Office Desk,Furniture,2,239.63,2024-01-30,Europe,Online
ORD-000012,CUST-0086,Monica Allen,PROD-FUR-000,Standing Desk Mat,Furniture,1,689.59,2024-04-21,North America,Online
ORD-000013,CUST-0075,Nathaniel Hall,PROD-STA-002,Highlighter Set,Stationery,4,13.11,2024-03-09,Europe,Online
ORD-000014,CUST-0095,Kelly Beltran,PROD-ELE-002,USB-C Hub,Electronics,2,301.59,2024-03-03,North America,Online
ORD-000015,CUST-0093,Ashley Bradley,PROD-ELE-003,Bluetooth Headphones,Electronics,1,251.03,2024-09-02,Asia Pacific,Online
ORD-000016,CUST-0096,Sherry Torres,PROD-FUR-003,Bookshelf,Furniture,1,367.96,2024-04-07,Europe,Online
ORD-000017,CUST-0016,Susan Dawson,PROD-ELE-004,Webcam 1080p,Electronics,1,341.04,2024-02-13,Asia Pacific,Retail
ORD-000018,CUST-0038,Raymond Johnson,PROD-STA-002,Highlighter Set,Stationery,4,21.0,2024-02-09,Europe,Retail
ORD-000019,CUST-0034,Julia Olson,PROD-FUR-005,Desk Lamp,Furniture,1,750.75,2024-03-07,North America,Distributor
ORD-000020,CUST-0018,Janet Rogers,PROD-ELE-001,Mechanical Keyboard,Electronics,4,389.43,2024-11-22,North America,Distributor
ORD-000021,CUST-0089,James Rhodes,PROD-STA-005,Whiteboard Marker,Stationery,5,5.71,2024-05-14,North America,Online
ORD-000022,CUST-0119,Joseph Fox,PROD-FUR-004,Filing Cabinet,Furniture,2,40.73,2024-10-11,North America,Online
ORD-000023,CUST-0014,Michael Klein,PROD-ELE-007,HDMI Cable,Electronics,3,405.0,2024-01-10,North America,Retail
ORD-000024,CUST-0068,Michael Medina,PROD-STA-005,Whiteboard Marker,Stationery,7,14.55,2024-12-05,North America,Online
ORD-000025,CUST-0050,Paul Wilkerson,PROD-STA-005,Whiteboard Marker,Stationery,7,20.99,2024-04-01,North America,Online
ORD-000026,CUST-0111,Lindsay Garner,PROD-ELE-006,Laptop Stand,Electronics,2,221.55,2024-11-13,Europe,Retail
ORD-000027,CUST-0029,Charles Moran DDS,PROD-STA-004,Document Folder,Stationery,4,15.47,2024-05-10,Asia Pacific,Online
ORD-000028,CUST-0109,Patricia Woods,PROD-FUR-001,Monitor Arm,Furniture,1,249.23,2024-12-03,North America,Online
ORD-000029,CUST-0006,Robert Schmitt,PROD-ELE-005,Portable SSD,Electronics,1,40.89,2024-06-06,North America,Online
ORD-000030,CUST-0118,Jeffrey English,PROD-STA-004,Document Folder,Stationery,4,7.36,2024-07-03,North America,Online
ORD-000031,CUST-0044,Susan Bates,PROD-STA-000,Notebook A5,Stationery,3,23.23,2024-09-09,North America,Online
ORD-000032,CUST-0038,Raymond Johnson,PROD-FUR-000,Standing Desk Mat,Furniture,3,442.77,2024-10-20,Asia Pacific,Distributor
ORD-000033,CUST-0046,Glenn Adkins,PROD-STA-006,Stapler,Stationery,5,10.14,2024-07-03,Asia Pacific,Online
ORD-000034,CUST-0028,Travis Davis,PROD-ELE-002,USB-C Hub,Electronics,3,274.69,2024-04-18,North America,Retail
ORD-000035,CUST-0063,Jeffrey Stephens,PROD-FUR-004,Filing Cabinet,Furniture,1,595.87,2024-01-13,Europe,Retail
ORD-000036,CUST-0114,Cynthia White,PROD-STA-001,Ballpoint Pen Pack,Stationery,4,24.03,2024-08-12,Asia Pacific,Online
ORD-000037,CUST-0095,Kelly Beltran,PROD-FUR-007,Side Table,Furniture,1,484.36,2024-01-19,Europe,Retail
ORD-000038,CUST-0000,Jordan Martin,PROD-STA-000,Notebook A5,Stationery,8,3.56,2024-07-28,North America,Online
ORD-000039,CUST-0080,Monique Harris,PROD-STA-001,Ballpoint Pen Pack,Stationery,6,4.97,2024-02-01,North America,Retail
ORD-000040,CUST-0021,Nathan Tucker,PROD-ELE-007,HDMI Cable,Electronics,3,493.52,2024-07-21,North America,Retail
ORD-000041,CUST-0102,Jason Hart,PROD-STA-002,Highlighter Set,Stationery,4,12.18,2024-09-21,Asia Pacific,Online
ORD-000042,CUST-0001,Marie Ramos,PROD-ELE-006,Laptop Stand,Electronics,2,498.56,2024-04-20,North America,Online
ORD-000043,CUST-0012,David Young,PROD-FUR-000,Standing Desk Mat,Furniture,3,720.72,2024-11-12,North America,Retail
ORD-000044,CUST-0097,Brooke Nolan,PROD-ELE-000,Wireless Mouse,Electronics,2,17.63,2024-03-13,North America,Retail
ORD-000045,CUST-0028,Travis Davis,PROD-ELE-007,HDMI Cable,Electronics,1,403.47,2024-12-20,Europe,Retail
ORD-000046,CUST-0053,Mark Rivera,PROD-STA-007,Paper Clips Box,Stationery,6,18.76,2024-01-15,Europe,Retail
ORD-000047,CUST-0117,Kelly Parker,PROD-ELE-004,Webcam 1080p,Electronics,1,313.91,2024-01-02,North America,Retail
ORD-000048,CUST-0044,Susan Bates,PROD-FUR-000,Standing Desk Mat,Furniture,1,784.62,2024-02-03,Europe,Online
ORD-000049,CUST-0068,Michael Medina,PROD-ELE-006,Laptop Stand,Electronics,1,473.82,2024-07-17,Europe,Retail
ORD-000050,CUST-0053,Mark Rivera,PROD-STA-002,Highlighter Set,Stationery,4,4.65,2024-12-10,Europe,Retail
ORD-000051,CUST-0073,Aaron Garcia,PROD-ELE-006,Laptop Stand,Electronics,2,120.55,2024-12-13,North America,Online
ORD-000052,CUST-0057,Sarah Delgado,PROD-ELE-004,Webcam 1080p,Electronics,1,289.4,2024-06-22,North America,Online
ORD-000053,CUST-0037,Andrew Adams,PROD-STA-004,Document Folder,Stationery,12,21.18,2024-05-20,Europe,Retail
ORD-000054,CUST-0098,Michael Alexander,PROD-ELE-003,Bluetooth Headphones,Electronics,1,98.9,2024-01-21,North America,Retail
ORD-000055,CUST-0099,Jill Richardson,PROD-ELE-003,Bluetooth Headphones,Electronics,2,306.41,2024-09-01,Europe,Online
ORD-000056,CUST-0053,Mark Rivera,PROD-ELE-000,Wireless Mouse,Electronics,2,203.1,2024-10-09,Asia Pacific,Distributor
ORD-000057,CUST-0063,Jeffrey Stephens,PROD-STA-006,Stapler,Stationery,7,12.03,2024-11-04,North America,Online
ORD-000058,CUST-0057,Sarah Delgado,PROD-ELE-003,Bluetooth Headphones,Electronics,1,102.75,2024-06-20,Europe,Online
ORD-000059,CUST-0035,Emily Moody,PROD-FUR-001,Monitor Arm,Furniture,1,409.83,2024-01-06,North America,Online
ORD-000060,CUST-0066,Elizabeth White,PROD-ELE-000,Wireless Mouse,Electronics,2,192.81,2024-08-25,Asia Pacific,Retail
ORD-000061,CUST-0057,Sarah Delgado,PROD-STA-002,Highlighter Set,Stationery,9,10.87,2024-12-31,North America,Retail
ORD-000062,CUST-0037,Andrew Adams,PROD-STA-007,Paper Clips Box,Stationery,4,1.67,2024-03-11,North America,Online
ORD-000063,CUST-0117,Kelly Parker,PROD-ELE-005,Portable SSD,Electronics,4,482.16,2024-08-16,Europe,Retail
ORD-000064,CUST-0097,Brooke Nolan,PROD-FUR-006,Office Desk,Furniture,3,594.99,2024-06-10,North America,Retail
ORD-000065,CUST-0004,Evelyn Wall,PROD-STA-002,Highlighter Set,Stationery,9,23.23,2024-06-11,North America,Online
ORD-000066,CUST-0044,Susan Bates,PROD-ELE-006,Laptop Stand,Electronics,5,38.75,2024-02-09,North America,Online
ORD-000067,CUST-0000,Jordan Martin,PROD-ELE-003,Bluetooth Headphones,Electronics,2,209.66,2024-09-13,Europe,Retail
ORD-000068,CUST-0062,Anthony Martinez,PROD-STA-007,Paper Clips Box,Stationery,7,9.54,2024-05-07,North America,Retail
ORD-000069,CUST-0035,Emily Moody,PROD-STA-005,Whiteboard Marker,Stationery,8,4.66,2024-02-07,Asia Pacific,Distributor
ORD-000070,CUST-0036,Roger Bennett,PROD-ELE-002,USB-C Hub,Electronics,2,480.22,2024-06-14,North America,Online
ORD-000071,CUST-0107,James Hill,PROD-STA-002,Highlighter Set,Stationery,8,9.08,2024-03-05,Europe,Online
ORD-000072,CUST-0030,Ashley Hernandez PhD,PROD-FUR-001,Monitor Arm,Furniture,2,795.92,2024-10-16,North America,Online
ORD-000073,CUST-0094,Alexander Odom,PROD-STA-002,Highlighter Set,Stationery,6,2.34,2024-12-09,Asia Pacific,Distributor
ORD-000074,CUST-0068,Michael Medina,PROD-ELE-007,HDMI Cable,Electronics,2,39.72,2024-01-24,North America,Online
ORD-000075,CUST-0083,Shaun Roth,PROD-ELE-007,HDMI Cable,Electronics,1,206.15,2024-03-25,North America,Online
ORD-000076,CUST-0019,Mr. Bryan Bailey,PROD-ELE-003,Bluetooth Headphones,Electronics,2,224.19,2024-01-01,North America,Retail
ORD-000077,CUST-0038,Raymond Johnson,PROD-STA-001,Ballpoint Pen Pack,Stationery,6,12.33,2024-11-12,Asia Pacific,Online
ORD-000078,CUST-0002,John Johnson,PROD-ELE-005,Portable SSD,Electronics,1,106.34,2024-12-02,North America,Online
ORD-000079,CUST-0028,Travis Davis,PROD-ELE-003,Bluetooth Headphones,Electronics,3,428.88,2024-07-14,North America,Retail
ORD-000080,CUST-0034,Julia Olson,PROD-ELE-004,Webcam 1080p,Electronics,4,409.38,2024-04-03,Europe,Retail
ORD-000081,CUST-0025,Tara Kidd,PROD-ELE-002,USB-C Hub,Electronics,1,52.88,2024-11-11,Europe,Retail
ORD-000082,CUST-0079,Kevin Barnes,PROD-ELE-000,Wireless Mouse,Electronics,2,446.66,2024-09-22,North America,Online
ORD-000083,CUST-0083,Shaun Roth,PROD-STA-005,Whiteboard Marker,Stationery,3,1.89,2024-07-21,North America,Online
ORD-000084,CUST-0010,Grant Olson,PROD-STA-007,Paper Clips Box,Stationery,5,17.1,2024-11-18,North America,Retail
ORD-000085,CUST-0027,Matthew Mccann,PROD-FUR-001,Monitor Arm,Furniture,1,500.29,2024-03-08,North America,Online
ORD-000086,CUST-0091,Kimberly Conway,PROD-ELE-004,Webcam 1080p,Electronics,3,21.05,2024-07-26,Europe,Retail
ORD-000087,CUST-0011,Sarah Thompson,PROD-STA-007,Paper Clips Box,Stationery,6,21.69,2024-12-25,Europe,Online
ORD-000088,CUST-0077,Jay Brown,PROD-ELE-007,HDMI Cable,Electronics,1,374.73,2024-11-17,North America,Retail
ORD-000089,CUST-0012,David Young,PROD-STA-003,Sticky Notes,Stationery,6,24.51,2024-12-27,Europe,Online
ORD-000090,CUST-0075,Nathaniel Hall,PROD-STA-003,Sticky Notes,Stationery,8,4.58,2024-04-26,Asia Pacific,Online
ORD-000091,CUST-0114,Cynthia White,PROD-ELE-000,Wireless Mouse,Electronics,1,380.45,2024-08-01,Europe,Online
ORD-000092,CUST-0057,Sarah Delgado,PROD-ELE-007,HDMI Cable,Electronics,1,36.91,2024-07-10,North America,Online
ORD-000093,CUST-0059,Nicole Martin,PROD-ELE-005,Portable SSD,Electronics,1,137.43,2024-02-19,Asia Pacific,Retail
ORD-000094,CUST-0012,David Young,PROD-STA-002,Highlighter Set,Stationery,5,3.78,2024-12-26,Asia Pacific,Distributor
ORD-000095,CUST-0019,Mr. Bryan Bailey,PROD-FUR-004,Filing Cabinet,Furniture,1,153.44,2024-02-09,Europe,Online
ORD-000096,CUST-0101,Walter Stone,PROD-STA-006,Stapler,Stationery,7,7.72,2024-05-15,Europe,Online
ORD-000097,CUST-0053,Mark Rivera,PROD-FUR-000,Standing Desk Mat,Furniture,1,576.89,2024-02-19,North America,Online
ORD-000098,CUST-0086,Monica Allen,PROD-FUR-006,Office Desk,Furniture,1,154.17,2024-03-31,North America,Online
ORD-000099,CUST-0062,Anthony Martinez,PROD-FUR-002,Ergonomic Chair,Furniture,1,443.16,2024-10-29,Asia Pacific,Retail
ORD-000100,CUST-0010,Grant Olson,PROD-ELE-003,Bluetooth Headphones,Electronics,1,283.89,2024-06-25,North America,Distributor
ORD-000101,CUST-0014,Michael Klein,PROD-ELE-003,Bluetooth Headphones,Electronics,2,240.53,2024-12-21,North America,Online
ORD-000102,CUST-0017,Jay Goodman,PROD-STA-003,Sticky Notes,Stationery,5,9.55,2024-10-26,North America,Distributor
ORD-000103,CUST-0095,Kelly Beltran,PROD-STA-005,Whiteboard Marker,Stationery,4,24.84,2024-04-12,Europe,Retail
ORD-000104,CUST-0052,Brian Fuentes,PROD-ELE-002,USB-C Hub,Electronics,3,367.2,2024-02-25,North America,Online
ORD-000105,CUST-0056,Mario Thompson,PROD-ELE-000,Wireless Mouse,Electronics,2,343.88,2024-12-26,Europe,Online
ORD-000106,CUST-0089,James Rhodes,PROD-ELE-006,Laptop Stand,Electronics,3,474.55,2024-10-01,North America,Retail
ORD-000107,CUST-0067,Amber Grant,PROD-ELE-007,HDMI Cable,Electronics,3,328.83,2024-05-27,Europe,Online
ORD-000108,CUST-0099,Jill Richardson,PROD-ELE-002,USB-C Hub,Electronics,3,173.38,2024-02-03,North America,Online
ORD-000109,CUST-0029,Charles Moran DDS,PROD-ELE-006,Laptop Stand,Electronics,1,148.45,2024-10-07,Europe,Retail
ORD-000110,CUST-0088,Alex Coleman,PROD-ELE-001,Mechanical Keyboard,Electronics,4,318.36,2024-03-15,Europe,Distributor
ORD-000111,CUST-0082,Joseph Newton,PROD-ELE-003,Bluetooth Headphones,Electronics,1,209.03,2024-09-13,Asia Pacific,Online
ORD-000112,CUST-0101,Walter Stone,PROD-STA-007,Paper Clips Box,Stationery,10,19.47,2024-11-08,North America,Distributor
ORD-000113,CUST-0028,Travis Davis,PROD-STA-005,Whiteboard Marker,Stationery,6,21.72,2024-07-27,North America,Online
ORD-000114,CUST-0016,Susan Dawson,PROD-ELE-001,Mechanical Keyboard,Electronics,1,390.55,2024-11-03,North America,Retail
ORD-000115,CUST-0023,Jennifer Brock,PROD-ELE-002,USB-C Hub,Electronics,1,220.06,2024-05-26,North America,Distributor
ORD-000116,CUST-0112,Kayla Barnes,PROD-FUR-004,Filing Cabinet,Furniture,1,711.33,2024-02-20,Asia Pacific,Online
ORD-000117,CUST-0021,Nathan Tucker,PROD-STA-004,Document Folder,Stationery,9,24.45,2024-04-27,North America,Retail
ORD-000118,CUST-0044,Susan Bates,PROD-ELE-002,USB-C Hub,Electronics,3,217.08,2024-09-03,North America,Online
ORD-000119,CUST-0058,Patricia Francis,PROD-ELE-001,Mechanical Keyboard,Electronics,1,441.35,2024-12-01,Europe,Retail
ORD-000120,CUST-0061,Tammy Evans,PROD-ELE-000,Wireless Mouse,Electronics,1,226.61,2024-01-20,Europe,Online
ORD-000121,CUST-0098,Michael Alexander,PROD-STA-005,Whiteboard Marker,Stationery,6,10.77,2024-07-18,North America,Retail
ORD-000122,CUST-0064,John Mcbride II,PROD-ELE-005,Portable SSD,Electronics,1,121.31,2024-10-01,Europe,Online
ORD-000123,CUST-0010,Grant Olson,PROD-ELE-006,Laptop Stand,Electronics,1,100.04,2024-01-17,Europe,Online
ORD-000124,CUST-0118,Jeffrey English,PROD-ELE-006,Laptop Stand,Electronics,1,439.42,2024-08-27,Asia Pacific,Online
ORD-000125,CUST-0026,Debra Jones,PROD-FUR-004,Filing Cabinet,Furniture,1,595.74,2024-01-03,Asia Pacific,Online
ORD-000126,CUST-0055,Keith Brown,PROD-STA-004,Document Folder,Stationery,4,19.31,2024-01-10,Asia Pacific,Retail
ORD-000127,CUST-0032,Elizabeth Santos,PROD-FUR-006,Office Desk,Furniture,1,464.35,2024-08-22,Europe,Online
ORD-000128,CUST-0071,Traci Martin,PROD-ELE-005,Portable SSD,Electronics,1,446.78,2024-11-23,North America,Online
ORD-000129,CUST-0007,Alan Martin,PROD-ELE-003,Bluetooth Headphones,Electronics,1,109.81,2024-04-20,North America,Distributor
ORD-000130,CUST-0012,David Young,PROD-ELE-005,Portable SSD,Electronics,1,80.33,2024-06-03,North America,Online
ORD-000131,CUST-0006,Robert Schmitt,PROD-FUR-001,Monitor Arm,Furniture,1,500.07,2024-06-02,North America,Online
ORD-000132,CUST-0090,Angela Parker,PROD-FUR-001,Monitor Arm,Furniture,1,507.07,2024-02-09,Asia Pacific,Online
ORD-000133,CUST-0098,Michael Alexander,PROD-ELE-000,Wireless Mouse,Electronics,2,209.61,2024-01-23,Asia Pacific,Retail
ORD-000134,CUST-0110,Kelsey Perez,PROD-FUR-002,Ergonomic Chair,Furniture,2,777.58,2024-03-03,Europe,Retail
ORD-000135,CUST-0015,Shawn Knight,PROD-ELE-003,Bluetooth Headphones,Electronics,1,65.09,2024-10-19,North America,Online
ORD-000136,CUST-0052,Brian Fuentes,PROD-STA-006,Stapler,Stationery,10,9.62,2024-06-06,North America,Online
ORD-000137,CUST-0086,Monica Allen,PROD-ELE-004,Webcam 1080p,Electronics,1,287.9,2024-10-04,North America,Online
ORD-000138,CUST-0021,Nathan Tucker,PROD-ELE-006,Laptop Stand,Electronics,1,473.58,2024-08-06,Asia Pacific,Distributor
ORD-000139,CUST-0000,Jordan Martin,PROD-ELE-007,HDMI Cable,Electronics,1,345.0,2024-11-30,Asia Pacific,Online
ORD-000140,CUST-0028,Travis Davis,PROD-ELE-004,Webcam 1080p,Electronics,1,396.53,2024-06-30,Europe,Retail
ORD-000141,CUST-0067,Amber Grant,PROD-ELE-006,Laptop Stand,Electronics,1,390.83,2024-02-24,Asia Pacific,Online
ORD-000142,CUST-0095,Kelly Beltran,PROD-STA-003,Sticky Notes,Stationery,6,14.76,2024-11-09,Asia Pacific,Distributor
ORD-000143,CUST-0044,Susan Bates,PROD-FUR-007,Side Table,Furniture,1,641.96,2024-03-21,Europe,Online
ORD-000144,CUST-0007,Alan Martin,PROD-ELE-006,Laptop Stand,Electronics,2,94.24,2024-01-09,North America,Retail
ORD-000145,CUST-0004,Evelyn Wall,PROD-STA-001,Ballpoint Pen Pack,Stationery,4,9.59,2024-03-08,North America,Retail
ORD-000146,CUST-0049,Angela James,PROD-FUR-000,Standing Desk Mat,Furniture,1,531.79,2024-12-22,North America,Retail
ORD-000147,CUST-0051,Paula Rodriguez,PROD-FUR-001,Monitor Arm,Furniture,1,441.64,2024-05-15,Europe,Online
ORD-000148,CUST-0065,John Walker,PROD-FUR-007,Side Table,Furniture,1,750.62,2024-04-20,North America,Retail
ORD-000149,CUST-0100,Jesus Nguyen,PROD-FUR-000,Standing Desk Mat,Furniture,1,441.87,2024-01-26,North America,Online
ORD-000150,CUST-0118,Jeffrey English,PROD-STA-007,Paper Clips Box,Stationery,5,21.88,2024-01-24,North America,Online
ORD-000151,CUST-0101,Walter Stone,PROD-STA-004,Document Folder,Stationery,10,10.0,2024-03-12,Asia Pacific,Distributor
ORD-000152,CUST-0086,Monica Allen,PROD-ELE-003,Bluetooth Headphones,Electronics,2,91.4,2024-06-12,North America,Retail
ORD-000153,CUST-0061,Tammy Evans,PROD-ELE-003,Bluetooth Headphones,Electronics,3,89.5,2024-12-07,Asia Pacific,Online
ORD-000154,CUST-0031,Kyle Howell,PROD-ELE-000,Wireless Mouse,Electronics,1,403.28,2024-07-15,Europe,Distributor
ORD-000155,CUST-0041,John Johnson,PROD-STA-001,Ballpoint Pen Pack,Stationery,5,14.2,2024-06-03,Asia Pacific,Distributor
ORD-000156,CUST-0019,Mr. Bryan Bailey,PROD-ELE-001,Mechanical Keyboard,Electronics,1,96.9,2024-06-08,Europe,Retail
ORD-000157,CUST-0059,Nicole Martin,PROD-FUR-004,Filing Cabinet,Furniture,1,366.23,2024-04-11,North America,Online
ORD-000158,CUST-0116,Crystal Shelton,PROD-ELE-007,HDMI Cable,Electronics,1,324.24,2024-01-25,North America,Online
ORD-000159,CUST-0107,James Hill,PROD-ELE-003,Bluetooth Headphones,Electronics,1,413.77,2024-09-20,Asia Pacific,Online
ORD-000160,CUST-0023,Jennifer Brock,PROD-STA-005,Whiteboard Marker,Stationery,10,6.56,2024-11-09,North America,Retail
ORD-000161,CUST-0075,Nathaniel Hall,PROD-STA-002,Highlighter Set,Stationery,6,8.35,2024-04-30,North America,Online
ORD-000162,CUST-0100,Jesus Nguyen,PROD-FUR-004,Filing Cabinet,Furniture,1,143.52,2024-03-05,Europe,Retail
ORD-000163,CUST-0066,Elizabeth White,PROD-ELE-005,Portable SSD,Electronics,1,248.34,2024-03-28,North America,Online
ORD-000164,CUST-0052,Brian Fuentes,PROD-STA-006,Stapler,Stationery,5,19.17,2024-10-27,Asia Pacific,Online
ORD-000165,CUST-0052,Brian Fuentes,PROD-ELE-000,Wireless Mouse,Electronics,1,129.46,2024-07-16,North America,Online
ORD-000166,CUST-0002,John Johnson,PROD-FUR-006,Office Desk,Furniture,3,92.49,2024-11-13,North America,Retail
ORD-000167,CUST-0048,Russell Williams,PROD-ELE-003,Bluetooth Headphones,Electronics,3,124.21,2024-03-13,North America,Online
ORD-000168,CUST-0014,Michael Klein,PROD-FUR-006,Office Desk,Furniture,1,236.43,2024-11-21,Asia Pacific,Retail
ORD-000169,CUST-0066,Elizabeth White,PROD-STA-007,Paper Clips Box,Stationery,3,23.81,2024-10-07,Asia Pacific,Online
ORD-000170,CUST-0088,Alex Coleman,PROD-FUR-003,Bookshelf,Furniture,1,733.23,2024-03-05,Europe,Online
ORD-000171,CUST-0028,Travis Davis,PROD-ELE-003,Bluetooth Headphones,Electronics,2,223.53,2024-12-26,Europe,Retail
ORD-000172,CUST-0069,Amy Lewis,PROD-ELE-003,Bluetooth Headphones,Electronics,1,17.09,2024-05-18,Europe,Retail
ORD-000173,CUST-0024,Craig Lam,PROD-STA-001,Ballpoint Pen Pack,Stationery,6,6.09,2024-07-25,Asia Pacific,Online
ORD-000174,CUST-0088,Alex Coleman,PROD-ELE-003,Bluetooth Headphones,Electronics,2,462.82,2024-09-09,Asia Pacific,Retail
ORD-000175,CUST-0011,Sarah Thompson,PROD-ELE-007,HDMI Cable,Electronics,1,104.91,2024-05-27,Europe,Retail
ORD-000176,CUST-0064,John Mcbride II,PROD-ELE-003,Bluetooth Headphones,Electronics,1,138.54,2024-10-20,Europe,Distributor
ORD-000177,CUST-0026,Debra Jones,PROD-ELE-007,HDMI Cable,Electronics,2,93.54,2024-10-14,Asia Pacific,Online
ORD-000178,CUST-0073,Aaron Garcia,PROD-STA-005,Whiteboard Marker,Stationery,5,19.36,2024-11-07,North America,Distributor
ORD-000179,CUST-0087,Deanna Sanchez,PROD-ELE-000,Wireless Mouse,Electronics,3,412.95,2024-02-29,Europe,Distributor
ORD-000180,CUST-0037,Andrew Adams,PROD-ELE-005,Portable SSD,Electronics,2,396.64,2024-07-03,North America,Online
ORD-000181,CUST-0081,Christopher Nash,PROD-FUR-002,Ergonomic Chair,Furniture,1,642.33,2024-06-15,North America,Retail
ORD-000182,CUST-0047,Brianna Hoffman,PROD-STA-007,Paper Clips Box,Stationery,7,10.5,2024-05-08,Asia Pacific,Distributor
ORD-000183,CUST-0092,Mr. John Jones,PROD-FUR-001,Monitor Arm,Furniture,1,537.03,2024-12-08,Asia Pacific,Online
ORD-000184,CUST-0038,Raymond Johnson,PROD-ELE-006,Laptop Stand,Electronics,1,183.91,2024-07-25,North America,Retail
ORD-000185,CUST-0113,Nicole Johnston,PROD-FUR-003,Bookshelf,Furniture,1,607.27,2024-07-16,North America,Online
ORD-000186,CUST-0035,Emily Moody,PROD-FUR-002,Ergonomic Chair,Furniture,2,207.67,2024-03-20,Europe,Retail
ORD-000187,CUST-0076,Tyler Lewis,PROD-ELE-000,Wireless Mouse,Electronics,2,233.02,2024-01-23,Asia Pacific,Retail
ORD-000188,CUST-0006,Robert Schmitt,PROD-ELE-005,Portable SSD,Electronics,1,486.59,2024-05-07,Asia Pacific,Retail
ORD-000189,CUST-0020,Jonathan Robinson,PROD-FUR-006,Office Desk,Furniture,1,99.3,2024-03-09,Asia Pacific,Online
ORD-000190,CUST-0003,Dominique Smith,PROD-ELE-000,Wireless Mouse,Electronics,5,268.23,2024-02-18,Asia Pacific,Online
ORD-000191,CUST-0056,Mario Thompson,PROD-STA-001,Ballpoint Pen Pack,Stationery,4,21.29,2024-09-09,North America,Online
ORD-000192,CUST-0105,Amanda Bryan,PROD-STA-002,Highlighter Set,Stationery,6,14.53,2024-10-06,Asia Pacific,Online
ORD-000193,CUST-0016,Susan Dawson,PROD-STA-007,Paper Clips Box,Stationery,6,6.73,2024-05-01,Europe,Retail
ORD-000194,CUST-0055,Keith Brown,PROD-STA-003,Sticky Notes,Stationery,9,13.62,2024-07-18,North America,Retail
ORD-000195,CUST-0056,Mario Thompson,PROD-ELE-004,Webcam 1080p,Electronics,2,120.2,2024-02-22,Asia Pacific,Online
ORD-000196,CUST-0064,John Mcbride II,PROD-ELE-000,Wireless Mouse,Electronics,1,291.44,2024-09-25,North America,Retail
ORD-000197,CUST-0075,Nathaniel Hall,PROD-ELE-003,Bluetooth Headphones,Electronics,2,383.43,2024-02-26,Asia Pacific,Online
ORD-000198,CUST-0059,Nicole Martin,PROD-FUR-001,Monitor Arm,Furniture,1,250.91,2024-11-07,Europe,Retail
ORD-000199,CUST-0119,Joseph Fox,PROD-ELE-006,Laptop Stand,Electronics,5,271.34,2024-09-01,North America,Online
ORD-000200,CUST-0053,Mark Rivera,PROD-ELE-006,Laptop Stand,Electronics,2,170.61,2024-12-26,North America,Distributor
ORD-000201,CUST-0076,Tyler Lewis,PROD-STA-004,Document Folder,Stationery,5,21.49,2024-12-26,Europe,Online
ORD-000202,CUST-0021,Nathan Tucker,PROD-ELE-003,Bluetooth Headphones,Electronics,1,333.1,2024-01-08,Europe,Online
ORD-000203,CUST-0069,Amy Lewis,PROD-ELE-007,HDMI Cable,Electronics,1,426.66,2024-02-07,North America,Online
ORD-000204,CUST-0045,Sarah Mathews,PROD-STA-001,Ballpoint Pen Pack,Stationery,3,22.74,2024-01-27,North America,Online
ORD-000205,CUST-0079,Kevin Barnes,PROD-STA-006,Stapler,Stationery,7,2.58,2024-02-08,North America,Online
ORD-000206,CUST-0065,John Walker,PROD-STA-002,Highlighter Set,Stationery,7,2.5,2024-08-23,North America,Online
ORD-000207,CUST-0021,Nathan Tucker,PROD-ELE-000,Wireless Mouse,Electronics,2,465.84,2024-07-13,North America,Online
ORD-000208,CUST-0104,Shelly Nelson,PROD-FUR-000,Standing Desk Mat,Furniture,3,684.34,2024-10-06,Asia Pacific,Online
ORD-000209,CUST-0068,Michael Medina,PROD-STA-005,Whiteboard Marker,Stationery,6,8.84,2024-12-05,Europe,Online
ORD-000210,CUST-0045,Sarah Mathews,PROD-STA-007,Paper Clips Box,Stationery,10,17.78,2024-03-21,North America,Online
ORD-000211,CUST-0080,Monique Harris,PROD-FUR-005,Desk Lamp,Furniture,1,395.99,2024-10-03,North America,Online
ORD-000212,CUST-0087,Deanna Sanchez,PROD-ELE-006,Laptop Stand,Electronics,4,444.27,2024-07-09,North America,Retail
ORD-000213,CUST-0082,Joseph Newton,PROD-ELE-001,Mechanical Keyboard,Electronics,1,154.0,2024-06-15,North America,Online
ORD-000214,CUST-0032,Elizabeth Santos,PROD-ELE-001,Mechanical Keyboard,Electronics,1,312.98,2024-04-12,North America,Online
ORD-000215,CUST-0001,Marie Ramos,PROD-ELE-003,Bluetooth Headphones,Electronics,1,206.12,2024-10-06,Europe,Online
ORD-000216,CUST-0017,Jay Goodman,PROD-ELE-006,Laptop Stand,Electronics,1,219.32,2024-01-08,Europe,Online
ORD-000217,CUST-0002,John Johnson,PROD-ELE-002,USB-C Hub,Electronics,2,396.96,2024-07-02,Europe,Distributor
ORD-000218,CUST-0043,James Garner,PROD-FUR-005,Desk Lamp,Furniture,1,288.94,2024-06-11,Asia Pacific,Online
ORD-000219,CUST-0101,Walter Stone,PROD-FUR-000,Standing Desk Mat,Furniture,1,783.1,2024-04-16,North America,Online
ORD-000220,CUST-0118,Jeffrey English,PROD-ELE-003,Bluetooth Headphones,Electronics,1,220.47,2024-04-07,North America,Distributor
ORD-000221,CUST-0031,Kyle Howell,PROD-FUR-007,Side Table,Furniture,2,245.21,2024-05-31,Europe,Distributor
ORD-000222,CUST-0027,Matthew Mccann,PROD-ELE-006,Laptop Stand,Electronics,1,205.04,2024-03-09,Europe,Distributor
ORD-000223,CUST-0080,Monique Harris,PROD-ELE-004,Webcam 1080p,Electronics,1,184.2,2024-04-21,Europe,Online
ORD-000224,CUST-0006,Robert Schmitt,PROD-ELE-005,Portable SSD,Electronics,1,181.19,2024-07-28,North America,Retail
ORD-000225,CUST-0028,Travis Davis,PROD-ELE-007,HDMI Cable,Electronics,1,406.37,2024-11-27,North America,Online
ORD-000226,CUST-0082,Joseph Newton,PROD-STA-007,Paper Clips Box,Stationery,5,1.83,2024-12-29,Europe,Retail
ORD-000227,CUST-0012,David Young,PROD-FUR-007,Side Table,Furniture,1,240.91,2024-10-28,North America,Online
ORD-000228,CUST-0050,Paul Wilkerson,PROD-ELE-000,Wireless Mouse,Electronics,1,58.52,2024-05-20,North America,Online
ORD-000229,CUST-0118,Jeffrey English,PROD-ELE-004,Webcam 1080p,Electronics,3,390.36,2024-01-25,North America,Retail
ORD-000230,CUST-0014,Michael Klein,PROD-FUR-006,Office Desk,Furniture,1,745.52,2024-10-07,Asia Pacific,Online
ORD-000231,CUST-0011,Sarah Thompson,PROD-ELE-000,Wireless Mouse,Electronics,1,388.54,2024-09-27,Asia Pacific,Retail
ORD-000232,CUST-0090,Angela Parker,PROD-STA-006,Stapler,Stationery,3,10.73,2024-04-10,Asia Pacific,Online
ORD-000233,CUST-0107,James Hill,PROD-ELE-006,Laptop Stand,Electronics,1,258.72,2024-01-20,Asia Pacific,Online
ORD-000234,CUST-0092,Mr. John Jones,PROD-ELE-003,Bluetooth Headphones,Electronics,2,139.51,2024-05-08,Europe,Online
ORD-000235,CUST-0100,Jesus Nguyen,PROD-FUR-004,Filing Cabinet,Furniture,1,435.37,2024-07-23,Europe,Distributor
ORD-000236,CUST-0019,Mr. Bryan Bailey,PROD-FUR-001,Monitor Arm,Furniture,1,464.17,2024-12-06,Europe,Online
ORD-000237,CUST-0097,Brooke Nolan,PROD-STA-001,Ballpoint Pen Pack,Stationery,4,23.52,2024-04-05,North America,Online
ORD-000238,CUST-0040,Kenneth Mcclain,PROD-ELE-007,HDMI Cable,Electronics,1,65.51,2024-09-19,North America,Online
ORD-000239,CUST-0057,Sarah Delgado,PROD-FUR-002,Ergonomic Chair,Furniture,1,117.79,2024-08-01,North America,Retail
ORD-000240,CUST-0081,Christopher Nash,PROD-FUR-007,Side Table,Furniture,1,721.75,2024-06-14,North America,Online
ORD-000241,CUST-0004,Evelyn Wall,PROD-ELE-004,Webcam 1080p,Electronics,2,60.6,2024-10-19,Europe,Online
ORD-000242,CUST-0102,Jason Hart,PROD-STA-007,Paper Clips Box,Stationery,4,7.48,2024-04-27,Asia Pacific,Online
ORD-000243,CUST-0075,Nathaniel Hall,PROD-ELE-002,USB-C Hub,Electronics,1,273.94,2024-12-31,North America,Online
ORD-000244,CUST-0035,Emily Moody,PROD-ELE-006,Laptop Stand,Electronics,2,223.11,2024-07-10,Europe,Distributor
ORD-000245,CUST-0011,Sarah Thompson,PROD-STA-000,Notebook A5,Stationery,11,14.57,2024-09-16,Asia Pacific,Online
ORD-000246,CUST-0002,John Johnson,PROD-FUR-001,Monitor Arm,Furniture,1,187.36,2024-03-09,Europe,Online
ORD-000247,CUST-0023,Jennifer Brock,PROD-ELE-000,Wireless Mouse,Electronics,2,311.1,2024-03-19,Asia Pacific,Retail
ORD-000248,CUST-0074,Kathryn Thompson,PROD-ELE-002,USB-C Hub,Electronics,1,368.81,2024-01-16,North America,Retail
ORD-000249,CUST-0058,Patricia Francis,PROD-FUR-001,Monitor Arm,Furniture,1,431.72,2024-07-24,Europe,Online
ORD-000250,CUST-0099,Jill Richardson,PROD-STA-003,Sticky Notes,Stationery,4,19.46,2024-01-29,Asia Pacific,Distributor
ORD-000251,CUST-0008,Sarah Conrad,PROD-ELE-007,HDMI Cable,Electronics,1,142.42,2024-05-25,Asia Pacific,Online
ORD-000252,CUST-0050,Paul Wilkerson,PROD-ELE-007,HDMI Cable,Electronics,2,82.21,2024-07-01,North America,Online
ORD-000253,CUST-0044,Susan Bates,PROD-ELE-006,Laptop Stand,Electronics,1,97.6,2024-09-12,Europe,Retail
ORD-000254,CUST-0000,Jordan Martin,PROD-STA-000,Notebook A5,Stationery,3,2.82,2024-01-25,North America,Retail
ORD-000255,CUST-0051,Paula Rodriguez,PROD-FUR-006,Office Desk,Furniture,2,791.6,2024-05-26,North America,Online
ORD-000256,CUST-0011,Sarah Thompson,PROD-FUR-001,Monitor Arm,Furniture,2,352.3,2024-11-20,North America,Online
ORD-000257,CUST-0039,Pamela Rush,PROD-ELE-003,Bluetooth Headphones,Electronics,1,192.05,2024-01-15,Europe,Online
ORD-000258,CUST-0054,Jessica Ramsey,PROD-FUR-001,Monitor Arm,Furniture,1,145.96,2024-09-10,Europe,Online
ORD-000259,CUST-0118,Jeffrey English,PROD-ELE-001,Mechanical Keyboard,Electronics,1,377.81,2024-02-09,North America,Retail
ORD-000260,CUST-0067,Amber Grant,PROD-STA-000,Notebook A5,Stationery,5,15.52,2024-01-05,Europe,Online
ORD-000261,CUST-0096,Sherry Torres,PROD-STA-003,Sticky Notes,Stationery,8,12.95,2024-05-07,Europe,Retail
ORD-000262,CUST-0102,Jason Hart,PROD-ELE-000,Wireless Mouse,Electronics,1,111.02,2024-12-06,Europe,Online
ORD-000263,CUST-0087,Deanna Sanchez,PROD-STA-007,Paper Clips Box,Stationery,8,23.99,2024-01-22,North America,Distributor
ORD-000264,CUST-0045,Sarah Mathews,PROD-STA-004,Document Folder,Stationery,5,11.0,2024-12-31,North America,Retail
ORD-000265,CUST-0086,Monica Allen,PROD-STA-004,Document Folder,Stationery,7,22.02,2024-07-22,Europe,Retail
ORD-000266,CUST-0001,Marie Ramos,PROD-ELE-005,Portable SSD,Electronics,3,231.43,2024-09-25,Europe,Online
ORD-000267,CUST-0044,Susan Bates,PROD-FUR-002,Ergonomic Chair,Furniture,1,140.12,2024-05-17,Europe,Online
ORD-000268,CUST-0118,Jeffrey English,PROD-ELE-001,Mechanical Keyboard,Electronics,1,179.08,2024-03-26,Asia Pacific,Online
ORD-000269,CUST-0096,Sherry Torres,PROD-FUR-006,Office Desk,Furniture,1,498.67,2024-11-25,North America,Retail
ORD-000270,CUST-0111,Lindsay Garner,PROD-ELE-007,HDMI Cable,Electronics,2,412.43,2024-11-19,North America,Distributor
ORD-000271,CUST-0114,Cynthia White,PROD-ELE-006,Laptop Stand,Electronics,2,471.07,2024-08-29,North America,Retail
ORD-000272,CUST-0081,Christopher Nash,PROD-STA-007,Paper Clips Box,Stationery,3,4.93,2024-06-02,Europe,Online
ORD-000273,CUST-0019,Mr. Bryan Bailey,PROD-ELE-002,USB-C Hub,Electronics,2,457.42,2024-06-07,Europe,Online
ORD-000274,CUST-0030,Ashley Hernandez PhD,PROD-FUR-001,Monitor Arm,Furniture,2,42.69,2024-08-19,Asia Pacific,Retail
ORD-000275,CUST-0045,Sarah Mathews,PROD-FUR-001,Monitor Arm,Furniture,1,422.5,2024-04-25,Europe,Retail
ORD-000276,CUST-0016,Susan Dawson,PROD-ELE-004,Webcam 1080p,Electronics,2,170.04,2024-07-12,North America,Online
ORD-000277,CUST-0077,Jay Brown,PROD-ELE-000,Wireless Mouse,Electronics,2,27.14,2024-03-28,Europe,Online
ORD-000278,CUST-0073,Aaron Garcia,PROD-ELE-002,USB-C Hub,Electronics,3,35.01,2024-09-05,North America,Retail
ORD-000279,CUST-0001,Marie Ramos,PROD-ELE-003,Bluetooth Headphones,Electronics,3,315.66,2024-04-05,Europe,Distributor
ORD-000280,CUST-0045,Sarah Mathews,PROD-FUR-005,Desk Lamp,Furniture,1,179.86,2024-01-10,North America,Distributor
ORD-000281,CUST-0019,Mr. Bryan Bailey,PROD-ELE-001,Mechanical Keyboard,Electronics,1,387.32,2024-08-21,North America,Online
ORD-000282,CUST-0087,Deanna Sanchez,PROD-STA-007,Paper Clips Box,Stationery,8,4.89,2024-11-30,North America,Online
ORD-000283,CUST-0042,Tyler Oneill,PROD-STA-000,Notebook A5,Stationery,12,23.4,2024-11-25,North America,Retail
ORD-000284,CUST-0007,Alan Martin,PROD-ELE-004,Webcam 1080p,Electronics,1,255.83,2024-04-15,Europe,Online
ORD-000285,CUST-0051,Paula Rodriguez,PROD-FUR-001,Monitor Arm,Furniture,1,663.66,2024-05-18,Europe,Online
ORD-000286,CUST-0034,Julia Olson,PROD-STA-001,Ballpoint Pen Pack,Stationery,13,3.99,2024-11-11,Europe,Online
ORD-000287,CUST-0047,Brianna Hoffman,PROD-ELE-007,HDMI Cable,Electronics,1,405.82,2024-05-23,Asia Pacific,Online
ORD-000288,CUST-0036,Roger Bennett,PROD-ELE-007,HDMI Cable,Electronics,1,243.86,2024-08-12,Europe,Online
ORD-000289,CUST-0098,Michael Alexander,PROD-STA-006,Stapler,Stationery,8,17.28,2024-03-03,Europe,Online
ORD-000290,CUST-0007,Alan Martin,PROD-STA-002,Highlighter Set,Stationery,5,21.96,2024-11-16,Asia Pacific,Online
ORD-000291,CUST-0097,Brooke Nolan,PROD-STA-005,Whiteboard Marker,Stationery,7,7.37,2024-10-29,Europe,Online
ORD-000292,CUST-0063,Jeffrey Stephens,PROD-FUR-001,Monitor Arm,Furniture,1,458.49,2024-12-28,North America,Online
ORD-000293,CUST-0049,Angela James,PROD-STA-005,Whiteboard Marker,Stationery,6,8.52,2024-03-13,Asia Pacific,Online
ORD-000294,CUST-0095,Kelly Beltran,PROD-ELE-004,Webcam 1080p,Electronics,3,424.54,2024-03-07,North America,Online
ORD-000295,CUST-0093,Ashley Bradley,PROD-ELE-003,Bluetooth Headphones,Electronics,1,256.06,2024-12-28,Europe,Online
ORD-000296,CUST-0013,Cameron Wise,PROD-ELE-000,Wireless Mouse,Electronics,5,331.6,2024-01-30,Europe,Retail
ORD-000297,CUST-0008,Sarah Conrad,PROD-FUR-000,Standing Desk Mat,Furniture,2,677.66,2024-10-25,North America,Online
ORD-000298,CUST-0018,Janet Rogers,PROD-ELE-007,HDMI Cable,Electronics,2,264.31,2024-01-18,Europe,Retail
ORD-000299,CUST-0012,David Young,PROD-ELE-006,Laptop Stand,Electronics,2,350.56,2024-03-28,North America,Online
ORD-000300,CUST-0064,John Mcbride II,PROD-STA-005,Whiteboard Marker,Stationery,10,2.94,2024-11-01,Asia Pacific,Online
ORD-000301,CUST-0039,Pamela Rush,PROD-STA-005,Whiteboard Marker,Stationery,3,22.02,2024-03-17,North America,Online
ORD-000302,CUST-0062,Anthony Martinez,PROD-ELE-005,Portable SSD,Electronics,3,344.39,2024-04-13,North America,Online
ORD-000303,CUST-0088,Alex Coleman,PROD-ELE-007,HDMI Cable,Electronics,1,409.07,2024-07-10,Asia Pacific,Distributor
ORD-000304,CUST-0024,Craig Lam,PROD-ELE-005,Portable SSD,Electronics,3,195.28,2024-10-29,North America,Online
ORD-000305,CUST-0052,Brian Fuentes,PROD-ELE-004,Webcam 1080p,Electronics,1,300.09,2024-11-20,Europe,Online
ORD-000306,CUST-0074,Kathryn Thompson,PROD-ELE-001,Mechanical Keyboard,Electronics,2,382.65,2024-05-19,Europe,Online
ORD-000307,CUST-0089,James Rhodes,PROD-FUR-001,Monitor Arm,Furniture,1,434.47,2024-03-19,Europe,Online
ORD-000308,CUST-0101,Walter Stone,PROD-ELE-002,USB-C Hub,Electronics,2,316.41,2024-05-30,North America,Online
ORD-000309,CUST-0014,Michael Klein,PROD-ELE-007,HDMI Cable,Electronics,1,209.63,2024-04-30,North America,Online
ORD-000310,CUST-0037,Andrew Adams,PROD-ELE-004,Webcam 1080p,Electronics,1,122.58,2024-07-20,North America,Online
ORD-000311,CUST-0015,Shawn Knight,PROD-ELE-005,Portable SSD,Electronics,1,490.92,2024-07-27,Asia Pacific,Online
ORD-000312,CUST-0047,Brianna Hoffman,PROD-STA-004,Document Folder,Stationery,7,16.75,2024-12-22,Asia Pacific,Online
ORD-000313,CUST-0068,Michael Medina,PROD-FUR-003,Bookshelf,Furniture,1,440.71,2024-02-25,North America,Distributor
ORD-000314,CUST-0030,Ashley Hernandez PhD,PROD-ELE-005,Portable SSD,Electronics,1,358.8,2024-11-08,North America,Online
ORD-000315,CUST-0080,Monique Harris,PROD-FUR-000,Standing Desk Mat,Furniture,1,484.14,2024-04-03,North America,Online
ORD-000316,CUST-0061,Tammy Evans,PROD-STA-005,Whiteboard Marker,Stationery,6,7.25,2024-08-05,North America,Retail
ORD-000317,CUST-0097,Brooke Nolan,PROD-ELE-001,Mechanical Keyboard,Electronics,1,152.55,2024-09-29,Asia Pacific,Online
ORD-000318,CUST-0077,Jay Brown,PROD-ELE-003,Bluetooth Headphones,Electronics,1,391.69,2024-11-16,Europe,Distributor
ORD-000319,CUST-0040,Kenneth Mcclain,PROD-ELE-001,Mechanical Keyboard,Electronics,1,20.73,2024-04-28,Asia Pacific,Online
ORD-000320,CUST-0109,Patricia Woods,PROD-FUR-001,Monitor Arm,Furniture,1,448.07,2024-02-06,Europe,Distributor
ORD-000321,CUST-0021,Nathan Tucker,PROD-ELE-007,HDMI Cable,Electronics,2,466.34,2024-12-08,North America,Online
ORD-000322,CUST-0026,Debra Jones,PROD-FUR-004,Filing Cabinet,Furniture,2,106.62,2024-09-19,Europe,Retail
ORD-000323,CUST-0007,Alan Martin,PROD-STA-003,Sticky Notes,Stationery,8,16.9,2024-02-18,North America,Online
ORD-000324,CUST-0076,Tyler Lewis,PROD-FUR-001,Monitor Arm,Furniture,1,604.17,2024-08-05,North America,Retail
ORD-000325,CUST-0013,Cameron Wise,PROD-ELE-004,Webcam 1080p,Electronics,1,379.16,2024-04-04,Europe,Online
ORD-000326,CUST-0063,Jeffrey Stephens,PROD-FUR-002,Ergonomic Chair,Furniture,2,281.15,2024-04-11,Europe,Retail
ORD-000327,CUST-0056,Mario Thompson,PROD-ELE-004,Webcam 1080p,Electronics,1,83.53,2024-05-22,North America,Retail
ORD-000328,CUST-0056,Mario Thompson,PROD-FUR-002,Ergonomic Chair,Furniture,1,225.5,2024-10-16,Europe,Online
ORD-000329,CUST-0074,Kathryn Thompson,PROD-ELE-005,Portable SSD,Electronics,1,104.39,2024-07-30,Asia Pacific,Retail
ORD-000330,CUST-0053,Mark Rivera,PROD-ELE-005,Portable SSD,Electronics,4,135.61,2024-06-12,Asia Pacific,Retail
ORD-000331,CUST-0093,Ashley Bradley,PROD-FUR-000,Standing Desk Mat,Furniture,2,146.78,2024-11-04,North America,Retail
ORD-000332,CUST-0016,Susan Dawson,PROD-ELE-001,Mechanical Keyboard,Electronics,2,213.71,2024-03-30,Europe,Online
ORD-000333,CUST-0001,Marie Ramos,PROD-ELE-002,USB-C Hub,Electronics,5,311.31,2024-02-02,Europe,Online
ORD-000334,CUST-0029,Charles Moran DDS,PROD-ELE-004,Webcam 1080p,Electronics,2,114.55,2024-08-29,North America,Online
ORD-000335,CUST-0104,Shelly Nelson,PROD-ELE-003,Bluetooth Headphones,Electronics,4,55.53,2024-04-27,Europe,Distributor
ORD-000336,CUST-0026,Debra Jones,PROD-ELE-003,Bluetooth Headphones,Electronics,4,328.52,2024-03-12,North America,Distributor
ORD-000337,CUST-0030,Ashley Hernandez PhD,PROD-ELE-005,Portable SSD,Electronics,3,92.35,2024-10-06,Asia Pacific,Online
ORD-000338,CUST-0110,Kelsey Perez,PROD-ELE-005,Portable SSD,Electronics,1,107.35,2024-05-01,North America,Online
ORD-000339,CUST-0082,Joseph Newton,PROD-ELE-004,Webcam 1080p,Electronics,3,35.83,2024-04-10,Europe,Online
ORD-000340,CUST-0008,Sarah Conrad,PROD-STA-005,Whiteboard Marker,Stationery,4,20.93,2024-10-11,Asia Pacific,Online
ORD-000341,CUST-0103,Tina Fields,PROD-STA-001,Ballpoint Pen Pack,Stationery,1,15.57,2024-04-20,Europe,Retail
ORD-000342,CUST-0005,Matthew Rodriguez,PROD-ELE-002,USB-C Hub,Electronics,1,459.27,2024-01-26,North America,Online
ORD-000343,CUST-0017,Jay Goodman,PROD-ELE-007,HDMI Cable,Electronics,3,106.45,2024-07-16,Asia Pacific,Distributor
ORD-000344,CUST-0020,Jonathan Robinson,PROD-STA-000,Notebook A5,Stationery,5,13.42,2024-09-17,Asia Pacific,Retail
ORD-000345,CUST-0020,Jonathan Robinson,PROD-FUR-006,Office Desk,Furniture,1,92.02,2024-12-09,North America,Online
ORD-000346,CUST-0034,Julia Olson,PROD-FUR-005,Desk Lamp,Furniture,1,456.14,2024-03-12,North America,Online
ORD-000347,CUST-0066,Elizabeth White,PROD-STA-002,Highlighter Set,Stationery,8,1.58,2024-03-26,Europe,Online
ORD-000348,CUST-0020,Jonathan Robinson,PROD-ELE-000,Wireless Mouse,Electronics,2,377.73,2024-09-13,North America,Online
ORD-000349,CUST-0039,Pamela Rush,PROD-ELE-000,Wireless Mouse,Electronics,2,352.34,2024-03-09,North America,Online
ORD-000350,CUST-0035,Emily Moody,PROD-FUR-001,Monitor Arm,Furniture,1,116.33,2024-08-25,Europe,Online
ORD-000351,CUST-0015,Shawn Knight,PROD-STA-000,Notebook A5,Stationery,8,14.57,2024-04-18,North America,Online
ORD-000352,CUST-0014,Michael Klein,PROD-FUR-002,Ergonomic Chair,Furniture,1,406.51,2024-12-21,Asia Pacific,Online
ORD-000353,CUST-0037,Andrew Adams,PROD-ELE-006,Laptop Stand,Electronics,1,53.47,2024-02-28,Asia Pacific,Online
ORD-000354,CUST-0007,Alan Martin,PROD-ELE-005,Portable SSD,Electronics,1,385.25,2024-03-24,North America,Online
ORD-000355,CUST-0071,Traci Martin,PROD-FUR-002,Ergonomic Chair,Furniture,3,402.27,2024-06-01,North America,Distributor
ORD-000356,CUST-0056,Mario Thompson,PROD-ELE-004,Webcam 1080p,Electronics,1,107.5,2024-01-13,North America,Retail
ORD-000357,CUST-0010,Grant Olson,PROD-STA-000,Notebook A5,Stationery,10,23.65,2024-06-22,Europe,Online
ORD-000358,CUST-0040,Kenneth Mcclain,PROD-ELE-002,USB-C Hub,Electronics,1,27.37,2024-01-18,Asia Pacific,Retail
ORD-000359,CUST-0112,Kayla Barnes,PROD-STA-006,Stapler,Stationery,5,3.51,2024-10-16,North America,Distributor
ORD-000360,CUST-0017,Jay Goodman,PROD-ELE-002,USB-C Hub,Electronics,3,260.64,2024-10-20,North America,Retail
ORD-000361,CUST-0003,Dominique Smith,PROD-ELE-005,Portable SSD,Electronics,1,185.4,2024-05-02,Asia Pacific,Online
ORD-000362,CUST-0022,Stephanie Wu,PROD-FUR-004,Filing Cabinet,Furniture,1,109.7,2024-05-04,North America,Online
ORD-000363,CUST-0070,Joshua Obrien,PROD-STA-001,Ballpoint Pen Pack,Stationery,3,2.41,2024-01-09,Europe,Retail
ORD-000364,CUST-0112,Kayla Barnes,PROD-ELE-002,USB-C Hub,Electronics,2,182.91,2024-06-24,North America,Online
ORD-000365,CUST-0039,Pamela Rush,PROD-STA-005,Whiteboard Marker,Stationery,5,21.6,2024-01-05,Europe,Online
ORD-000366,CUST-0079,Kevin Barnes,PROD-STA-001,Ballpoint Pen Pack,Stationery,10,7.81,2024-12-01,North America,Online
ORD-000367,CUST-0003,Dominique Smith,PROD-ELE-005,Portable SSD,Electronics,2,68.43,2024-01-29,Europe,Distributor
ORD-000368,CUST-0052,Brian Fuentes,PROD-STA-005,Whiteboard Marker,Stationery,8,13.51,2024-07-10,North America,Retail
ORD-000369,CUST-0074,Kathryn Thompson,PROD-ELE-003,Bluetooth Headphones,Electronics,1,427.39,2024-04-13,North America,Online
ORD-000370,CUST-0041,John Johnson,PROD-ELE-006,Laptop Stand,Electronics,1,441.06,2024-02-26,Europe,Online
ORD-000371,CUST-0066,Elizabeth White,PROD-FUR-001,Monitor Arm,Furniture,1,88.48,2024-02-25,Asia Pacific,Online
ORD-000372,CUST-0071,Traci Martin,PROD-ELE-004,Webcam 1080p,Electronics,1,34.61,2024-08-06,North America,Online
ORD-000373,CUST-0081,Christopher Nash,PROD-ELE-000,Wireless Mouse,Electronics,3,286.23,2024-08-22,Asia Pacific,Online
ORD-000374,CUST-0035,Emily Moody,PROD-ELE-000,Wireless Mouse,Electronics,1,399.05,2024-12-09,Asia Pacific,Retail
ORD-000375,CUST-0034,Julia Olson,PROD-ELE-003,Bluetooth Headphones,Electronics,3,165.53,2024-10-17,Europe,Online
ORD-000376,CUST-0056,Mario Thompson,PROD-ELE-007,HDMI Cable,Electronics,2,455.89,2024-05-29,North America,Online
ORD-000377,CUST-0084,Tracy Nelson,PROD-FUR-002,Ergonomic Chair,Furniture,3,550.82,2024-04-21,Europe,Online
ORD-000378,CUST-0119,Joseph Fox,PROD-ELE-005,Portable SSD,Electronics,2,410.93,2024-01-01,North America,Online
ORD-000379,CUST-0102,Jason Hart,PROD-STA-003,Sticky Notes,Stationery,2,16.65,2024-12-20,Europe,Online
ORD-000380,CUST-0073,Aaron Garcia,PROD-STA-005,Whiteboard Marker,Stationery,13,10.45,2024-09-06,North America,Retail
ORD-000381,CUST-0018,Janet Rogers,PROD-STA-007,Paper Clips Box,Stationery,3,12.63,2024-01-02,North America,Online
ORD-000382,CUST-0085,Megan Singh,PROD-STA-001,Ballpoint Pen Pack,Stationery,6,12.57,2024-08-04,Europe,Online
ORD-000383,CUST-0102,Jason Hart,PROD-ELE-001,Mechanical Keyboard,Electronics,2,266.82,2024-04-12,Asia Pacific,Online
ORD-000384,CUST-0061,Tammy Evans,PROD-STA-002,Highlighter Set,Stationery,11,4.8,2024-08-15,North America,Distributor
ORD-000385,CUST-0046,Glenn Adkins,PROD-ELE-004,Webcam 1080p,Electronics,2,50.75,2024-01-17,North America,Online
ORD-000386,CUST-0047,Brianna Hoffman,PROD-STA-006,Stapler,Stationery,8,2.54,2024-11-30,North America,Retail
ORD-000387,CUST-0114,Cynthia White,PROD-FUR-002,Ergonomic Chair,Furniture,1,130.12,2024-01-02,Asia Pacific,Retail
ORD-000388,CUST-0060,Mark Black,PROD-ELE-004,Webcam 1080p,Electronics,1,124.5,2024-02-22,Asia Pacific,Online
ORD-000389,CUST-0106,Daniel Jackson,PROD-STA-000,Notebook A5,Stationery,7,12.1,2024-02-24,North America,Retail
ORD-000390,CUST-0024,Craig Lam,PROD-STA-006,Stapler,Stationery,6,2.95,2024-09-03,Europe,Retail
ORD-000391,CUST-0064,John Mcbride II,PROD-FUR-004,Filing Cabinet,Furniture,1,53.26,2024-02-11,North America,Retail
ORD-000392,CUST-0033,Vicki Howard,PROD-ELE-006,Laptop Stand,Electronics,1,431.7,2024-05-08,North America,Retail
ORD-000393,CUST-0024,Craig Lam,PROD-ELE-004,Webcam 1080p,Electronics,1,91.89,2024-11-21,North America,Online
ORD-000394,CUST-0109,Patricia Woods,PROD-FUR-003,Bookshelf,Furniture,2,353.25,2024-11-28,North America,Online
ORD-000395,CUST-0069,Amy Lewis,PROD-ELE-000,Wireless Mouse,Electronics,2,182.74,2024-12-04,North America,Online
ORD-000396,CUST-0035,Emily Moody,PROD-FUR-006,Office Desk,Furniture,1,598.15,2024-04-11,North America,Online
ORD-000397,CUST-0022,Stephanie Wu,PROD-ELE-000,Wireless Mouse,Electronics,1,183.79,2024-05-15,North America,Online
ORD-000398,CUST-0028,Travis Davis,PROD-STA-007,Paper Clips Box,Stationery,5,2.08,2024-08-07,North America,Online
ORD-000399,CUST-0068,Michael Medina,PROD-ELE-003,Bluetooth Headphones,Electronics,1,89.25,2024-08-29,Asia Pacific,Online
ORD-000400,CUST-0085,Megan Singh,PROD-STA-002,Highlighter Set,Stationery,16,18.18,2024-11-13,North America,Retail
ORD-000401,CUST-0068,Michael Medina,PROD-STA-003,Sticky Notes,Stationery,7,5.94,2024-01-10,Asia Pacific,Distributor
ORD-000402,CUST-0024,Craig Lam,PROD-STA-006,Stapler,Stationery,4,12.09,2024-04-01,North America,Retail
ORD-000403,CUST-0031,Kyle Howell,PROD-STA-003,Sticky Notes,Stationery,5,7.34,2024-10-20,North America,Online
ORD-000404,CUST-0026,Debra Jones,PROD-STA-000,Notebook A5,Stationery,11,21.15,2024-08-30,Europe,Online
ORD-000405,CUST-0111,Lindsay Garner,PROD-FUR-005,Desk Lamp,Furniture,1,298.73,2024-08-15,North America,Online
ORD-000406,CUST-0099,Jill Richardson,PROD-ELE-005,Portable SSD,Electronics,3,216.41,2024-02-26,North America,Online
ORD-000407,CUST-0037,Andrew Adams,PROD-ELE-000,Wireless Mouse,Electronics,1,24.77,2024-01-19,North America,Online
ORD-000408,CUST-0030,Ashley Hernandez PhD,PROD-STA-001,Ballpoint Pen Pack,Stationery,4,10.67,2024-10-19,Europe,Distributor
ORD-000409,CUST-0100,Jesus Nguyen,PROD-ELE-006,Laptop Stand,Electronics,3,365.62,2024-05-14,North America,Retail
ORD-000410,CUST-0076,Tyler Lewis,PROD-ELE-004,Webcam 1080p,Electronics,2,243.04,2024-08-16,North America,Distributor
ORD-000411,CUST-0004,Evelyn Wall,PROD-ELE-007,HDMI Cable,Electronics,2,326.72,2024-07-07,North America,Retail
ORD-000412,CUST-0044,Susan Bates,PROD-STA-005,Whiteboard Marker,Stationery,5,10.69,2024-09-25,Asia Pacific,Online
ORD-000413,CUST-0052,Brian Fuentes,PROD-STA-001,Ballpoint Pen Pack,Stationery,3,17.38,2024-01-03,North America,Retail
ORD-000414,CUST-0000,Jordan Martin,PROD-FUR-002,Ergonomic Chair,Furniture,1,315.38,2024-04-04,North America,Online
ORD-000415,CUST-0119,Joseph Fox,PROD-ELE-004,Webcam 1080p,Electronics,1,477.17,2024-02-22,North America,Online
ORD-000416,CUST-0056,Mario Thompson,PROD-ELE-000,Wireless Mouse,Electronics,2,493.64,2024-09-17,Europe,Distributor
ORD-000417,CUST-0017,Jay Goodman,PROD-FUR-004,Filing Cabinet,Furniture,2,741.96,2024-12-13,Asia Pacific,Online
ORD-000418,CUST-0065,John Walker,PROD-ELE-004,Webcam 1080p,Electronics,1,407.99,2024-03-11,North America,Online
ORD-000419,CUST-0080,Monique Harris,PROD-STA-004,Document Folder,Stationery,10,14.3,2024-05-21,Europe,Online
ORD-000420,CUST-0020,Jonathan Robinson,PROD-ELE-005,Portable SSD,Electronics,1,286.63,2024-05-06,North America,Retail
ORD-000421,CUST-0109,Patricia Woods,PROD-STA-000,Notebook A5,Stationery,5,9.55,2024-04-16,Asia Pacific,Online
ORD-000422,CUST-0111,Lindsay Garner,PROD-ELE-005,Portable SSD,Electronics,1,310.03,2024-03-08,North America,Online
ORD-000423,CUST-0010,Grant Olson,PROD-ELE-005,Portable SSD,Electronics,2,480.13,2024-08-19,Asia Pacific,Online
ORD-000424,CUST-0024,Craig Lam,PROD-STA-007,Paper Clips Box,Stationery,4,17.83,2024-12-28,North America,Online
ORD-000425,CUST-0059,Nicole Martin,PROD-ELE-003,Bluetooth Headphones,Electronics,1,224.56,2024-01-26,North America,Online
ORD-000426,CUST-0086,Monica Allen,PROD-FUR-001,Monitor Arm,Furniture,1,185.78,2024-03-13,North America,Online
ORD-000427,CUST-0078,Michelle Roman,PROD-ELE-007,HDMI Cable,Electronics,1,228.89,2024-01-20,North America,Online
ORD-000428,CUST-0052,Brian Fuentes,PROD-ELE-004,Webcam 1080p,Electronics,4,54.13,2024-03-21,North America,Online
ORD-000429,CUST-0011,Sarah Thompson,PROD-ELE-005,Portable SSD,Electronics,1,102.47,2024-08-24,North America,Online
ORD-000430,CUST-0036,Roger Bennett,PROD-ELE-005,Portable SSD,Electronics,1,255.22,2024-07-16,Asia Pacific,Online
ORD-000431,CUST-0031,Kyle Howell,PROD-ELE-002,USB-C Hub,Electronics,1,465.94,2024-07-20,North America,Retail
ORD-000432,CUST-0097,Brooke Nolan,PROD-STA-000,Notebook A5,Stationery,4,22.71,2024-06-14,Europe,Online
ORD-000433,CUST-0079,Kevin Barnes,PROD-STA-005,Whiteboard Marker,Stationery,7,8.86,2024-10-27,Asia Pacific,Retail
ORD-000434,CUST-0061,Tammy Evans,PROD-ELE-006,Laptop Stand,Electronics,1,463.46,2024-10-02,Asia Pacific,Online
ORD-000435,CUST-0031,Kyle Howell,PROD-ELE-002,USB-C Hub,Electronics,3,280.38,2024-06-28,North America,Online
ORD-000436,CUST-0037,Andrew Adams,PROD-FUR-003,Bookshelf,Furniture,3,154.39,2024-12-14,Asia Pacific,Online
ORD-000437,CUST-0033,Vicki Howard,PROD-STA-005,Whiteboard Marker,Stationery,6,2.18,2024-10-25,North America,Retail
ORD-000438,CUST-0111,Lindsay Garner,PROD-STA-003,Sticky Notes,Stationery,8,5.69,2024-06-13,Europe,Online
ORD-000439,CUST-0022,Stephanie Wu,PROD-ELE-003,Bluetooth Headphones,Electronics,1,301.67,2024-02-24,Europe,Retail
ORD-000440,CUST-0070,Joshua Obrien,PROD-STA-004,Document Folder,Stationery,8,20.95,2024-08-29,Asia Pacific,Online
ORD-000441,CUST-0032,Elizabeth Santos,PROD-STA-002,Highlighter Set,Stationery,10,12.76,2024-07-24,Europe,Retail
ORD-000442,CUST-0006,Robert Schmitt,PROD-FUR-006,Office Desk,Furniture,1,45.68,2024-06-05,Europe,Retail
ORD-000443,CUST-0095,Kelly Beltran,PROD-STA-001,Ballpoint Pen Pack,Stationery,4,7.5,2024-01-22,Asia Pacific,Retail
ORD-000444,CUST-0118,Jeffrey English,PROD-STA-000,Notebook A5,Stationery,4,22.83,2024-04-01,North America,Online
ORD-000445,CUST-0062,Anthony Martinez,PROD-ELE-005,Portable SSD,Electronics,2,324.8,2024-01-12,North America,Online
ORD-000446,CUST-0076,Tyler Lewis,PROD-ELE-001,Mechanical Keyboard,Electronics,3,397.69,2024-06-17,North America,Online
ORD-000447,CUST-0078,Michelle Roman,PROD-STA-007,Paper Clips Box,Stationery,7,4.65,2024-03-02,Europe,Distributor
ORD-000448,CUST-0119,Joseph Fox,PROD-ELE-000,Wireless Mouse,Electronics,2,71.98,2024-07-21,North America,Retail
ORD-000449,CUST-0024,Craig Lam,PROD-FUR-005,Desk Lamp,Furniture,1,503.11,2024-01-11,North America,Online
ORD-000450,CUST-0064,John Mcbride II,PROD-STA-005,Whiteboard Marker,Stationery,5,5.86,2024-06-13,North America,Online
ORD-000451,CUST-0082,Joseph Newton,PROD-STA-002,Highlighter Set,Stationery,2,5.09,2024-10-28,North America,Distributor
ORD-000452,CUST-0115,Angela Hays,PROD-FUR-001,Monitor Arm,Furniture,1,781.67,2024-07-22,Europe,Online
ORD-000453,CUST-0008,Sarah Conrad,PROD-ELE-005,Portable SSD,Electronics,1,201.39,2024-10-22,Europe,Retail
ORD-000454,CUST-0117,Kelly Parker,PROD-STA-006,Stapler,Stationery,5,6.1,2024-10-30,Europe,Retail
ORD-000455,CUST-0022,Stephanie Wu,PROD-FUR-001,Monitor Arm,Furniture,2,53.47,2024-07-24,North America,Online
ORD-000456,CUST-0087,Deanna Sanchez,PROD-FUR-003,Bookshelf,Furniture,1,659.05,2024-11-20,North America,Distributor
ORD-000457,CUST-0097,Brooke Nolan,PROD-STA-003,Sticky Notes,Stationery,7,11.01,2024-12-09,Europe,Online
ORD-000458,CUST-0117,Kelly Parker,PROD-ELE-006,Laptop Stand,Electronics,1,449.85,2024-05-10,Europe,Online
ORD-000459,CUST-0119,Joseph Fox,PROD-ELE-004,Webcam 1080p,Electronics,1,46.66,2024-03-12,Asia Pacific,Online
ORD-000460,CUST-0024,Craig Lam,PROD-STA-000,Notebook A5,Stationery,7,4.45,2024-06-11,Asia Pacific,Online
ORD-000461,CUST-0075,Nathaniel Hall,PROD-STA-000,Notebook A5,Stationery,4,16.06,2024-06-11,North America,Distributor
ORD-000462,CUST-0070,Joshua Obrien,PROD-STA-007,Paper Clips Box,Stationery,4,2.88,2024-10-28,Asia Pacific,Online
ORD-000463,CUST-0012,David Young,PROD-STA-007,Paper Clips Box,Stationery,4,1.93,2024-12-15,Asia Pacific,Distributor
ORD-000464,CUST-0002,John Johnson,PROD-STA-000,Notebook A5,Stationery,9,16.91,2024-02-15,Asia Pacific,Online
ORD-000465,CUST-0114,Cynthia White,PROD-ELE-006,Laptop Stand,Electronics,1,374.72,2024-09-16,Asia Pacific,Retail
ORD-000466,CUST-0119,Joseph Fox,PROD-STA-001,Ballpoint Pen Pack,Stationery,4,8.17,2024-09-29,Europe,Distributor
ORD-000467,CUST-0070,Joshua Obrien,PROD-ELE-007,HDMI Cable,Electronics,1,365.94,2024-09-24,Europe,Online
ORD-000468,CUST-0093,Ashley Bradley,PROD-FUR-001,Monitor Arm,Furniture,1,393.13,2024-04-27,North America,Online
ORD-000469,CUST-0018,Janet Rogers,PROD-FUR-004,Filing Cabinet,Furniture,2,615.43,2024-04-06,Asia Pacific,Online
ORD-000470,CUST-0073,Aaron Garcia,PROD-STA-004,Document Folder,Stationery,5,7.92,2024-03-07,North America,Online
ORD-000471,CUST-0045,Sarah Mathews,PROD-ELE-003,Bluetooth Headphones,Electronics,1,195.07,2024-08-24,Europe,Distributor
ORD-000472,CUST-0112,Kayla Barnes,PROD-STA-000,Notebook A5,Stationery,2,13.5,2024-10-10,North America,Online
ORD-000473,CUST-0027,Matthew Mccann,PROD-ELE-001,Mechanical Keyboard,Electronics,2,81.98,2024-02-22,North America,Retail
ORD-000474,CUST-0096,Sherry Torres,PROD-ELE-001,Mechanical Keyboard,Electronics,2,416.94,2024-10-31,North America,Distributor
ORD-000475,CUST-0004,Evelyn Wall,PROD-ELE-003,Bluetooth Headphones,Electronics,3,237.16,2024-09-07,North America,Online
ORD-000476,CUST-0015,Shawn Knight,PROD-ELE-003,Bluetooth Headphones,Electronics,4,87.25,2024-11-04,Europe,Online
ORD-000477,CUST-0050,Paul Wilkerson,PROD-STA-005,Whiteboard Marker,Stationery,5,16.98,2024-12-31,North America,Retail
ORD-000478,CUST-0002,John Johnson,PROD-ELE-007,HDMI Cable,Electronics,1,255.39,2024-08-25,Asia Pacific,Online
ORD-000479,CUST-0099,Jill Richardson,PROD-STA-005,Whiteboard Marker,Stationery,8,8.28,2024-10-07,Europe,Online
ORD-000480,CUST-0089,James Rhodes,PROD-STA-004,Document Folder,Stationery,6,12.19,2024-02-09,Asia Pacific,Distributor
ORD-000481,CUST-0047,Brianna Hoffman,PROD-STA-003,Sticky Notes,Stationery,7,4.19,2024-03-24,North America,Online
ORD-000482,CUST-0117,Kelly Parker,PROD-ELE-002,USB-C Hub,Electronics,1,215.69,2024-03-30,North America,Retail
ORD-000483,CUST-0066,Elizabeth White,PROD-STA-000,Notebook A5,Stationery,8,3.62,2024-01-08,Asia Pacific,Retail
ORD-000484,CUST-0110,Kelsey Perez,PROD-FUR-005,Desk Lamp,Furniture,1,792.04,2024-01-18,North America,Online
ORD-000485,CUST-0117,Kelly Parker,PROD-ELE-005,Portable SSD,Electronics,1,152.62,2024-03-21,North America,Online
ORD-000486,CUST-0041,John Johnson,PROD-STA-000,Notebook A5,Stationery,6,7.94,2024-04-01,North America,Retail
ORD-000487,CUST-0090,Angela Parker,PROD-FUR-007,Side Table,Furniture,1,456.4,2024-12-03,North America,Retail
ORD-000488,CUST-0084,Tracy Nelson,PROD-ELE-004,Webcam 1080p,Electronics,1,413.37,2024-05-13,Asia Pacific,Online
ORD-000489,CUST-0081,Christopher Nash,PROD-ELE-005,Portable SSD,Electronics,5,457.68,2024-01-27,North America,Online
ORD-000490,CUST-0116,Crystal Shelton,PROD-FUR-005,Desk Lamp,Furniture,1,192.73,2024-09-24,North America,Online
ORD-000491,CUST-0039,Pamela Rush,PROD-FUR-007,Side Table,Furniture,1,740.72,2024-08-23,North America,Online
ORD-000492,CUST-0112,Kayla Barnes,PROD-STA-007,Paper Clips Box,Stationery,6,9.09,2024-11-09,Europe,Online
ORD-000493,CUST-0053,Mark Rivera,PROD-ELE-004,Webcam 1080p,Electronics,1,470.23,2024-10-02,North America,Online
ORD-000494,CUST-0033,Vicki Howard,PROD-FUR-005,Desk Lamp,Furniture,1,234.07,2024-11-06,North America,Retail
ORD-000495,CUST-0032,Elizabeth Santos,PROD-ELE-004,Webcam 1080p,Electronics,1,180.08,2024-01-25,North America,Online
ORD-000496,CUST-0014,Michael Klein,PROD-ELE-005,Portable SSD,Electronics,1,147.38,2024-01-01,North America,Online
ORD-000497,CUST-0037,Andrew Adams,PROD-FUR-006,Office Desk,Furniture,3,125.83,2024-08-30,Asia Pacific,Online
ORD-000498,CUST-0119,Joseph Fox,PROD-FUR-003,Bookshelf,Furniture,1,558.32,2024-07-29,Asia Pacific,Online
ORD-000499,CUST-0069,Amy Lewis,PROD-FUR-003,Bookshelf,Furniture,2,703.67,2024-09-10,North America,Online
ORD-000500,CUST-0102,Jason Hart,PROD-ELE-002,USB-C Hub,Electronics,1,69.01,2024-04-12,North America,Online
ORD-000501,CUST-0113,Nicole Johnston,PROD-ELE-005,Portable SSD,Electronics,1,383.63,2024-05-04,North America,Retail
ORD-000502,CUST-0033,Vicki Howard,PROD-FUR-005,Desk Lamp,Furniture,2,218.31,2024-06-14,North America,Online
ORD-000503,CUST-0080,Monique Harris,PROD-STA-003,Sticky Notes,Stationery,8,8.48,2024-10-24,Asia Pacific,Online
ORD-000504,CUST-0056,Mario Thompson,PROD-ELE-000,Wireless Mouse,Electronics,1,452.07,2024-10-17,North America,Online
ORD-000505,CUST-0070,Joshua Obrien,PROD-STA-003,Sticky Notes,Stationery,6,9.41,2024-09-16,North America,Online
ORD-000506,CUST-0019,Mr. Bryan Bailey,PROD-ELE-006,Laptop Stand,Electronics,2,456.01,2024-04-25,Europe,Online
ORD-000507,CUST-0015,Shawn Knight,PROD-STA-002,Highlighter Set,Stationery,5,2.36,2024-07-11,Europe,Online
ORD-000508,CUST-0110,Kelsey Perez,PROD-STA-003,Sticky Notes,Stationery,7,23.4,2024-03-12,Asia Pacific,Online
ORD-000509,CUST-0060,Mark Black,PROD-STA-006,Stapler,Stationery,7,1.6,2024-01-07,Europe,Distributor
ORD-000510,CUST-0056,Mario Thompson,PROD-ELE-003,Bluetooth Headphones,Electronics,1,164.68,2024-01-30,North America,Online
ORD-000511,CUST-0116,Crystal Shelton,PROD-FUR-003,Bookshelf,Furniture,1,607.19,2024-05-08,Asia Pacific,Online
ORD-000512,CUST-0090,Angela Parker,PROD-STA-001,Ballpoint Pen Pack,Stationery,7,6.41,2024-04-10,North America,Online
ORD-000513,CUST-0087,Deanna Sanchez,PROD-ELE-007,HDMI Cable,Electronics,2,295.82,2024-03-06,North America,Retail
ORD-000514,CUST-0079,Kevin Barnes,PROD-STA-004,Document Folder,Stationery,2,14.2,2024-06-05,Europe,Distributor
ORD-000515,CUST-0079,Kevin Barnes,PROD-STA-003,Sticky Notes,Stationery,8,17.53,2024-08-10,Europe,Online
ORD-000516,CUST-0048,Russell Williams,PROD-ELE-005,Portable SSD,Electronics,1,90.66,2024-01-04,Asia Pacific,Online
ORD-000517,CUST-0051,Paula Rodriguez,PROD-FUR-005,Desk Lamp,Furniture,1,136.18,2024-02-13,North America,Online
ORD-000518,CUST-0044,Susan Bates,PROD-ELE-005,Portable SSD,Electronics,1,57.07,2024-09-24,Europe,Online
ORD-000519,CUST-0002,John Johnson,PROD-FUR-004,Filing Cabinet,Furniture,1,419.16,2024-02-15,North America,Retail
ORD-000520,CUST-0109,Patricia Woods,PROD-ELE-007,HDMI Cable,Electronics,1,229.63,2024-02-12,Europe,Retail
ORD-000521,CUST-0083,Shaun Roth,PROD-STA-004,Document Folder,Stationery,7,15.53,2024-10-05,North America,Online
ORD-000522,CUST-0099,Jill Richardson,PROD-ELE-004,Webcam 1080p,Electronics,3,151.05,2024-02-09,Asia Pacific,Retail
ORD-000523,CUST-0057,Sarah Delgado,PROD-ELE-001,Mechanical Keyboard,Electronics,1,446.06,2024-09-18,North America,Retail
ORD-000524,CUST-0106,Daniel Jackson,PROD-ELE-006,Laptop Stand,Electronics,3,346.01,2024-11-17,North America,Online
ORD-000525,CUST-0046,Glenn Adkins,PROD-ELE-000,Wireless Mouse,Electronics,3,338.94,2024-08-02,North America,Online
ORD-000526,CUST-0087,Deanna Sanchez,PROD-ELE-007,HDMI Cable,Electronics,2,119.81,2024-04-10,North America,Online
ORD-000527,CUST-0090,Angela Parker,PROD-ELE-004,Webcam 1080p,Electronics,2,321.05,2024-08-24,Europe,Online
ORD-000528,CUST-0063,Jeffrey Stephens,PROD-ELE-001,Mechanical Keyboard,Electronics,1,303.68,2024-03-09,Europe,Retail
ORD-000529,CUST-0071,Traci Martin,PROD-FUR-000,Standing Desk Mat,Furniture,3,601.2,2024-08-14,Europe,Retail
ORD-000530,CUST-0051,Paula Rodriguez,PROD-FUR-001,Monitor Arm,Furniture,1,307.9,2024-11-10,North America,Online
ORD-000531,CUST-0058,Patricia Francis,PROD-STA-000,Notebook A5,Stationery,2,10.21,2024-01-08,North America,Online
ORD-000532,CUST-0097,Brooke Nolan,PROD-ELE-002,USB-C Hub,Electronics,2,214.81,2024-01-26,Europe,Retail
ORD-000533,CUST-0109,Patricia Woods,PROD-ELE-002,USB-C Hub,Electronics,2,92.9,2024-03-30,North America,Retail
ORD-000534,CUST-0024,Craig Lam,PROD-ELE-002,USB-C Hub,Electronics,1,18.34,2024-12-02,Europe,Online
ORD-000535,CUST-0071,Traci Martin,PROD-FUR-005,Desk Lamp,Furniture,1,159.66,2024-12-17,Europe,Online
ORD-000536,CUST-0062,Anthony Martinez,PROD-ELE-003,Bluetooth Headphones,Electronics,1,36.27,2024-08-30,Europe,Online
ORD-000537,CUST-0084,Tracy Nelson,PROD-ELE-006,Laptop Stand,Electronics,1,272.91,2024-01-29,Europe,Retail
ORD-000538,CUST-0102,Jason Hart,PROD-STA-001,Ballpoint Pen Pack,Stationery,11,2.1,2024-07-04,North America,Online
ORD-000539,CUST-0062,Anthony Martinez,PROD-ELE-006,Laptop Stand,Electronics,1,449.43,2024-10-07,Asia Pacific,Online
ORD-000540,CUST-0026,Debra Jones,PROD-FUR-001,Monitor Arm,Furniture,1,219.25,2024-02-25,Europe,Online
ORD-000541,CUST-0019,Mr. Bryan Bailey,PROD-FUR-007,Side Table,Furniture,1,354.7,2024-06-27,North America,Retail
ORD-000542,CUST-0006,Robert Schmitt,PROD-ELE-004,Webcam 1080p,Electronics,2,96.78,2024-07-20,Asia Pacific,Online
ORD-000543,CUST-0110,Kelsey Perez,PROD-ELE-001,Mechanical Keyboard,Electronics,2,148.98,2024-03-29,North America,Online
ORD-000544,CUST-0113,Nicole Johnston,PROD-ELE-004,Webcam 1080p,Electronics,2,87.51,2024-07-04,North America,Online
ORD-000545,CUST-0069,Amy Lewis,PROD-ELE-003,Bluetooth Headphones,Electronics,1,467.54,2024-01-30,Europe,Online
ORD-000546,CUST-0099,Jill Richardson,PROD-STA-003,Sticky Notes,Stationery,11,2.04,2024-04-16,North America,Distributor
ORD-000547,CUST-0019,Mr. Bryan Bailey,PROD-STA-006,Stapler,Stationery,7,23.27,2024-03-06,Asia Pacific,Online
ORD-000548,CUST-0083,Shaun Roth,PROD-STA-004,Document Folder,Stationery,4,11.83,2024-08-15,North America,Online
ORD-000549,CUST-0035,Emily Moody,PROD-ELE-001,Mechanical Keyboard,Electronics,1,121.46,2024-05-01,Asia Pacific,Distributor
ORD-000550,CUST-0028,Travis Davis,PROD-FUR-003,Bookshelf,Furniture,1,678.93,2024-01-15,Europe,Online
ORD-000551,CUST-0111,Lindsay Garner,PROD-STA-005,Whiteboard Marker,Stationery,7,12.64,2024-08-26,Europe,Online
ORD-000552,CUST-0063,Jeffrey Stephens,PROD-ELE-001,Mechanical Keyboard,Electronics,1,495.73,2024-08-03,North America,Online
ORD-000553,CUST-0077,Jay Brown,PROD-FUR-004,Filing Cabinet,Furniture,1,604.64,2024-04-01,North America,Online
ORD-000554,CUST-0084,Tracy Nelson,PROD-ELE-000,Wireless Mouse,Electronics,1,99.58,2024-11-02,Europe,Retail
ORD-000555,CUST-0060,Mark Black,PROD-ELE-000,Wireless Mouse,Electronics,2,16.56,2024-03-30,North America,Online
ORD-000556,CUST-0087,Deanna Sanchez,PROD-ELE-005,Portable SSD,Electronics,4,342.34,2024-07-13,Asia Pacific,Online
ORD-000557,CUST-0041,John Johnson,PROD-FUR-002,Ergonomic Chair,Furniture,2,162.56,2024-11-01,Asia Pacific,Online
ORD-000558,CUST-0118,Jeffrey English,PROD-ELE-001,Mechanical Keyboard,Electronics,1,50.49,2024-01-20,North America,Online
ORD-000559,CUST-0109,Patricia Woods,PROD-ELE-006,Laptop Stand,Electronics,1,196.93,2024-08-10,North America,Distributor
ORD-000560,CUST-0041,John Johnson,PROD-ELE-000,Wireless Mouse,Electronics,1,64.92,2024-07-24,North America,Online
ORD-000561,CUST-0000,Jordan Martin,PROD-ELE-000,Wireless Mouse,Electronics,1,129.41,2024-12-22,North America,Online
ORD-000562,CUST-0091,Kimberly Conway,PROD-FUR-006,Office Desk,Furniture,1,112.92,2024-09-17,North America,Online
ORD-000563,CUST-0035,Emily Moody,PROD-ELE-007,HDMI Cable,Electronics,1,238.47,2024-11-11,Europe,Online
ORD-000564,CUST-0083,Shaun Roth,PROD-STA-005,Whiteboard Marker,Stationery,6,11.44,2024-10-27,North America,Online
ORD-000565,CUST-0070,Joshua Obrien,PROD-ELE-002,USB-C Hub,Electronics,1,444.55,2024-11-01,North America,Retail
ORD-000566,CUST-0015,Shawn Knight,PROD-ELE-002,USB-C Hub,Electronics,5,381.89,2024-12-01,North America,Retail
ORD-000567,CUST-0087,Deanna Sanchez,PROD-STA-004,Document Folder,Stationery,5,19.95,2024-08-10,Europe,Online
ORD-000568,CUST-0076,Tyler Lewis,PROD-ELE-004,Webcam 1080p,Electronics,5,142.21,2024-06-13,Europe,Online
ORD-000569,CUST-0087,Deanna Sanchez,PROD-ELE-006,Laptop Stand,Electronics,1,321.63,2024-01-14,Europe,Retail
ORD-000570,CUST-0045,Sarah Mathews,PROD-ELE-007,HDMI Cable,Electronics,1,324.53,2024-06-04,North America,Online
ORD-000571,CUST-0110,Kelsey Perez,PROD-ELE-000,Wireless Mouse,Electronics,1,56.94,2024-10-17,North America,Online
ORD-000572,CUST-0063,Jeffrey Stephens,PROD-FUR-005,Desk Lamp,Furniture,2,294.73,2024-02-23,North America,Online
ORD-000573,CUST-0019,Mr. Bryan Bailey,PROD-STA-003,Sticky Notes,Stationery,7,21.92,2024-09-16,Europe,Online
ORD-000574,CUST-0090,Angela Parker,PROD-ELE-004,Webcam 1080p,Electronics,1,457.91,2024-10-01,North America,Retail
ORD-000575,CUST-0108,Danielle Johnson,PROD-STA-006,Stapler,Stationery,7,22.65,2024-06-25,Europe,Retail
ORD-000576,CUST-0005,Matthew Rodriguez,PROD-FUR-007,Side Table,Furniture,1,797.71,2024-10-30,North America,Retail
ORD-000577,CUST-0081,Christopher Nash,PROD-ELE-004,Webcam 1080p,Electronics,1,119.95,2024-08-02,Europe,Retail
ORD-000578,CUST-0114,Cynthia White,PROD-ELE-006,Laptop Stand,Electronics,1,56.71,2024-03-10,Europe,Retail
ORD-000579,CUST-0067,Amber Grant,PROD-ELE-001,Mechanical Keyboard,Electronics,2,225.36,2024-08-13,North America,Distributor
ORD-000580,CUST-0011,Sarah Thompson,PROD-ELE-003,Bluetooth Headphones,Electronics,1,201.34,2024-01-15,North America,Retail
ORD-000581,CUST-0042,Tyler Oneill,PROD-ELE-004,Webcam 1080p,Electronics,1,124.86,2024-07-02,Europe,Retail
ORD-000582,CUST-0071,Traci Martin,PROD-ELE-006,Laptop Stand,Electronics,2,480.57,2024-03-10,Europe,Online
ORD-000583,CUST-0058,Patricia Francis,PROD-ELE-007,HDMI Cable,Electronics,1,467.25,2024-02-18,North America,Online
ORD-000584,CUST-0017,Jay Goodman,PROD-FUR-005,Desk Lamp,Furniture,1,536.68,2024-08-07,Asia Pacific,Distributor
ORD-000585,CUST-0099,Jill Richardson,PROD-ELE-004,Webcam 1080p,Electronics,1,90.44,2024-01-28,Europe,Online
ORD-000586,CUST-0033,Vicki Howard,PROD-FUR-001,Monitor Arm,Furniture,1,666.52,2024-12-17,Asia Pacific,Retail
ORD-000587,CUST-0000,Jordan Martin,PROD-ELE-000,Wireless Mouse,Electronics,2,466.85,2024-08-13,Europe,Online
ORD-000588,CUST-0016,Susan Dawson,PROD-ELE-004,Webcam 1080p,Electronics,1,66.52,2024-01-24,Europe,Online
ORD-000589,CUST-0095,Kelly Beltran,PROD-STA-001,Ballpoint Pen Pack,Stationery,4,23.7,2024-10-14,North America,Retail
ORD-000590,CUST-0011,Sarah Thompson,PROD-STA-001,Ballpoint Pen Pack,Stationery,3,9.73,2024-06-14,North America,Online
ORD-000591,CUST-0105,Amanda Bryan,PROD-ELE-006,Laptop Stand,Electronics,1,214.87,2024-08-18,Asia Pacific,Distributor
ORD-000592,CUST-0100,Jesus Nguyen,PROD-ELE-005,Portable SSD,Electronics,3,26.41,2024-04-28,Europe,Online
ORD-000593,CUST-0013,Cameron Wise,PROD-ELE-004,Webcam 1080p,Electronics,2,96.72,2024-06-23,North America,Online
ORD-000594,CUST-0079,Kevin Barnes,PROD-STA-003,Sticky Notes,Stationery,5,4.92,2024-07-15,Europe,Online
ORD-000595,CUST-0051,Paula Rodriguez,PROD-STA-001,Ballpoint Pen Pack,Stationery,8,13.69,2024-11-02,North America,Online
ORD-000596,CUST-0026,Debra Jones,PROD-FUR-002,Ergonomic Chair,Furniture,1,770.6,2024-08-10,Europe,Online
ORD-000597,CUST-0066,Elizabeth White,PROD-STA-000,Notebook A5,Stationery,6,9.73,2024-08-13,Europe,Online
ORD-000598,CUST-0067,Amber Grant,PROD-STA-001,Ballpoint Pen Pack,Stationery,5,23.42,2024-05-01,Asia Pacific,Online
ORD-000599,CUST-0023,Jennifer Brock,PROD-ELE-005,Portable SSD,Electronics,1,24.09,2024-09-07,Europe,Online
ORD-000600,CUST-0012,David Young,PROD-FUR-004,Filing Cabinet,Furniture,3,279.74,2024-12-25,North America,Online
ORD-000601,CUST-0068,Michael Medina,PROD-STA-001,Ballpoint Pen Pack,Stationery,6,14.89,2024-03-29,Europe,Distributor
ORD-000602,CUST-0060,Mark Black,PROD-FUR-005,Desk Lamp,Furniture,1,720.91,2024-06-22,North America,Online
ORD-000603,CUST-0006,Robert Schmitt,PROD-FUR-000,Standing Desk Mat,Furniture,1,575.96,2024-08-09,Europe,Online
ORD-000604,CUST-0052,Brian Fuentes,PROD-STA-000,Notebook A5,Stationery,5,8.83,2024-08-17,North America,Retail
ORD-000605,CUST-0072,Sarah Hughes,PROD-STA-007,Paper Clips Box,Stationery,5,11.39,2024-02-25,Europe,Online
ORD-000606,CUST-0012,David Young,PROD-ELE-000,Wireless Mouse,Electronics,1,287.91,2024-09-17,Europe,Online
ORD-000607,CUST-0045,Sarah Mathews,PROD-ELE-000,Wireless Mouse,Electronics,1,296.5,2024-10-28,Europe,Retail
ORD-000608,CUST-0015,Shawn Knight,PROD-ELE-000,Wireless Mouse,Electronics,2,113.42,2024-06-11,North America,Retail
ORD-000609,CUST-0089,James Rhodes,PROD-FUR-006,Office Desk,Furniture,1,436.84,2024-02-16,Europe,Online
ORD-000610,CUST-0071,Traci Martin,PROD-ELE-001,Mechanical Keyboard,Electronics,4,281.33,2024-11-22,Europe,Online
ORD-000611,CUST-0069,Amy Lewis,PROD-STA-007,Paper Clips Box,Stationery,7,3.14,2024-08-23,Asia Pacific,Online
ORD-000612,CUST-0010,Grant Olson,PROD-STA-001,Ballpoint Pen Pack,Stationery,7,20.86,2024-02-08,Asia Pacific,Online
ORD-000613,CUST-0064,John Mcbride II,PROD-ELE-005,Portable SSD,Electronics,3,313.8,2024-07-17,North America,Retail
ORD-000614,CUST-0076,Tyler Lewis,PROD-STA-006,Stapler,Stationery,4,19.44,2024-02-08,Asia Pacific,Retail
ORD-000615,CUST-0096,Sherry Torres,PROD-ELE-007,HDMI Cable,Electronics,2,454.56,2024-04-23,North America,Retail
ORD-000616,CUST-0091,Kimberly Conway,PROD-ELE-002,USB-C Hub,Electronics,1,476.86,2024-11-23,Asia Pacific,Retail
ORD-000617,CUST-0045,Sarah Mathews,PROD-STA-001,Ballpoint Pen Pack,Stationery,9,2.36,2024-10-04,Europe,Distributor
ORD-000618,CUST-0038,Raymond Johnson,PROD-STA-003,Sticky Notes,Stationery,3,3.38,2024-08-11,Europe,Online
ORD-000619,CUST-0056,Mario Thompson,PROD-FUR-006,Office Desk,Furniture,1,504.56,2024-08-23,Europe,Distributor
ORD-000620,CUST-0101,Walter Stone,PROD-STA-002,Highlighter Set,Stationery,4,18.51,2024-03-29,Asia Pacific,Retail
ORD-000621,CUST-0055,Keith Brown,PROD-ELE-001,Mechanical Keyboard,Electronics,2,441.42,2024-12-21,Asia Pacific,Distributor
ORD-000622,CUST-0013,Cameron Wise,PROD-FUR-006,Office Desk,Furniture,1,117.92,2024-09-09,North America,Retail
ORD-000623,CUST-0108,Danielle Johnson,PROD-STA-004,Document Folder,Stationery,10,19.24,2024-10-25,Europe,Online
ORD-000624,CUST-0058,Patricia Francis,PROD-ELE-004,Webcam 1080p,Electronics,2,185.11,2024-07-10,Europe,Retail
ORD-000625,CUST-0086,Monica Allen,PROD-ELE-003,Bluetooth Headphones,Electronics,1,192.62,2024-06-30,Europe,Retail
ORD-000626,CUST-0062,Anthony Martinez,PROD-STA-001,Ballpoint Pen Pack,Stationery,5,22.04,2024-10-16,North America,Online
ORD-000627,CUST-0045,Sarah Mathews,PROD-STA-002,Highlighter Set,Stationery,7,19.96,2024-09-06,North America,Online
ORD-000628,CUST-0051,Paula Rodriguez,PROD-FUR-007,Side Table,Furniture,2,456.93,2024-01-16,North America,Online
ORD-000629,CUST-0077,Jay Brown,PROD-ELE-002,USB-C Hub,Electronics,2,415.74,2024-06-20,Europe,Online
ORD-000630,CUST-0066,Elizabeth White,PROD-ELE-005,Portable SSD,Electronics,1,90.16,2024-04-15,North America,Retail
ORD-000631,CUST-0021,Nathan Tucker,PROD-ELE-003,Bluetooth Headphones,Electronics,1,166.11,2024-03-19,North America,Retail
ORD-000632,CUST-0045,Sarah Mathews,PROD-STA-001,Ballpoint Pen Pack,Stationery,5,13.67,2024-01-16,Asia Pacific,Online
ORD-000633,CUST-0013,Cameron Wise,PROD-FUR-002,Ergonomic Chair,Furniture,2,671.6,2024-07-16,North America,Retail
ORD-000634,CUST-0032,Elizabeth Santos,PROD-ELE-000,Wireless Mouse,Electronics,2,79.84,2024-11-18,Europe,Online
ORD-000635,CUST-0032,Elizabeth Santos,PROD-FUR-004,Filing Cabinet,Furniture,1,487.83,2024-08-24,North America,Online
ORD-000636,CUST-0063,Jeffrey Stephens,PROD-STA-006,Stapler,Stationery,2,14.7,2024-06-19,Asia Pacific,Online
ORD-000637,CUST-0105,Amanda Bryan,PROD-ELE-005,Portable SSD,Electronics,1,496.34,2024-08-22,Asia Pacific,Retail
ORD-000638,CUST-0027,Matthew Mccann,PROD-ELE-001,Mechanical Keyboard,Electronics,1,332.97,2024-07-21,North America,Online
ORD-000639,CUST-0017,Jay Goodman,PROD-FUR-006,Office Desk,Furniture,1,233.43,2024-03-02,Europe,Online
ORD-000640,CUST-0109,Patricia Woods,PROD-STA-000,Notebook A5,Stationery,5,3.27,2024-05-07,North America,Retail
ORD-000641,CUST-0018,Janet Rogers,PROD-STA-000,Notebook A5,Stationery,8,2.6,2024-09-26,North America,Online
ORD-000642,CUST-0081,Christopher Nash,PROD-FUR-004,Filing Cabinet,Furniture,1,542.75,2024-10-03,Asia Pacific,Online
ORD-000643,CUST-0040,Kenneth Mcclain,PROD-STA-004,Document Folder,Stationery,5,4.04,2024-06-25,Europe,Retail
ORD-000644,CUST-0010,Grant Olson,PROD-FUR-005,Desk Lamp,Furniture,3,121.52,2024-05-17,Asia Pacific,Online
ORD-000645,CUST-0059,Nicole Martin,PROD-STA-001,Ballpoint Pen Pack,Stationery,6,16.21,2024-07-16,North America,Online
ORD-000646,CUST-0061,Tammy Evans,PROD-ELE-000,Wireless Mouse,Electronics,3,441.02,2024-09-29,North America,Retail
ORD-000647,CUST-0014,Michael Klein,PROD-FUR-005,Desk Lamp,Furniture,1,313.84,2024-01-18,Asia Pacific,Online
ORD-000648,CUST-0044,Susan Bates,PROD-ELE-003,Bluetooth Headphones,Electronics,2,221.55,2024-11-16,North America,Distributor
ORD-000649,CUST-0119,Joseph Fox,PROD-ELE-006,Laptop Stand,Electronics,2,61.6,2024-04-26,North America,Retail
ORD-000650,CUST-0006,Robert Schmitt,PROD-STA-002,Highlighter Set,Stationery,2,4.65,2024-11-06,North America,Online
ORD-000651,CUST-0076,Tyler Lewis,PROD-STA-005,Whiteboard Marker,Stationery,6,8.29,2024-08-04,Asia Pacific,Retail
ORD-000652,CUST-0003,Dominique Smith,PROD-FUR-001,Monitor Arm,Furniture,2,305.45,2024-03-07,North America,Online
ORD-000653,CUST-0003,Dominique Smith,PROD-ELE-001,Mechanical Keyboard,Electronics,1,61.44,2024-09-08,Asia Pacific,Online
ORD-000654,CUST-0004,Evelyn Wall,PROD-ELE-006,Laptop Stand,Electronics,1,71.49,2024-09-23,North America,Online
ORD-000655,CUST-0044,Susan Bates,PROD-STA-005,Whiteboard Marker,Stationery,4,6.15,2024-07-19,Europe,Distributor
ORD-000656,CUST-0028,Travis Davis,PROD-FUR-006,Office Desk,Furniture,1,313.14,2024-12-24,North America,Distributor
ORD-000657,CUST-0031,Kyle Howell,PROD-STA-003,Sticky Notes,Stationery,6,2.81,2024-07-02,North America,Online
ORD-000658,CUST-0029,Charles Moran DDS,PROD-STA-002,Highlighter Set,Stationery,1,14.07,2024-04-26,North America,Online
ORD-000659,CUST-0087,Deanna Sanchez,PROD-ELE-002,USB-C Hub,Electronics,1,134.75,2024-04-10,North America,Retail
ORD-000660,CUST-0082,Joseph Newton,PROD-ELE-007,HDMI Cable,Electronics,1,61.5,2024-03-10,North America,Online
ORD-000661,CUST-0092,Mr. John Jones,PROD-STA-003,Sticky Notes,Stationery,8,12.11,2024-07-06,Europe,Retail
ORD-000662,CUST-0000,Jordan Martin,PROD-ELE-000,Wireless Mouse,Electronics,1,447.41,2024-07-24,Asia Pacific,Retail
ORD-000663,CUST-0041,John Johnson,PROD-STA-007,Paper Clips Box,Stationery,9,11.62,2024-01-09,Europe,Online
ORD-000664,CUST-0082,Joseph Newton,PROD-STA-000,Notebook A5,Stationery,7,12.92,2024-03-13,Asia Pacific,Retail
ORD-000665,CUST-0017,Jay Goodman,PROD-ELE-004,Webcam 1080p,Electronics,3,286.01,2024-06-29,North America,Retail
ORD-000666,CUST-0009,Lauren White,PROD-ELE-001,Mechanical Keyboard,Electronics,1,425.33,2024-04-16,Europe,Online
ORD-000667,CUST-0071,Traci Martin,PROD-ELE-005,Portable SSD,Electronics,1,273.69,2024-05-06,Europe,Online
ORD-000668,CUST-0109,Patricia Woods,PROD-ELE-005,Portable SSD,Electronics,1,262.23,2024-03-20,North America,Online
ORD-000669,CUST-0054,Jessica Ramsey,PROD-ELE-001,Mechanical Keyboard,Electronics,2,411.97,2024-10-27,North America,Online
ORD-000670,CUST-0099,Jill Richardson,PROD-ELE-001,Mechanical Keyboard,Electronics,3,33.04,2024-09-01,North America,Online
ORD-000671,CUST-0112,Kayla Barnes,PROD-STA-002,Highlighter Set,Stationery,10,12.83,2024-09-18,North America,Online
ORD-000672,CUST-0054,Jessica Ramsey,PROD-FUR-001,Monitor Arm,Furniture,2,646.83,2024-09-14,North America,Online
ORD-000673,CUST-0026,Debra Jones,PROD-ELE-000,Wireless Mouse,Electronics,1,32.16,2024-05-24,North America,Online
ORD-000674,CUST-0050,Paul Wilkerson,PROD-ELE-005,Portable SSD,Electronics,2,57.02,2024-01-22,Europe,Retail
ORD-000675,CUST-0116,Crystal Shelton,PROD-FUR-001,Monitor Arm,Furniture,1,584.16,2024-11-25,Europe,Online
ORD-000676,CUST-0013,Cameron Wise,PROD-FUR-007,Side Table,Furniture,2,773.16,2024-10-18,Asia Pacific,Online
ORD-000677,CUST-0019,Mr. Bryan Bailey,PROD-ELE-004,Webcam 1080p,Electronics,1,351.15,2024-06-12,North America,Online
ORD-000678,CUST-0038,Raymond Johnson,PROD-ELE-006,Laptop Stand,Electronics,1,350.55,2024-11-05,Europe,Online
ORD-000679,CUST-0058,Patricia Francis,PROD-STA-007,Paper Clips Box,Stationery,6,21.39,2024-09-30,Europe,Retail
ORD-000680,CUST-0009,Lauren White,PROD-ELE-004,Webcam 1080p,Electronics,2,198.84,2024-12-16,North America,Online
ORD-000681,CUST-0085,Megan Singh,PROD-ELE-004,Webcam 1080p,Electronics,4,324.39,2024-12-19,North America,Online
ORD-000682,CUST-0109,Patricia Woods,PROD-STA-007,Paper Clips Box,Stationery,9,16.53,2024-10-09,North America,Retail
ORD-000683,CUST-0043,James Garner,PROD-STA-007,Paper Clips Box,Stationery,5,24.37,2024-04-27,North America,Retail
ORD-000684,CUST-0080,Monique Harris,PROD-ELE-005,Portable SSD,Electronics,1,357.28,2024-11-16,North America,Online
ORD-000685,CUST-0020,Jonathan Robinson,PROD-FUR-004,Filing Cabinet,Furniture,1,128.85,2024-12-02,Europe,Retail
ORD-000686,CUST-0118,Jeffrey English,PROD-ELE-007,HDMI Cable,Electronics,1,306.54,2024-04-26,North America,Retail
ORD-000687,CUST-0066,Elizabeth White,PROD-STA-000,Notebook A5,Stationery,3,13.83,2024-02-25,Europe,Online
ORD-000688,CUST-0054,Jessica Ramsey,PROD-STA-001,Ballpoint Pen Pack,Stationery,3,23.75,2024-08-25,Asia Pacific,Online
ORD-000689,CUST-0024,Craig Lam,PROD-STA-002,Highlighter Set,Stationery,7,4.19,2024-03-25,North America,Online
ORD-000690,CUST-0071,Traci Martin,PROD-ELE-003,Bluetooth Headphones,Electronics,1,459.58,2024-06-10,North America,Online
ORD-000691,CUST-0037,Andrew Adams,PROD-STA-006,Stapler,Stationery,9,17.57,2024-05-13,North America,Online
ORD-000692,CUST-0052,Brian Fuentes,PROD-ELE-006,Laptop Stand,Electronics,3,262.56,2024-04-10,North America,Online
ORD-000693,CUST-0085,Megan Singh,PROD-STA-002,Highlighter Set,Stationery,11,2.57,2024-11-27,North America,Retail
ORD-000694,CUST-0083,Shaun Roth,PROD-ELE-006,Laptop Stand,Electronics,5,334.64,2024-10-04,North America,Online
ORD-000695,CUST-0079,Kevin Barnes,PROD-ELE-005,Portable SSD,Electronics,1,426.22,2024-02-02,Asia Pacific,Online
ORD-000696,CUST-0028,Travis Davis,PROD-ELE-000,Wireless Mouse,Electronics,2,440.57,2024-08-02,North America,Online
ORD-000697,CUST-0005,Matthew Rodriguez,PROD-STA-002,Highlighter Set,Stationery,6,12.53,2024-08-21,North America,Distributor
ORD-000698,CUST-0007,Alan Martin,PROD-STA-005,Whiteboard Marker,Stationery,3,24.99,2024-12-20,North America,Online
ORD-000699,CUST-0010,Grant Olson,PROD-ELE-001,Mechanical Keyboard,Electronics,2,39.57,2024-07-02,North America,Online
ORD-000700,CUST-0004,Evelyn Wall,PROD-ELE-003,Bluetooth Headphones,Electronics,2,462.65,2024-07-04,North America,Online
ORD-000701,CUST-0004,Evelyn Wall,PROD-STA-007,Paper Clips Box,Stationery,6,5.26,2024-02-20,North America,Retail
ORD-000702,CUST-0079,Kevin Barnes,PROD-FUR-003,Bookshelf,Furniture,1,120.96,2024-03-25,North America,Retail
ORD-000703,CUST-0069,Amy Lewis,PROD-FUR-005,Desk Lamp,Furniture,2,568.47,2024-01-12,North America,Retail
ORD-000704,CUST-0027,Matthew Mccann,PROD-STA-004,Document Folder,Stationery,10,24.22,2024-08-16,Europe,Online
ORD-000705,CUST-0083,Shaun Roth,PROD-FUR-005,Desk Lamp,Furniture,3,218.19,2024-11-24,Europe,Online
ORD-000706,CUST-0101,Walter Stone,PROD-ELE-002,USB-C Hub,Electronics,1,370.1,2024-02-11,North America,Online
ORD-000707,CUST-0013,Cameron Wise,PROD-ELE-004,Webcam 1080p,Electronics,1,361.87,2024-05-30,Asia Pacific,Online
ORD-000708,CUST-0086,Monica Allen,PROD-STA-002,Highlighter Set,Stationery,6,11.56,2024-02-15,North America,Distributor
ORD-000709,CUST-0069,Amy Lewis,PROD-ELE-004,Webcam 1080p,Electronics,1,354.47,2024-08-30,Asia Pacific,Retail
ORD-000710,CUST-0026,Debra Jones,PROD-ELE-005,Portable SSD,Electronics,1,355.69,2024-10-17,Asia Pacific,Online
ORD-000711,CUST-0098,Michael Alexander,PROD-STA-005,Whiteboard Marker,Stationery,4,2.1,2024-12-09,North America,Online
ORD-000712,CUST-0075,Nathaniel Hall,PROD-ELE-007,HDMI Cable,Electronics,2,305.89,2024-09-02,Europe,Distributor
ORD-000713,CUST-0039,Pamela Rush,PROD-FUR-003,Bookshelf,Furniture,1,684.18,2024-12-08,Europe,Online
ORD-000714,CUST-0009,Lauren White,PROD-STA-002,Highlighter Set,Stationery,6,11.74,2024-03-11,Asia Pacific,Online
ORD-000715,CUST-0079,Kevin Barnes,PROD-FUR-004,Filing Cabinet,Furniture,3,301.66,2024-01-10,North America,Online
ORD-000716,CUST-0070,Joshua Obrien,PROD-FUR-007,Side Table,Furniture,1,717.13,2024-06-14,Europe,Online
ORD-000717,CUST-0041,John Johnson,PROD-FUR-005,Desk Lamp,Furniture,1,585.78,2024-07-28,North America,Online
ORD-000718,CUST-0007,Alan Martin,PROD-ELE-004,Webcam 1080p,Electronics,2,272.82,2024-02-14,Europe,Distributor
ORD-000719,CUST-0102,Jason Hart,PROD-STA-004,Document Folder,Stationery,10,4.54,2024-04-28,North America,Online
ORD-000720,CUST-0017,Jay Goodman,PROD-ELE-003,Bluetooth Headphones,Electronics,4,62.67,2024-10-02,North America,Online
ORD-000721,CUST-0095,Kelly Beltran,PROD-FUR-001,Monitor Arm,Furniture,1,308.83,2024-04-21,North America,Online
ORD-000722,CUST-0044,Susan Bates,PROD-ELE-000,Wireless Mouse,Electronics,2,23.16,2024-08-11,North America,Online
ORD-000723,CUST-0052,Brian Fuentes,PROD-ELE-003,Bluetooth Headphones,Electronics,1,402.38,2024-04-17,Europe,Distributor
ORD-000724,CUST-0031,Kyle Howell,PROD-ELE-007,HDMI Cable,Electronics,2,326.8,2024-08-04,North America,Online
ORD-000725,CUST-0047,Brianna Hoffman,PROD-FUR-002,Ergonomic Chair,Furniture,1,387.81,2024-11-29,North America,Retail
ORD-000726,CUST-0006,Robert Schmitt,PROD-STA-007,Paper Clips Box,Stationery,5,16.9,2024-07-19,North America,Online
ORD-000727,CUST-0090,Angela Parker,PROD-STA-005,Whiteboard Marker,Stationery,8,14.56,2024-12-14,North America,Retail
ORD-000728,CUST-0101,Walter Stone,PROD-ELE-001,Mechanical Keyboard,Electronics,4,397.22,2024-05-18,Europe,Online
ORD-000729,CUST-0012,David Young,PROD-ELE-000,Wireless Mouse,Electronics,1,322.58,2024-08-02,North America,Online
ORD-000730,CUST-0117,Kelly Parker,PROD-ELE-001,Mechanical Keyboard,Electronics,1,293.57,2024-12-08,Asia Pacific,Retail
ORD-000731,CUST-0074,Kathryn Thompson,PROD-STA-005,Whiteboard Marker,Stationery,7,16.45,2024-05-07,North America,Retail
ORD-000732,CUST-0011,Sarah Thompson,PROD-FUR-007,Side Table,Furniture,1,91.42,2024-09-21,Europe,Distributor
ORD-000733,CUST-0114,Cynthia White,PROD-ELE-003,Bluetooth Headphones,Electronics,3,82.66,2024-01-10,North America,Online
ORD-000734,CUST-0026,Debra Jones,PROD-ELE-002,USB-C Hub,Electronics,1,56.33,2024-02-11,North America,Online
ORD-000735,CUST-0062,Anthony Martinez,PROD-ELE-002,USB-C Hub,Electronics,1,329.56,2024-09-03,Europe,Online
ORD-000736,CUST-0014,Michael Klein,PROD-STA-004,Document Folder,Stationery,3,17.43,2024-05-08,Europe,Online
ORD-000737,CUST-0047,Brianna Hoffman,PROD-ELE-003,Bluetooth Headphones,Electronics,4,310.18,2024-06-10,North America,Retail
ORD-000738,CUST-0090,Angela Parker,PROD-STA-005,Whiteboard Marker,Stationery,3,15.64,2024-03-17,North America,Online
ORD-000739,CUST-0083,Shaun Roth,PROD-FUR-005,Desk Lamp,Furniture,1,659.17,2024-04-07,North America,Online
ORD-000740,CUST-0052,Brian Fuentes,PROD-FUR-005,Desk Lamp,Furniture,2,607.29,2024-09-30,Asia Pacific,Online
ORD-000741,CUST-0033,Vicki Howard,PROD-FUR-000,Standing Desk Mat,Furniture,3,421.71,2024-07-20,North America,Retail
ORD-000742,CUST-0012,David Young,PROD-ELE-002,USB-C Hub,Electronics,2,293.34,2024-04-23,North America,Distributor
ORD-000743,CUST-0108,Danielle Johnson,PROD-STA-000,Notebook A5,Stationery,5,15.52,2024-12-17,Europe,Retail
ORD-000744,CUST-0117,Kelly Parker,PROD-STA-003,Sticky Notes,Stationery,8,10.07,2024-09-18,Europe,Retail
ORD-000745,CUST-0069,Amy Lewis,PROD-FUR-006,Office Desk,Furniture,1,464.93,2024-03-24,North America,Online
ORD-000746,CUST-0088,Alex Coleman,PROD-ELE-004,Webcam 1080p,Electronics,1,476.34,2024-10-10,Europe,Online
ORD-000747,CUST-0023,Jennifer Brock,PROD-STA-006,Stapler,Stationery,9,1.62,2024-07-27,North America,Retail
ORD-000748,CUST-0030,Ashley Hernandez PhD,PROD-ELE-000,Wireless Mouse,Electronics,3,433.97,2024-07-08,North America,Distributor
ORD-000749,CUST-0071,Traci Martin,PROD-STA-004,Document Folder,Stationery,5,13.91,2024-07-15,Europe,Distributor
ORD-000750,CUST-0089,James Rhodes,PROD-FUR-000,Standing Desk Mat,Furniture,2,50.74,2024-03-30,North America,Retail
ORD-000751,CUST-0040,Kenneth Mcclain,PROD-STA-006,Stapler,Stationery,5,22.64,2024-10-23,Asia Pacific,Distributor
ORD-000752,CUST-0063,Jeffrey Stephens,PROD-ELE-000,Wireless Mouse,Electronics,1,373.19,2024-03-01,North America,Online
ORD-000753,CUST-0023,Jennifer Brock,PROD-FUR-000,Standing Desk Mat,Furniture,1,208.66,2024-02-06,Asia Pacific,Retail
ORD-000754,CUST-0049,Angela James,PROD-FUR-007,Side Table,Furniture,1,784.34,2024-07-05,North America,Online
ORD-000755,CUST-0015,Shawn Knight,PROD-ELE-000,Wireless Mouse,Electronics,2,298.25,2024-04-22,North America,Online
ORD-000756,CUST-0017,Jay Goodman,PROD-ELE-003,Bluetooth Headphones,Electronics,4,358.28,2024-01-23,North America,Online
ORD-000757,CUST-0063,Jeffrey Stephens,PROD-STA-003,Sticky Notes,Stationery,9,16.37,2024-09-24,North America,Online
ORD-000758,CUST-0117,Kelly Parker,PROD-STA-006,Stapler,Stationery,8,1.74,2024-04-30,North America,Online
ORD-000759,CUST-0007,Alan Martin,PROD-ELE-006,Laptop Stand,Electronics,1,326.09,2024-12-25,North America,Online
ORD-000760,CUST-0067,Amber Grant,PROD-ELE-004,Webcam 1080p,Electronics,4,349.66,2024-08-01,North America,Distributor
ORD-000761,CUST-0000,Jordan Martin,PROD-ELE-005,Portable SSD,Electronics,4,237.54,2024-11-04,Europe,Online
ORD-000762,CUST-0112,Kayla Barnes,PROD-ELE-006,Laptop Stand,Electronics,1,343.24,2024-02-17,North America,Retail
ORD-000763,CUST-0018,Janet Rogers,PROD-ELE-006,Laptop Stand,Electronics,3,428.22,2024-07-25,North America,Retail
ORD-000764,CUST-0036,Roger Bennett,PROD-ELE-005,Portable SSD,Electronics,4,375.97,2024-08-07,Europe,Retail
ORD-000765,CUST-0019,Mr. Bryan Bailey,PROD-FUR-001,Monitor Arm,Furniture,1,469.46,2024-06-04,Asia Pacific,Online
ORD-000766,CUST-0078,Michelle Roman,PROD-FUR-006,Office Desk,Furniture,1,417.89,2024-03-13,North America,Retail
ORD-000767,CUST-0043,James Garner,PROD-STA-006,Stapler,Stationery,1,24.37,2024-12-24,Europe,Retail
ORD-000768,CUST-0046,Glenn Adkins,PROD-ELE-007,HDMI Cable,Electronics,1,210.36,2024-09-09,North America,Online
ORD-000769,CUST-0079,Kevin Barnes,PROD-ELE-004,Webcam 1080p,Electronics,1,283.62,2024-01-25,North America,Online
ORD-000770,CUST-0048,Russell Williams,PROD-STA-003,Sticky Notes,Stationery,4,24.58,2024-11-19,Asia Pacific,Online
ORD-000771,CUST-0004,Evelyn Wall,PROD-STA-000,Notebook A5,Stationery,7,17.74,2024-11-24,North America,Online
ORD-000772,CUST-0052,Brian Fuentes,PROD-ELE-005,Portable SSD,Electronics,1,334.75,2024-03-13,North America,Online
ORD-000773,CUST-0023,Jennifer Brock,PROD-ELE-006,Laptop Stand,Electronics,2,110.43,2024-08-24,North America,Online
ORD-000774,CUST-0063,Jeffrey Stephens,PROD-STA-002,Highlighter Set,Stationery,10,15.62,2024-08-17,Europe,Online
ORD-000775,CUST-0073,Aaron Garcia,PROD-STA-002,Highlighter Set,Stationery,5,22.27,2024-06-28,Europe,Retail
ORD-000776,CUST-0018,Janet Rogers,PROD-STA-006,Stapler,Stationery,6,7.13,2024-01-20,North America,Online
ORD-000777,CUST-0078,Michelle Roman,PROD-STA-002,Highlighter Set,Stationery,5,23.41,2024-03-05,Europe,Online
ORD-000778,CUST-0103,Tina Fields,PROD-STA-007,Paper Clips Box,Stationery,7,22.83,2024-03-09,North America,Online
ORD-000779,CUST-0105,Amanda Bryan,PROD-STA-000,Notebook A5,Stationery,5,10.77,2024-03-25,North America,Retail
ORD-000780,CUST-0038,Raymond Johnson,PROD-ELE-003,Bluetooth Headphones,Electronics,1,436.64,2024-04-23,North America,Retail
ORD-000781,CUST-0005,Matthew Rodriguez,PROD-FUR-001,Monitor Arm,Furniture,1,332.52,2024-12-20,North America,Online
ORD-000782,CUST-0046,Glenn Adkins,PROD-STA-007,Paper Clips Box,Stationery,6,22.69,2024-06-05,North America,Distributor
ORD-000783,CUST-0108,Danielle Johnson,PROD-STA-005,Whiteboard Marker,Stationery,4,14.12,2024-01-07,North America,Online
ORD-000784,CUST-0009,Lauren White,PROD-ELE-002,USB-C Hub,Electronics,1,477.18,2024-01-14,North America,Online
ORD-000785,CUST-0085,Megan Singh,PROD-STA-006,Stapler,Stationery,7,3.65,2024-12-15,North America,Online
ORD-000786,CUST-0059,Nicole Martin,PROD-STA-001,Ballpoint Pen Pack,Stationery,5,23.99,2024-04-19,Asia Pacific,Distributor
ORD-000787,CUST-0045,Sarah Mathews,PROD-ELE-004,Webcam 1080p,Electronics,1,72.74,2024-03-25,North America,Online
ORD-000788,CUST-0059,Nicole Martin,PROD-STA-006,Stapler,Stationery,2,18.85,2024-03-23,North America,Online
ORD-000789,CUST-0038,Raymond Johnson,PROD-FUR-005,Desk Lamp,Furniture,3,277.41,2024-09-30,Asia Pacific,Online
ORD-000790,CUST-0089,James Rhodes,PROD-STA-004,Document Folder,Stationery,7,6.34,2024-07-29,North America,Distributor
ORD-000791,CUST-0012,David Young,PROD-FUR-001,Monitor Arm,Furniture,1,247.72,2024-09-12,North America,Online
ORD-000792,CUST-0064,John Mcbride II,PROD-STA-003,Sticky Notes,Stationery,6,11.7,2024-02-29,North America,Distributor
ORD-000793,CUST-0109,Patricia Woods,PROD-ELE-003,Bluetooth Headphones,Electronics,3,38.46,2024-09-26,North America,Online
ORD-000794,CUST-0040,Kenneth Mcclain,PROD-STA-005,Whiteboard Marker,Stationery,8,16.85,2024-06-28,North America,Online
ORD-000795,CUST-0108,Danielle Johnson,PROD-ELE-004,Webcam 1080p,Electronics,1,118.2,2024-01-04,Europe,Online
ORD-000796,CUST-0118,Jeffrey English,PROD-STA-001,Ballpoint Pen Pack,Stationery,6,22.85,2024-10-24,Europe,Online
ORD-000797,CUST-0092,Mr. John Jones,PROD-STA-001,Ballpoint Pen Pack,Stationery,3,5.28,2024-02-16,Asia Pacific,Online
ORD-000798,CUST-0010,Grant Olson,PROD-FUR-000,Standing Desk Mat,Furniture,2,416.75,2024-02-09,Asia Pacific,Retail
ORD-000799,CUST-0087,Deanna Sanchez,PROD-STA-004,Document Folder,Stationery,10,17.91,2024-06-23,North America,Online
ORD-000800,CUST-0109,Patricia Woods,PROD-STA-005,Whiteboard Marker,Stationery,1,9.77,2024-05-12,Asia Pacific,Retail
ORD-000801,CUST-0027,Matthew Mccann,PROD-ELE-000,Wireless Mouse,Electronics,3,68.79,2024-10-07,North America,Online
ORD-000802,CUST-0087,Deanna Sanchez,PROD-ELE-000,Wireless Mouse,Electronics,2,145.02,2024-12-17,North America,Online
ORD-000803,CUST-0117,Kelly Parker,PROD-FUR-002,Ergonomic Chair,Furniture,1,439.6,2024-04-09,North America,Retail
ORD-000804,CUST-0068,Michael Medina,PROD-ELE-000,Wireless Mouse,Electronics,1,346.29,2024-09-02,North America,Retail
ORD-000805,CUST-0102,Jason Hart,PROD-FUR-004,Filing Cabinet,Furniture,2,122.64,2024-01-20,North America,Online
ORD-000806,CUST-0079,Kevin Barnes,PROD-ELE-003,Bluetooth Headphones,Electronics,4,189.25,2024-08-20,Asia Pacific,Online
ORD-000807,CUST-0003,Dominique Smith,PROD-ELE-005,Portable SSD,Electronics,1,192.98,2024-02-21,Asia Pacific,Distributor
ORD-000808,CUST-0049,Angela James,PROD-FUR-002,Ergonomic Chair,Furniture,1,798.22,2024-07-21,North America,Retail
ORD-000809,CUST-0108,Danielle Johnson,PROD-STA-004,Document Folder,Stationery,15,9.08,2024-10-13,North America,Online
ORD-000810,CUST-0045,Sarah Mathews,PROD-STA-007,Paper Clips Box,Stationery,8,4.74,2024-05-31,Europe,Retail
ORD-000811,CUST-0108,Danielle Johnson,PROD-ELE-004,Webcam 1080p,Electronics,1,421.58,2024-06-30,North America,Distributor
ORD-000812,CUST-0043,James Garner,PROD-STA-004,Document Folder,Stationery,1,23.81,2024-02-12,Asia Pacific,Online
ORD-000813,CUST-0109,Patricia Woods,PROD-STA-005,Whiteboard Marker,Stationery,5,8.95,2024-12-21,North America,Online
ORD-000814,CUST-0117,Kelly Parker,PROD-FUR-005,Desk Lamp,Furniture,1,616.56,2024-01-15,North America,Online
ORD-000815,CUST-0066,Elizabeth White,PROD-STA-003,Sticky Notes,Stationery,9,24.81,2024-04-02,Europe,Online
ORD-000816,CUST-0006,Robert Schmitt,PROD-FUR-001,Monitor Arm,Furniture,1,772.02,2024-07-12,North America,Online
ORD-000817,CUST-0080,Monique Harris,PROD-FUR-005,Desk Lamp,Furniture,2,672.49,2024-09-29,Asia Pacific,Distributor
ORD-000818,CUST-0005,Matthew Rodriguez,PROD-STA-003,Sticky Notes,Stationery,5,21.01,2024-01-12,North America,Online
ORD-000819,CUST-0063,Jeffrey Stephens,PROD-ELE-000,Wireless Mouse,Electronics,2,262.1,2024-03-12,Europe,Online
ORD-000820,CUST-0000,Jordan Martin,PROD-ELE-001,Mechanical Keyboard,Electronics,2,147.74,2024-06-08,North America,Retail
ORD-000821,CUST-0092,Mr. John Jones,PROD-ELE-006,Laptop Stand,Electronics,1,433.79,2024-04-03,Europe,Retail
ORD-000822,CUST-0108,Danielle Johnson,PROD-ELE-000,Wireless Mouse,Electronics,1,88.74,2024-02-13,Asia Pacific,Online
ORD-000823,CUST-0028,Travis Davis,PROD-STA-004,Document Folder,Stationery,6,12.26,2024-08-03,North America,Online
ORD-000824,CUST-0000,Jordan Martin,PROD-FUR-006,Office Desk,Furniture,1,655.12,2024-07-17,Europe,Online
ORD-000825,CUST-0101,Walter Stone,PROD-FUR-004,Filing Cabinet,Furniture,2,51.55,2024-04-16,North America,Distributor
ORD-000826,CUST-0089,James Rhodes,PROD-STA-002,Highlighter Set,Stationery,2,18.6,2024-04-03,North America,Distributor
ORD-000827,CUST-0006,Robert Schmitt,PROD-ELE-003,Bluetooth Headphones,Electronics,1,57.76,2024-09-04,Asia Pacific,Retail
ORD-000828,CUST-0051,Paula Rodriguez,PROD-STA-007,Paper Clips Box,Stationery,6,24.18,2024-11-15,North America,Online
ORD-000829,CUST-0028,Travis Davis,PROD-STA-007,Paper Clips Box,Stationery,8,7.87,2024-12-20,Asia Pacific,Online
ORD-000830,CUST-0012,David Young,PROD-FUR-001,Monitor Arm,Furniture,2,757.71,2024-03-22,North America,Online
ORD-000831,CUST-0084,Tracy Nelson,PROD-ELE-005,Portable SSD,Electronics,1,169.42,2024-01-04,North America,Online
ORD-000832,CUST-0084,Tracy Nelson,PROD-STA-004,Document Folder,Stationery,6,20.4,2024-08-25,Asia Pacific,Online
ORD-000833,CUST-0010,Grant Olson,PROD-ELE-002,USB-C Hub,Electronics,2,141.46,2024-04-03,Asia Pacific,Retail
ORD-000834,CUST-0048,Russell Williams,PROD-STA-005,Whiteboard Marker,Stationery,3,13.42,2024-04-08,North America,Retail
ORD-000835,CUST-0065,John Walker,PROD-ELE-002,USB-C Hub,Electronics,3,399.15,2024-04-25,North America,Retail
ORD-000836,CUST-0090,Angela Parker,PROD-ELE-001,Mechanical Keyboard,Electronics,1,76.72,2024-08-12,Asia Pacific,Retail
ORD-000837,CUST-0002,John Johnson,PROD-ELE-002,USB-C Hub,Electronics,1,300.55,2024-09-07,Europe,Online
ORD-000838,CUST-0101,Walter Stone,PROD-ELE-005,Portable SSD,Electronics,1,329.39,2024-01-31,North America,Online
ORD-000839,CUST-0032,Elizabeth Santos,PROD-STA-001,Ballpoint Pen Pack,Stationery,3,9.95,2024-10-16,Asia Pacific,Distributor
ORD-000840,CUST-0009,Lauren White,PROD-ELE-002,USB-C Hub,Electronics,1,87.6,2024-07-14,Europe,Retail
ORD-000841,CUST-0008,Sarah Conrad,PROD-ELE-001,Mechanical Keyboard,Electronics,2,317.46,2024-10-18,Europe,Online
ORD-000842,CUST-0045,Sarah Mathews,PROD-STA-007,Paper Clips Box,Stationery,10,23.35,2024-08-14,Asia Pacific,Online
ORD-000843,CUST-0097,Brooke Nolan,PROD-ELE-006,Laptop Stand,Electronics,2,104.72,2024-09-21,Europe,Online
ORD-000844,CUST-0008,Sarah Conrad,PROD-ELE-003,Bluetooth Headphones,Electronics,1,97.76,2024-07-22,Europe,Online
ORD-000845,CUST-0027,Matthew Mccann,PROD-STA-006,Stapler,Stationery,6,7.4,2024-09-26,North America,Online
ORD-000846,CUST-0116,Crystal Shelton,PROD-ELE-007,HDMI Cable,Electronics,2,421.27,2024-08-27,North America,Distributor
ORD-000847,CUST-0012,David Young,PROD-STA-003,Sticky Notes,Stationery,6,13.49,2024-07-30,North America,Online
ORD-000848,CUST-0025,Tara Kidd,PROD-ELE-006,Laptop Stand,Electronics,1,393.27,2024-02-24,North America,Retail
ORD-000849,CUST-0108,Danielle Johnson,PROD-FUR-003,Bookshelf,Furniture,1,720.06,2024-06-14,Asia Pacific,Distributor
ORD-000850,CUST-0097,Brooke Nolan,PROD-FUR-007,Side Table,Furniture,3,102.33,2024-12-11,Europe,Online
ORD-000851,CUST-0016,Susan Dawson,PROD-FUR-002,Ergonomic Chair,Furniture,1,763.1,2024-12-30,North America,Online
ORD-000852,CUST-0096,Sherry Torres,PROD-FUR-004,Filing Cabinet,Furniture,3,482.69,2024-10-10,North America,Online
ORD-000853,CUST-0043,James Garner,PROD-FUR-000,Standing Desk Mat,Furniture,1,215.53,2024-07-06,Europe,Retail
ORD-000854,CUST-0078,Michelle Roman,PROD-STA-006,Stapler,Stationery,8,15.39,2024-03-12,North America,Retail
ORD-000855,CUST-0000,Jordan Martin,PROD-ELE-003,Bluetooth Headphones,Electronics,2,55.5,2024-03-19,Europe,Online
ORD-000856,CUST-0106,Daniel Jackson,PROD-ELE-006,Laptop Stand,Electronics,1,361.89,2024-06-16,North America,Retail
ORD-000857,CUST-0047,Brianna Hoffman,PROD-FUR-007,Side Table,Furniture,3,474.4,2024-05-24,Europe,Retail
ORD-000858,CUST-0018,Janet Rogers,PROD-STA-002,Highlighter Set,Stationery,6,24.54,2024-03-26,Asia Pacific,Retail
ORD-000859,CUST-0053,Mark Rivera,PROD-ELE-002,USB-C Hub,Electronics,2,132.63,2024-07-08,Europe,Online
ORD-000860,CUST-0037,Andrew Adams,PROD-FUR-007,Side Table,Furniture,1,660.37,2024-01-29,North America,Retail
ORD-000861,CUST-0012,David Young,PROD-FUR-001,Monitor Arm,Furniture,1,233.7,2024-11-15,North America,Online
ORD-000862,CUST-0100,Jesus Nguyen,PROD-ELE-007,HDMI Cable,Electronics,2,102.15,2024-07-12,Asia Pacific,Online
ORD-000863,CUST-0003,Dominique Smith,PROD-STA-003,Sticky Notes,Stationery,8,23.54,2024-03-23,Europe,Retail
ORD-000864,CUST-0044,Susan Bates,PROD-ELE-004,Webcam 1080p,Electronics,2,472.96,2024-05-17,North America,Retail
ORD-000865,CUST-0073,Aaron Garcia,PROD-ELE-001,Mechanical Keyboard,Electronics,4,140.33,2024-01-25,North America,Retail
ORD-000866,CUST-0037,Andrew Adams,PROD-STA-003,Sticky Notes,Stationery,5,7.51,2024-04-28,North America,Retail
ORD-000867,CUST-0061,Tammy Evans,PROD-ELE-004,Webcam 1080p,Electronics,3,487.21,2024-04-02,Asia Pacific,Online
ORD-000868,CUST-0081,Christopher Nash,PROD-ELE-006,Laptop Stand,Electronics,1,122.84,2024-05-23,North America,Online
ORD-000869,CUST-0117,Kelly Parker,PROD-ELE-004,Webcam 1080p,Electronics,1,482.87,2024-09-14,Europe,Retail
ORD-000870,CUST-0116,Crystal Shelton,PROD-STA-005,Whiteboard Marker,Stationery,7,10.88,2024-11-22,Europe,Online
ORD-000871,CUST-0074,Kathryn Thompson,PROD-FUR-003,Bookshelf,Furniture,3,741.94,2024-11-04,North America,Online
ORD-000872,CUST-0054,Jessica Ramsey,PROD-STA-007,Paper Clips Box,Stationery,3,15.44,2024-06-12,Europe,Online
ORD-000873,CUST-0040,Kenneth Mcclain,PROD-ELE-005,Portable SSD,Electronics,4,309.46,2024-03-25,North America,Online
ORD-000874,CUST-0014,Michael Klein,PROD-ELE-001,Mechanical Keyboard,Electronics,2,174.06,2024-05-31,Asia Pacific,Online
ORD-000875,CUST-0083,Shaun Roth,PROD-FUR-006,Office Desk,Furniture,1,761.01,2024-06-08,North America,Online
ORD-000876,CUST-0036,Roger Bennett,PROD-ELE-005,Portable SSD,Electronics,1,463.82,2024-08-10,North America,Distributor
ORD-000877,CUST-0007,Alan Martin,PROD-STA-007,Paper Clips Box,Stationery,6,10.69,2024-01-14,Europe,Online
ORD-000878,CUST-0072,Sarah Hughes,PROD-ELE-000,Wireless Mouse,Electronics,1,386.92,2024-11-01,North America,Retail
ORD-000879,CUST-0044,Susan Bates,PROD-ELE-004,Webcam 1080p,Electronics,1,416.34,2024-06-02,Europe,Online
ORD-000880,CUST-0117,Kelly Parker,PROD-STA-007,Paper Clips Box,Stationery,7,11.43,2024-03-12,Asia Pacific,Distributor
ORD-000881,CUST-0056,Mario Thompson,PROD-STA-004,Document Folder,Stationery,4,10.93,2024-05-22,Asia Pacific,Online
ORD-000882,CUST-0113,Nicole Johnston,PROD-ELE-007,HDMI Cable,Electronics,1,348.75,2024-12-13,North America,Retail
ORD-000883,CUST-0000,Jordan Martin,PROD-ELE-007,HDMI Cable,Electronics,2,121.3,2024-07-29,Europe,Online
ORD-000884,CUST-0050,Paul Wilkerson,PROD-STA-003,Sticky Notes,Stationery,5,6.31,2024-09-01,North America,Retail
ORD-000885,CUST-0036,Roger Bennett,PROD-STA-005,Whiteboard Marker,Stationery,3,23.56,2024-06-27,Asia Pacific,Retail
ORD-000886,CUST-0078,Michelle Roman,PROD-ELE-006,Laptop Stand,Electronics,1,325.32,2024-10-20,Europe,Online
ORD-000887,CUST-0082,Joseph Newton,PROD-ELE-002,USB-C Hub,Electronics,1,209.13,2024-05-29,Europe,Online
ORD-000888,CUST-0110,Kelsey Perez,PROD-ELE-005,Portable SSD,Electronics,3,26.23,2024-05-09,Europe,Retail
ORD-000889,CUST-0096,Sherry Torres,PROD-ELE-005,Portable SSD,Electronics,1,269.85,2024-08-22,Asia Pacific,Retail
ORD-000890,CUST-0002,John Johnson,PROD-STA-006,Stapler,Stationery,6,19.29,2024-02-28,North America,Retail
ORD-000891,CUST-0065,John Walker,PROD-ELE-003,Bluetooth Headphones,Electronics,1,323.3,2024-07-17,North America,Online
ORD-000892,CUST-0046,Glenn Adkins,PROD-STA-004,Document Folder,Stationery,4,10.57,2024-06-03,Asia Pacific,Online
ORD-000893,CUST-0067,Amber Grant,PROD-FUR-004,Filing Cabinet,Furniture,1,374.74,2024-01-27,Europe,Online
ORD-000894,CUST-0086,Monica Allen,PROD-ELE-005,Portable SSD,Electronics,3,300.31,2024-10-03,Europe,Online
ORD-000895,CUST-0022,Stephanie Wu,PROD-FUR-002,Ergonomic Chair,Furniture,3,415.12,2024-05-11,Asia Pacific,Retail
ORD-000896,CUST-0078,Michelle Roman,PROD-ELE-005,Portable SSD,Electronics,2,150.87,2024-12-11,North America,Retail
ORD-000897,CUST-0041,John Johnson,PROD-FUR-001,Monitor Arm,Furniture,2,772.35,2024-07-30,Europe,Distributor
ORD-000898,CUST-0053,Mark Rivera,PROD-ELE-004,Webcam 1080p,Electronics,3,469.7,2024-08-24,North America,Retail
ORD-000899,CUST-0038,Raymond Johnson,PROD-ELE-000,Wireless Mouse,Electronics,2,225.45,2024-08-15,Europe,Online
ORD-000900,CUST-0071,Traci Martin,PROD-ELE-005,Portable SSD,Electronics,1,487.44,2024-02-03,Europe,Distributor
ORD-000901,CUST-0107,James Hill,PROD-ELE-002,USB-C Hub,Electronics,4,424.19,2024-03-23,North America,Distributor
ORD-000902,CUST-0082,Joseph Newton,PROD-STA-005,Whiteboard Marker,Stationery,4,8.15,2024-07-10,North America,Online
ORD-000903,CUST-0033,Vicki Howard,PROD-ELE-000,Wireless Mouse,Electronics,1,99.51,2024-07-29,Europe,Online
ORD-000904,CUST-0061,Tammy Evans,PROD-STA-006,Stapler,Stationery,7,13.88,2024-12-10,Europe,Retail
ORD-000905,CUST-0000,Jordan Martin,PROD-ELE-002,USB-C Hub,Electronics,1,392.15,2024-10-17,Asia Pacific,Online
ORD-000906,CUST-0034,Julia Olson,PROD-STA-001,Ballpoint Pen Pack,Stationery,10,14.44,2024-07-27,Europe,Online
ORD-000907,CUST-0116,Crystal Shelton,PROD-ELE-005,Portable SSD,Electronics,1,419.49,2024-01-14,Europe,Online
ORD-000908,CUST-0071,Traci Martin,PROD-STA-006,Stapler,Stationery,4,4.12,2024-08-22,Europe,Online
ORD-000909,CUST-0021,Nathan Tucker,PROD-FUR-000,Standing Desk Mat,Furniture,1,271.88,2024-12-21,North America,Online
ORD-000910,CUST-0108,Danielle Johnson,PROD-ELE-007,HDMI Cable,Electronics,3,402.59,2024-07-20,Europe,Retail
ORD-000911,CUST-0081,Christopher Nash,PROD-STA-002,Highlighter Set,Stationery,7,10.15,2024-09-03,Europe,Online
ORD-000912,CUST-0042,Tyler Oneill,PROD-ELE-007,HDMI Cable,Electronics,4,25.95,2024-08-17,Europe,Retail
ORD-000913,CUST-0070,Joshua Obrien,PROD-ELE-003,Bluetooth Headphones,Electronics,1,15.91,2024-07-13,Europe,Online
ORD-000914,CUST-0071,Traci Martin,PROD-ELE-006,Laptop Stand,Electronics,2,437.68,2024-06-26,North America,Online
ORD-000915,CUST-0079,Kevin Barnes,PROD-ELE-007,HDMI Cable,Electronics,2,275.12,2024-10-05,North America,Retail
ORD-000916,CUST-0077,Jay Brown,PROD-ELE-000,Wireless Mouse,Electronics,1,141.24,2024-06-02,Asia Pacific,Retail
ORD-000917,CUST-0077,Jay Brown,PROD-ELE-005,Portable SSD,Electronics,1,70.8,2024-12-15,North America,Retail
ORD-000918,CUST-0104,Shelly Nelson,PROD-STA-005,Whiteboard Marker,Stationery,5,8.6,2024-09-22,Europe,Online
ORD-000919,CUST-0061,Tammy Evans,PROD-FUR-001,Monitor Arm,Furniture,1,520.57,2024-06-17,North America,Retail
ORD-000920,CUST-0001,Marie Ramos,PROD-ELE-000,Wireless Mouse,Electronics,1,153.02,2024-07-15,North America,Online
ORD-000921,CUST-0038,Raymond Johnson,PROD-FUR-001,Monitor Arm,Furniture,1,220.76,2024-06-01,North America,Online
ORD-000922,CUST-0103,Tina Fields,PROD-STA-003,Sticky Notes,Stationery,3,13.04,2024-12-24,North America,Distributor
ORD-000923,CUST-0033,Vicki Howard,PROD-STA-003,Sticky Notes,Stationery,8,9.72,2024-08-09,North America,Online
ORD-000924,CUST-0004,Evelyn Wall,PROD-ELE-007,HDMI Cable,Electronics,3,309.99,2024-10-11,North America,Retail
ORD-000925,CUST-0015,Shawn Knight,PROD-STA-005,Whiteboard Marker,Stationery,5,1.77,2024-09-02,Asia Pacific,Online
ORD-000926,CUST-0055,Keith Brown,PROD-STA-000,Notebook A5,Stationery,4,9.58,2024-05-11,North America,Online
ORD-000927,CUST-0004,Evelyn Wall,PROD-ELE-004,Webcam 1080p,Electronics,1,184.84,2024-08-12,North America,Online
ORD-000928,CUST-0046,Glenn Adkins,PROD-ELE-005,Portable SSD,Electronics,1,109.59,2024-01-02,Europe,Retail
ORD-000929,CUST-0096,Sherry Torres,PROD-ELE-003,Bluetooth Headphones,Electronics,3,463.8,2024-11-15,Europe,Online
ORD-000930,CUST-0013,Cameron Wise,PROD-ELE-007,HDMI Cable,Electronics,1,248.02,2024-03-22,North America,Online
ORD-000931,CUST-0040,Kenneth Mcclain,PROD-STA-006,Stapler,Stationery,4,18.53,2024-11-09,North America,Online
ORD-000932,CUST-0000,Jordan Martin,PROD-ELE-004,Webcam 1080p,Electronics,2,397.68,2024-10-12,Europe,Retail
ORD-000933,CUST-0032,Elizabeth Santos,PROD-FUR-001,Monitor Arm,Furniture,1,332.25,2024-03-20,North America,Online
ORD-000934,CUST-0018,Janet Rogers,PROD-STA-001,Ballpoint Pen Pack,Stationery,6,24.26,2024-08-31,North America,Online
ORD-000935,CUST-0021,Nathan Tucker,PROD-STA-000,Notebook A5,Stationery,7,18.58,2024-02-19,Europe,Retail
ORD-000936,CUST-0103,Tina Fields,PROD-STA-001,Ballpoint Pen Pack,Stationery,8,11.11,2024-10-26,Europe,Online
ORD-000937,CUST-0025,Tara Kidd,PROD-ELE-007,HDMI Cable,Electronics,2,397.43,2024-04-06,North America,Online
ORD-000938,CUST-0041,John Johnson,PROD-FUR-007,Side Table,Furniture,2,694.84,2024-08-02,Asia Pacific,Distributor
ORD-000939,CUST-0046,Glenn Adkins,PROD-STA-000,Notebook A5,Stationery,9,14.56,2024-07-19,Europe,Retail
ORD-000940,CUST-0068,Michael Medina,PROD-STA-000,Notebook A5,Stationery,4,4.96,2024-08-25,North America,Online
ORD-000941,CUST-0097,Brooke Nolan,PROD-STA-005,Whiteboard Marker,Stationery,6,14.36,2024-08-09,Europe,Online
ORD-000942,CUST-0038,Raymond Johnson,PROD-FUR-001,Monitor Arm,Furniture,1,328.31,2024-03-16,Asia Pacific,Online
ORD-000943,CUST-0056,Mario Thompson,PROD-FUR-004,Filing Cabinet,Furniture,1,342.78,2024-06-21,Europe,Online
ORD-000944,CUST-0034,Julia Olson,PROD-STA-003,Sticky Notes,Stationery,5,13.03,2024-01-06,Europe,Retail
ORD-000945,CUST-0002,John Johnson,PROD-STA-000,Notebook A5,Stationery,3,19.76,2024-07-13,Asia Pacific,Retail
ORD-000946,CUST-0026,Debra Jones,PROD-STA-000,Notebook A5,Stationery,4,5.61,2024-03-30,Europe,Retail
ORD-000947,CUST-0041,John Johnson,PROD-ELE-005,Portable SSD,Electronics,2,409.56,2024-11-13,Asia Pacific,Retail
ORD-000948,CUST-0032,Elizabeth Santos,PROD-ELE-003,Bluetooth Headphones,Electronics,1,143.01,2024-08-15,North America,Online
ORD-000949,CUST-0089,James Rhodes,PROD-STA-007,Paper Clips Box,Stationery,2,9.6,2024-09-06,North America,Retail
ORD-000950,CUST-0099,Jill Richardson,PROD-ELE-003,Bluetooth Headphones,Electronics,2,83.55,2024-05-19,Europe,Distributor
ORD-000951,CUST-0026,Debra Jones,PROD-FUR-007,Side Table,Furniture,1,366.69,2024-04-20,Asia Pacific,Distributor
ORD-000952,CUST-0031,Kyle Howell,PROD-ELE-007,HDMI Cable,Electronics,2,365.79,2024-10-06,North America,Online
ORD-000953,CUST-0060,Mark Black,PROD-ELE-000,Wireless Mouse,Electronics,2,195.49,2024-03-19,North America,Online
ORD-000954,CUST-0049,Angela James,PROD-STA-005,Whiteboard Marker,Stationery,6,22.95,2024-03-30,North America,Retail
ORD-000955,CUST-0099,Jill Richardson,PROD-STA-007,Paper Clips Box,Stationery,2,2.24,2024-03-11,Asia Pacific,Online
ORD-000956,CUST-0102,Jason Hart,PROD-STA-007,Paper Clips Box,Stationery,6,10.58,2024-07-27,Europe,Online
ORD-000957,CUST-0043,James Garner,PROD-FUR-006,Office Desk,Furniture,3,779.19,2024-10-16,North America,Online
ORD-000958,CUST-0059,Nicole Martin,PROD-FUR-005,Desk Lamp,Furniture,1,573.2,2024-01-11,North America,Online
ORD-000959,CUST-0003,Dominique Smith,PROD-ELE-005,Portable SSD,Electronics,3,487.5,2024-02-26,Europe,Retail
ORD-000960,CUST-0104,Shelly Nelson,PROD-STA-006,Stapler,Stationery,8,3.36,2024-10-25,North America,Retail
ORD-000961,CUST-0106,Daniel Jackson,PROD-ELE-000,Wireless Mouse,Electronics,1,451.81,2024-04-30,Asia Pacific,Online
ORD-000962,CUST-0025,Tara Kidd,PROD-ELE-004,Webcam 1080p,Electronics,2,46.78,2024-02-20,North America,Online
ORD-000963,CUST-0047,Brianna Hoffman,PROD-ELE-005,Portable SSD,Electronics,1,296.84,2024-01-08,North America,Distributor
ORD-000964,CUST-0062,Anthony Martinez,PROD-STA-007,Paper Clips Box,Stationery,7,15.67,2024-08-20,Asia Pacific,Distributor
ORD-000965,CUST-0041,John Johnson,PROD-ELE-001,Mechanical Keyboard,Electronics,1,337.02,2024-02-17,Europe,Retail
ORD-000966,CUST-0051,Paula Rodriguez,PROD-STA-005,Whiteboard Marker,Stationery,3,4.26,2024-09-08,North America,Retail
ORD-000967,CUST-0031,Kyle Howell,PROD-ELE-004,Webcam 1080p,Electronics,2,336.15,2024-01-13,North America,Online
ORD-000968,CUST-0098,Michael Alexander,PROD-ELE-004,Webcam 1080p,Electronics,1,284.97,2024-08-07,North America,Online
ORD-000969,CUST-0057,Sarah Delgado,PROD-FUR-001,Monitor Arm,Furniture,3,375.8,2024-04-24,North America,Online
ORD-000970,CUST-0088,Alex Coleman,PROD-ELE-006,Laptop Stand,Electronics,2,90.31,2024-07-01,Asia Pacific,Online
ORD-000971,CUST-0073,Aaron Garcia,PROD-STA-004,Document Folder,Stationery,9,18.75,2024-01-11,Europe,Retail
ORD-000972,CUST-0013,Cameron Wise,PROD-STA-003,Sticky Notes,Stationery,6,2.67,2024-06-30,North America,Retail
ORD-000973,CUST-0044,Susan Bates,PROD-STA-000,Notebook A5,Stationery,7,4.03,2024-04-16,North America,Online
ORD-000974,CUST-0001,Marie Ramos,PROD-ELE-001,Mechanical Keyboard,Electronics,2,311.91,2024-09-05,North America,Retail
ORD-000975,CUST-0020,Jonathan Robinson,PROD-ELE-002,USB-C Hub,Electronics,1,92.69,2024-05-27,North America,Online
ORD-000976,CUST-0069,Amy Lewis,PROD-FUR-007,Side Table,Furniture,1,358.81,2024-10-10,North America,Online
ORD-000977,CUST-0090,Angela Parker,PROD-ELE-001,Mechanical Keyboard,Electronics,5,156.88,2024-12-09,North America,Distributor
ORD-000978,CUST-0047,Brianna Hoffman,PROD-ELE-004,Webcam 1080p,Electronics,1,257.03,2024-07-25,North America,Online
ORD-000979,CUST-0042,Tyler Oneill,PROD-ELE-002,USB-C Hub,Electronics,1,423.98,2024-12-20,Asia Pacific,Online
ORD-000980,CUST-0001,Marie Ramos,PROD-ELE-005,Portable SSD,Electronics,1,67.96,2024-12-12,North America,Retail
ORD-000981,CUST-0119,Joseph Fox,PROD-ELE-007,HDMI Cable,Electronics,1,489.19,2024-11-19,Europe,Distributor
ORD-000982,CUST-0117,Kelly Parker,PROD-ELE-002,USB-C Hub,Electronics,4,399.44,2024-10-29,Europe,Online
ORD-000983,CUST-0036,Roger Bennett,PROD-STA-001,Ballpoint Pen Pack,Stationery,6,7.45,2024-12-18,Asia Pacific,Online
ORD-000984,CUST-0047,Brianna Hoffman,PROD-STA-002,Highlighter Set,Stationery,9,11.6,2024-08-16,North America,Online
ORD-000985,CUST-0102,Jason Hart,PROD-FUR-001,Monitor Arm,Furniture,1,580.13,2024-03-20,North America,Retail
ORD-000986,CUST-0030,Ashley Hernandez PhD,PROD-FUR-003,Bookshelf,Furniture,3,64.65,2024-01-24,Asia Pacific,Retail
ORD-000987,CUST-0111,Lindsay Garner,PROD-FUR-007,Side Table,Furniture,3,405.72,2024-03-10,North America,Online
ORD-000988,CUST-0021,Nathan Tucker,PROD-FUR-000,Standing Desk Mat,Furniture,2,93.49,2024-01-30,Europe,Online
ORD-000989,CUST-0112,Kayla Barnes,PROD-ELE-005,Portable SSD,Electronics,1,397.21,2024-11-14,North America,Online
ORD-000990,CUST-0093,Ashley Bradley,PROD-ELE-002,USB-C Hub,Electronics,3,125.01,2024-06-19,Europe,Online
ORD-000991,CUST-0020,Jonathan Robinson,PROD-STA-006,Stapler,Stationery,7,17.44,2024-12-21,North America,Online
ORD-000992,CUST-0061,Tammy Evans,PROD-STA-003,Sticky Notes,Stationery,6,11.39,2024-01-19,Europe,Online
ORD-000993,CUST-0006,Robert Schmitt,PROD-STA-001,Ballpoint Pen Pack,Stationery,2,16.31,2024-01-06,Europe,Online
ORD-000994,CUST-0088,Alex Coleman,PROD-ELE-004,Webcam 1080p,Electronics,2,367.54,2024-01-09,Asia Pacific,Retail
ORD-000995,CUST-0077,Jay Brown,PROD-STA-000,Notebook A5,Stationery,5,19.43,2024-01-13,North America,Distributor
ORD-000996,CUST-0004,Evelyn Wall,PROD-STA-002,Highlighter Set,Stationery,7,9.39,2024-10-09,Asia Pacific,Retail
ORD-000997,CUST-0058,Patricia Francis,PROD-ELE-007,HDMI Cable,Electronics,4,131.27,2024-12-23,North America,Online
ORD-000998,CUST-0015,Shawn Knight,PROD-STA-000,Notebook A5,Stationery,13,18.0,2024-03-18,Asia Pacific,Online
ORD-000999,CUST-0029,Charles Moran DDS,PROD-STA-000,Notebook A5,Stationery,8,14.86,2024-05-28,North America,Online
