item_id,order_id,product_id,quantity,unit_price,line_total
1,1,177,1,684.52,684.52
2,2,145,2,301.22,602.44
3,3,106,1,905.67,905.67
4,3,53,4,377.58,1510.32
5,4,137,1,694.96,694.96
6,4,27,5,682.78,3413.9
7,4,113,2,329.25,658.5
8,4,57,2,382.38,764.76
9,5,95,1,929.22,929.22
10,5,10,3,477.51,1432.53
11,6,151,4,919.17,3676.68
12,7,72,5,937.46,4687.3
13,8,54,1,84.85,84.85
14,8,88,2,959.49,1918.98
15,8,157,1,400.72,400.72
16,8,24,3,748.59,2245.77
17,9,12,4,967.23,3868.92
18,9,177,3,684.52,2053.56
19,10,169,1,629.93,629.93
20,10,126,2,71.84,143.68
21,11,85,1,723.57,723.57
22,11,23,5,294.0,1470.0
23,11,150,2,985.55,1971.1
24,11,148,3,814.45,2443.35
25,12,110,3,842.4,2527.2
26,13,193,4,573.67,2294.68
27,13,143,2,574.84,1149.68
28,13,7,1,141.35,141.35
29,14,171,3,963.42,2890.26
30,15,45,2,527.87,1055.74
31,15,60,1,248.51,248.51
32,16,51,2,701.88,1403.76
33,16,51,2,701.88,1403.76
34,17,118,1,923.87,923.87
35,17,170,4,91.25,365.0
36,17,58,5,37.06,185.3
37,18,9,1,595.75,595.75
38,18,186,2,734.26,1468.52
39,19,161,3,882.73,2648.19
40,19,176,4,934.25,3737.0
41,19,40,1,265.24,265.24
42,20,122,4,560.2,2240.8
43,20,2,2,433.77,867.54
44,21,9,5,595.75,2978.75
45,21,45,4,527.87,2111.48
46,21,28,1,654.62,654.62
47,22,55,1,123.04,123.04
48,22,40,4,265.24,1060.96
49,23,112,2,968.87,1937.74
50,24,69,5,97.0,485.0
51,24,183,5,925.0,4625.0
52,25,116,2,674.61,1349.22
53,25,153,5,492.01,2460.05
54,25,170,5,91.25,456.25
55,26,115,4,943.25,3773.0
56,26,45,5,527.87,2639.35
57,27,72,3,937.46,2812.38
58,27,67,5,806.74,4033.7
59,27,55,1,123.04,123.04
60,27,51,4,701.88,2807.52
61,28,97,5,503.28,2516.4
62,28,120,1,170.51,170.51
63,28,149,1,172.53,172.53
64,29,14,2,152.04,304.08
65,29,189,5,774.45,3872.25
66,30,144,4,761.2,3044.8
67,31,167,5,881.58,4407.9
68,31,183,2,925.0,1850.0
69,31,14,5,152.04,760.2
70,31,47,5,855.21,4276.05
71,32,33,2,570.12,1140.24
72,32,13,5,585.6,2928.0
73,33,62,5,579.58,2897.9
74,34,87,5,621.68,3108.4
75,35,67,3,806.74,2420.22
76,36,141,2,796.89,1593.78
77,36,46,1,829.62,829.62
78,36,110,4,842.4,3369.6
79,37,36,2,19.01,38.02
80,37,179,1,290.05,290.05
81,38,160,4,444.08,1776.32
82,38,19,4,612.02,2448.08
83,39,189,3,774.45,2323.35
84,40,43,3,157.42,472.26
85,40,87,1,621.68,621.68
86,40,9,1,595.75,595.75
87,40,200,1,983.19,983.19
88,41,186,1,734.26,734.26
89,42,83,2,72.63,145.26
90,43,22,2,382.79,765.58
91,44,26,4,229.54,918.16
92,44,138,3,191.16,573.48
93,44,15,5,23.84,119.2
94,44,7,2,141.35,282.7
95,45,81,4,917.31,3669.24
96,45,173,1,848.64,848.64
97,45,130,3,594.24,1782.72
98,46,67,2,806.74,1613.48
99,46,22,5,382.79,1913.95
100,46,38,5,403.83,2019.15
101,47,74,4,383.75,1535.0
102,47,134,1,814.66,814.66
103,47,39,2,264.48,528.96
104,47,196,3,740.87,2222.61
105,48,81,4,917.31,3669.24
106,49,11,5,797.76,3988.8
107,49,112,4,968.87,3875.48
108,49,7,1,141.35,141.35
109,49,154,1,635.45,635.45
110,50,170,3,91.25,273.75
111,51,97,3,503.28,1509.84
112,51,163,3,727.35,2182.05
113,52,93,5,686.0,3430.0
114,53,136,2,391.52,783.04
115,53,104,4,556.96,2227.84
116,53,145,1,301.22,301.22
117,54,106,2,905.67,1811.34
118,54,69,5,97.0,485.0
119,55,83,3,72.63,217.89
120,55,170,1,91.25,91.25
121,56,80,2,172.39,344.78
122,56,148,4,814.45,3257.8
123,56,187,1,526.23,526.23
124,57,161,4,882.73,3530.92
125,58,105,2,864.39,1728.78
126,59,106,5,905.67,4528.35
127,59,158,5,341.06,1705.3
128,60,159,3,50.71,152.13
129,60,5,5,133.02,665.1
130,60,200,5,983.19,4915.95
131,60,48,2,899.39,1798.78
132,61,16,3,776.09,2328.27
133,62,32,4,190.38,761.52
134,63,136,1,391.52,391.52
135,63,143,5,574.84,2874.2
136,63,190,1,7.56,7.56
137,64,161,3,882.73,2648.19
138,64,165,2,13.02,26.04
139,64,141,4,796.89,3187.56
140,65,64,5,627.86,3139.3
141,65,50,4,258.18,1032.72
142,65,184,2,123.84,247.68
143,65,136,1,391.52,391.52
144,66,69,2,97.0,194.0
145,66,40,1,265.24,265.24
146,66,37,4,612.89,2451.56
147,66,159,3,50.71,152.13
148,67,134,5,814.66,4073.3
149,67,166,3,75.47,226.41
150,68,77,2,264.47,528.94
151,68,6,2,756.18,1512.36
152,68,108,2,423.99,847.98
153,68,95,5,929.22,4646.1
154,69,55,1,123.04,123.04
155,69,80,3,172.39,517.17
156,69,22,4,382.79,1531.16
157,69,11,4,797.76,3191.04
158,70,162,4,87.01,348.04
159,70,41,3,163.92,491.76
160,70,193,3,573.67,1721.01
161,71,11,2,797.76,1595.52
162,71,104,2,556.96,1113.92
163,71,185,3,519.63,1558.89
164,72,140,2,686.27,1372.54
165,72,76,2,373.85,747.7
166,72,187,1,526.23,526.23
167,73,121,4,965.88,3863.52
168,74,106,3,905.67,2717.01
169,74,75,5,468.67,2343.35
170,74,148,5,814.45,4072.25
171,75,198,2,236.83,473.66
172,76,95,2,929.22,1858.44
173,77,71,3,481.99,1445.97
174,77,186,2,734.26,1468.52
175,78,157,1,400.72,400.72
176,78,173,3,848.64,2545.92
177,78,10,3,477.51,1432.53
178,78,176,1,934.25,934.25
179,79,62,2,579.58,1159.16
180,79,56,2,757.39,1514.78
181,79,196,3,740.87,2222.61
182,80,135,3,316.62,949.86
183,80,151,3,919.17,2757.51
184,81,102,2,740.95,1481.9
185,82,27,1,682.78,682.78
186,82,25,5,141.59,707.95
187,83,135,4,316.62,1266.48
188,83,185,1,519.63,519.63
189,83,140,1,686.27,686.27
190,83,156,2,732.27,1464.54
191,84,152,1,253.43,253.43
192,84,162,2,87.01,174.02
193,85,56,2,757.39,1514.78
194,85,104,3,556.96,1670.88
195,85,58,1,37.06,37.06
196,85,105,1,864.39,864.39
197,86,22,5,382.79,1913.95
198,87,195,3,330.66,991.98
199,87,100,1,434.68,434.68
200,87,119,5,595.84,2979.2
201,87,105,5,864.39,4321.95
202,88,3,2,403.57,807.14
203,89,7,1,141.35,141.35
204,89,151,1,919.17,919.17
205,90,200,4,983.19,3932.76
206,90,29,5,324.56,1622.8
207,90,33,5,570.12,2850.6
208,91,63,4,224.94,899.76
209,92,121,4,965.88,3863.52
210,92,68,3,138.42,415.26
211,92,153,1,492.01,492.01
212,93,1,5,599.53,2997.65
213,93,175,2,388.95,777.9
214,93,101,3,799.06,2397.18
215,93,157,3,400.72,1202.16
216,94,15,1,23.84,23.84
217,94,80,5,172.39,861.95
218,95,32,5,190.38,951.9
219,96,28,5,654.62,3273.1
220,96,75,2,468.67,937.34
221,96,60,4,248.51,994.04
222,97,88,1,959.49,959.49
223,97,151,2,919.17,1838.34
224,97,194,4,981.5,3926.0
225,97,50,2,258.18,516.36
226,98,56,5,757.39,3786.95
227,98,155,5,457.42,2287.1
228,99,19,2,612.02,1224.04
229,99,116,3,674.61,2023.83
230,100,87,4,621.68,2486.72
231,100,20,1,772.31,772.31
232,100,66,1,755.64,755.64
233,101,34,5,526.69,2633.45
234,101,138,4,191.16,764.64
235,101,192,1,228.39,228.39
236,102,162,1,87.01,87.01
237,102,200,3,983.19,2949.57
238,102,61,4,144.43,577.72
239,103,110,4,842.4,3369.6
240,103,191,1,920.62,920.62
241,103,133,1,613.25,613.25
242,103,30,2,537.47,1074.94
243,104,200,1,983.19,983.19
244,104,11,2,797.76,1595.52
245,104,15,5,23.84,119.2
246,104,53,3,377.58,1132.74
247,105,102,5,740.95,3704.75
248,105,23,1,294.0,294.0
249,105,99,2,34.48,68.96
250,105,176,4,934.25,3737.0
251,106,83,2,72.63,145.26
252,107,45,2,527.87,1055.74
253,108,88,3,959.49,2878.47
254,108,14,4,152.04,608.16
255,108,131,5,579.46,2897.3
256,109,112,5,968.87,4844.35
257,109,28,4,654.62,2618.48
258,110,109,5,595.83,2979.15
259,110,165,2,13.02,26.04
260,110,160,2,444.08,888.16
261,110,135,3,316.62,949.86
262,111,192,1,228.39,228.39
263,111,30,2,537.47,1074.94
264,111,78,5,333.21,1666.05
265,112,136,4,391.52,1566.08
266,113,88,3,959.49,2878.47
267,113,61,4,144.43,577.72
268,114,105,1,864.39,864.39
269,114,55,2,123.04,246.08
270,115,158,1,341.06,341.06
271,115,14,1,152.04,152.04
272,115,171,3,963.42,2890.26
273,116,177,1,684.52,684.52
274,116,156,1,732.27,732.27
275,116,130,3,594.24,1782.72
276,116,145,5,301.22,1506.1
277,117,75,3,468.67,1406.01
278,118,5,4,133.02,532.08
279,118,66,5,755.64,3778.2
280,119,104,5,556.96,2784.8
281,119,181,5,921.31,4606.55
282,120,197,5,733.79,3668.95
283,120,147,4,861.73,3446.92
284,120,200,3,983.19,2949.57
285,120,142,5,781.83,3909.15
286,121,23,5,294.0,1470.0
287,121,76,2,373.85,747.7
288,121,138,3,191.16,573.48
289,121,149,4,172.53,690.12
290,122,38,3,403.83,1211.49
291,122,145,1,301.22,301.22
292,123,6,5,756.18,3780.9
293,123,80,5,172.39,861.95
294,123,159,2,50.71,101.42
295,124,49,1,566.09,566.09
296,124,48,2,899.39,1798.78
297,125,200,2,983.19,1966.38
298,125,199,4,760.13,3040.52
299,125,104,5,556.96,2784.8
300,126,105,5,864.39,4321.95
301,127,143,4,574.84,2299.36
302,128,102,1,740.95,740.95
303,128,118,4,923.87,3695.48
304,129,165,4,13.02,52.08
305,130,192,2,228.39,456.78
306,130,80,5,172.39,861.95
307,131,134,5,814.66,4073.3
308,131,57,3,382.38,1147.14
309,132,167,2,881.58,1763.16
310,132,134,2,814.66,1629.32
311,132,169,5,629.93,3149.65
312,133,73,1,697.14,697.14
313,134,105,1,864.39,864.39
314,134,37,5,612.89,3064.45
315,134,157,4,400.72,1602.88
316,135,8,5,144.08,720.4
317,135,38,4,403.83,1615.32
318,135,152,3,253.43,760.29
319,136,112,3,968.87,2906.61
320,136,24,5,748.59,3742.95
321,137,147,4,861.73,3446.92
322,137,89,4,655.46,2621.84
323,137,162,1,87.01,87.01
324,137,56,1,757.39,757.39
325,138,110,1,842.4,842.4
326,138,173,2,848.64,1697.28
327,138,197,2,733.79,1467.58
328,138,136,3,391.52,1174.56
329,139,193,1,573.67,573.67
330,139,65,2,786.87,1573.74
331,139,199,3,760.13,2280.39
332,140,139,2,140.85,281.7
333,140,62,5,579.58,2897.9
334,140,198,3,236.83,710.49
335,140,131,3,579.46,1738.38
336,141,8,2,144.08,288.16
337,142,193,2,573.67,1147.34
338,142,1,1,599.53,599.53
339,142,171,5,963.42,4817.1
340,142,112,5,968.87,4844.35
341,143,100,1,434.68,434.68
342,143,15,1,23.84,23.84
343,143,196,4,740.87,2963.48
344,143,129,2,190.45,380.9
345,144,21,2,562.68,1125.36
346,145,7,1,141.35,141.35
347,145,17,4,521.08,2084.32
348,145,136,1,391.52,391.52
349,146,21,3,562.68,1688.04
350,146,162,5,87.01,435.05
351,146,19,3,612.02,1836.06
352,147,117,4,790.12,3160.48
353,148,162,5,87.01,435.05
354,148,51,5,701.88,3509.4
355,149,165,4,13.02,52.08
356,149,161,2,882.73,1765.46
357,149,13,3,585.6,1756.8
358,149,57,3,382.38,1147.14
359,150,5,4,133.02,532.08
360,150,113,4,329.25,1317.0
361,150,154,3,635.45,1906.35
362,151,42,1,640.51,640.51
363,151,183,4,925.0,3700.0
364,151,36,4,19.01,76.04
365,151,196,4,740.87,2963.48
366,152,153,2,492.01,984.02
367,152,89,1,655.46,655.46
368,153,191,4,920.62,3682.48
369,154,99,1,34.48,34.48
370,154,42,5,640.51,3202.55
371,154,180,5,642.33,3211.65
372,154,18,3,462.36,1387.08
373,155,102,5,740.95,3704.75
374,156,18,2,462.36,924.72
375,156,51,2,701.88,1403.76
376,156,117,2,790.12,1580.24
377,157,34,3,526.69,1580.07
378,158,184,2,123.84,247.68
379,158,52,3,290.65,871.95
380,158,103,1,363.11,363.11
381,159,140,1,686.27,686.27
382,159,119,1,595.84,595.84
383,159,53,2,377.58,755.16
384,159,174,1,749.1,749.1
385,160,155,2,457.42,914.84
386,161,98,1,343.89,343.89
387,162,193,4,573.67,2294.68
388,162,61,5,144.43,722.15
389,163,34,4,526.69,2106.76
390,163,127,5,678.75,3393.75
391,163,147,3,861.73,2585.19
392,164,32,2,190.38,380.76
393,164,56,4,757.39,3029.56
394,164,20,5,772.31,3861.55
395,164,76,3,373.85,1121.55
396,165,152,1,253.43,253.43
397,165,186,2,734.26,1468.52
398,165,149,3,172.53,517.59
399,166,37,4,612.89,2451.56
400,167,131,1,579.46,579.46
401,167,25,4,141.59,566.36
402,167,71,3,481.99,1445.97
403,168,61,4,144.43,577.72
404,169,175,3,388.95,1166.85
405,169,27,4,682.78,2731.12
406,170,137,1,694.96,694.96
407,170,37,4,612.89,2451.56
408,170,190,4,7.56,30.24
409,170,171,5,963.42,4817.1
410,171,48,1,899.39,899.39
411,171,4,2,506.73,1013.46
412,172,126,5,71.84,359.2
413,173,27,2,682.78,1365.56
414,173,67,5,806.74,4033.7
415,174,44,5,758.56,3792.8
416,174,140,3,686.27,2058.81
417,174,189,4,774.45,3097.8
418,174,188,5,513.22,2566.1
419,175,60,4,248.51,994.04
420,175,60,5,248.51,1242.55
421,175,63,1,224.94,224.94
422,175,132,2,118.38,236.76
423,176,105,1,864.39,864.39
424,176,87,2,621.68,1243.36
425,176,147,4,861.73,3446.92
426,177,127,5,678.75,3393.75
427,178,104,1,556.96,556.96
428,178,117,4,790.12,3160.48
429,178,180,1,642.33,642.33
430,178,104,4,556.96,2227.84
431,179,104,5,556.96,2784.8
432,179,200,2,983.19,1966.38
433,180,94,1,20.58,20.58
434,181,139,2,140.85,281.7
435,181,22,2,382.79,765.58
436,181,47,2,855.21,1710.42
437,181,162,3,87.01,261.03
438,182,173,2,848.64,1697.28
439,182,23,4,294.0,1176.0
440,182,174,3,749.1,2247.3
441,183,199,3,760.13,2280.39
442,184,27,3,682.78,2048.34
443,184,104,5,556.96,2784.8
444,184,39,1,264.48,264.48
445,184,134,2,814.66,1629.32
446,185,147,2,861.73,1723.46
447,186,146,4,441.87,1767.48
448,186,117,5,790.12,3950.6
449,186,11,5,797.76,3988.8
450,187,61,4,144.43,577.72
451,187,160,5,444.08,2220.4
452,187,139,3,140.85,422.55
453,188,41,2,163.92,327.84
454,189,85,1,723.57,723.57
455,190,170,5,91.25,456.25
456,190,111,5,303.93,1519.65
457,191,130,3,594.24,1782.72
458,191,166,2,75.47,150.94
459,191,77,5,264.47,1322.35
460,192,189,5,774.45,3872.25
461,192,132,5,118.38,591.9
462,192,162,1,87.01,87.01
463,193,73,3,697.14,2091.42
464,194,161,5,882.73,4413.65
465,194,130,4,594.24,2376.96
466,194,193,1,573.67,573.67
467,194,178,4,18.72,74.88
468,195,92,2,233.62,467.24
469,196,140,4,686.27,2745.08
470,196,115,4,943.25,3773.0
471,197,51,5,701.88,3509.4
472,197,197,2,733.79,1467.58
473,197,7,5,141.35,706.75
474,197,116,3,674.61,2023.83
475,198,200,1,983.19,983.19
476,198,158,1,341.06,341.06
477,198,185,4,519.63,2078.52
478,198,127,5,678.75,3393.75
479,199,99,5,34.48,172.4
480,199,39,5,264.48,1322.4
481,199,148,4,814.45,3257.8
482,199,130,4,594.24,2376.96
483,200,34,3,526.69,1580.07
484,200,133,5,613.25,3066.25
485,201,127,1,678.75,678.75
486,201,165,5,13.02,65.1
487,202,175,5,388.95,1944.75
488,202,1,4,599.53,2398.12
489,202,165,2,13.02,26.04
490,203,95,1,929.22,929.22
491,203,179,3,290.05,870.15
492,204,170,3,91.25,273.75
493,205,98,5,343.89,1719.45
494,205,85,4,723.57,2894.28
495,205,146,1,441.87,441.87
496,205,8,1,144.08,144.08
497,206,72,5,937.46,4687.3
498,206,46,3,829.62,2488.86
499,207,69,3,97.0,291.0
500,207,47,5,855.21,4276.05
501,207,101,4,799.06,3196.24
502,208,51,2,701.88,1403.76
503,208,91,5,646.68,3233.4
504,208,76,2,373.85,747.7
505,208,164,2,217.35,434.7
506,209,175,5,388.95,1944.75
507,209,190,5,7.56,37.8
508,210,101,2,799.06,1598.12
509,210,50,5,258.18,1290.9
510,210,147,1,861.73,861.73
511,211,104,2,556.96,1113.92
512,211,67,1,806.74,806.74
513,211,176,3,934.25,2802.75
514,212,137,3,694.96,2084.88
515,212,185,4,519.63,2078.52
516,213,88,4,959.49,3837.96
517,213,43,5,157.42,787.1
518,214,104,5,556.96,2784.8
519,214,57,2,382.38,764.76
520,215,136,5,391.52,1957.6
521,215,176,3,934.25,2802.75
522,215,27,2,682.78,1365.56
523,216,144,4,761.2,3044.8
524,217,94,1,20.58,20.58
525,217,166,4,75.47,301.88
526,217,133,3,613.25,1839.75
527,218,144,3,761.2,2283.6
528,218,5,5,133.02,665.1
529,218,83,4,72.63,290.52
530,218,198,3,236.83,710.49
531,219,58,1,37.06,37.06
532,219,50,3,258.18,774.54
533,219,161,5,882.73,4413.65
534,220,173,5,848.64,4243.2
535,221,29,4,324.56,1298.24
536,222,43,1,157.42,157.42
537,222,51,5,701.88,3509.4
538,222,181,3,921.31,2763.93
539,222,149,2,172.53,345.06
540,223,10,1,477.51,477.51
541,223,94,2,20.58,41.16
542,223,101,3,799.06,2397.18
543,224,84,3,660.98,1982.94
544,225,28,3,654.62,1963.86
545,225,84,2,660.98,1321.96
546,225,28,2,654.62,1309.24
547,225,187,2,526.23,1052.46
548,226,159,2,50.71,101.42
549,226,108,4,423.99,1695.96
550,226,187,5,526.23,2631.15
551,227,61,4,144.43,577.72
552,228,82,1,945.45,945.45
553,228,5,5,133.02,665.1
554,228,69,2,97.0,194.0
555,228,179,1,290.05,290.05
556,229,198,1,236.83,236.83
557,229,10,3,477.51,1432.53
558,229,46,4,829.62,3318.48
559,230,158,5,341.06,1705.3
560,230,32,5,190.38,951.9
561,230,135,4,316.62,1266.48
562,230,144,1,761.2,761.2
563,231,194,4,981.5,3926.0
564,231,2,3,433.77,1301.31
565,232,34,2,526.69,1053.38
566,232,132,5,118.38,591.9
567,232,143,3,574.84,1724.52
568,233,42,2,640.51,1281.02
569,233,85,5,723.57,3617.85
570,233,199,4,760.13,3040.52
571,233,107,1,143.14,143.14
572,234,198,5,236.83,1184.15
573,234,130,4,594.24,2376.96
574,234,194,4,981.5,3926.0
575,235,72,3,937.46,2812.38
576,235,43,2,157.42,314.84
577,235,127,3,678.75,2036.25
578,235,131,3,579.46,1738.38
579,236,139,3,140.85,422.55
580,236,188,5,513.22,2566.1
581,236,109,3,595.83,1787.49
582,237,183,5,925.0,4625.0
583,237,74,2,383.75,767.5
584,237,129,2,190.45,380.9
585,238,158,1,341.06,341.06
586,238,22,4,382.79,1531.16
587,238,86,1,807.13,807.13
588,239,2,1,433.77,433.77
589,239,11,2,797.76,1595.52
590,240,96,2,678.64,1357.28
591,240,151,2,919.17,1838.34
592,240,19,2,612.02,1224.04
593,241,165,1,13.02,13.02
594,241,84,3,660.98,1982.94
595,242,54,1,84.85,84.85
596,243,88,4,959.49,3837.96
597,243,9,5,595.75,2978.75
598,243,53,4,377.58,1510.32
599,244,175,1,388.95,388.95
600,244,73,3,697.14,2091.42
601,245,134,5,814.66,4073.3
602,245,158,4,341.06,1364.24
603,245,99,5,34.48,172.4
604,246,37,4,612.89,2451.56
605,246,177,2,684.52,1369.04
606,246,109,4,595.83,2383.32
607,246,164,4,217.35,869.4
608,247,165,4,13.02,52.08
609,247,39,1,264.48,264.48
610,247,34,3,526.69,1580.07
611,248,95,3,929.22,2787.66
612,248,54,1,84.85,84.85
613,249,45,5,527.87,2639.35
614,249,28,2,654.62,1309.24
615,250,17,2,521.08,1042.16
616,250,52,5,290.65,1453.25
617,251,166,1,75.47,75.47
618,251,161,3,882.73,2648.19
619,252,16,4,776.09,3104.36
620,253,24,5,748.59,3742.95
621,254,107,3,143.14,429.42
622,254,126,2,71.84,143.68
623,255,184,5,123.84,619.2
624,255,119,3,595.84,1787.52
625,256,137,2,694.96,1389.92
626,257,104,5,556.96,2784.8
627,257,181,1,921.31,921.31
628,257,171,4,963.42,3853.68
629,257,46,2,829.62,1659.24
630,258,123,4,154.99,619.96
631,258,83,3,72.63,217.89
632,258,192,3,228.39,685.17
633,259,124,2,832.15,1664.3
634,259,98,2,343.89,687.78
635,259,147,1,861.73,861.73
636,260,37,5,612.89,3064.45
637,260,24,5,748.59,3742.95
638,260,199,4,760.13,3040.52
639,261,169,5,629.93,3149.65
640,261,62,1,579.58,579.58
641,261,101,1,799.06,799.06
642,261,141,2,796.89,1593.78
643,262,31,4,882.82,3531.28
644,262,45,1,527.87,527.87
645,262,118,2,923.87,1847.74
646,262,51,4,701.88,2807.52
647,263,145,5,301.22,1506.1
648,263,48,1,899.39,899.39
649,264,47,2,855.21,1710.42
650,264,40,5,265.24,1326.2
651,264,146,5,441.87,2209.35
652,265,190,4,7.56,30.24
653,265,44,1,758.56,758.56
654,266,84,5,660.98,3304.9
655,266,20,3,772.31,2316.93
656,266,61,5,144.43,722.15
657,266,141,2,796.89,1593.78
658,267,43,3,157.42,472.26
659,267,168,3,73.07,219.21
660,268,148,5,814.45,4072.25
661,268,53,3,377.58,1132.74
662,269,69,4,97.0,388.0
663,269,32,4,190.38,761.52
664,269,186,4,734.26,2937.04
665,270,57,2,382.38,764.76
666,270,101,3,799.06,2397.18
667,270,64,1,627.86,627.86
668,270,147,3,861.73,2585.19
669,271,65,5,786.87,3934.35
670,271,199,4,760.13,3040.52
671,271,157,1,400.72,400.72
672,272,115,5,943.25,4716.25
673,272,150,4,985.55,3942.2
674,273,48,5,899.39,4496.95
675,274,113,1,329.25,329.25
676,274,42,1,640.51,640.51
677,275,64,5,627.86,3139.3
678,275,120,5,170.51,852.55
679,275,128,1,334.33,334.33
680,276,126,3,71.84,215.52
681,276,36,5,19.01,95.05
682,277,34,2,526.69,1053.38
683,277,8,1,144.08,144.08
684,278,94,4,20.58,82.32
685,278,187,1,526.23,526.23
686,279,45,1,527.87,527.87
687,279,12,3,967.23,2901.69
688,280,156,4,732.27,2929.08
689,280,133,5,613.25,3066.25
690,280,130,5,594.24,2971.2
691,280,113,3,329.25,987.75
692,281,178,3,18.72,56.16
693,281,171,5,963.42,4817.1
694,282,48,2,899.39,1798.78
695,282,164,5,217.35,1086.75
696,282,101,1,799.06,799.06
697,283,52,1,290.65,290.65
698,284,78,2,333.21,666.42
699,284,100,1,434.68,434.68
700,284,147,5,861.73,4308.65
701,285,29,4,324.56,1298.24
702,285,18,3,462.36,1387.08
703,285,42,2,640.51,1281.02
704,286,6,2,756.18,1512.36
705,287,200,5,983.19,4915.95
706,287,192,3,228.39,685.17
707,288,24,3,748.59,2245.77
708,289,123,3,154.99,464.97
709,289,168,5,73.07,365.35
710,290,15,5,23.84,119.2
711,290,51,1,701.88,701.88
712,291,121,1,965.88,965.88
713,291,54,5,84.85,424.25
714,291,128,1,334.33,334.33
715,291,156,1,732.27,732.27
716,292,102,1,740.95,740.95
717,292,163,2,727.35,1454.7
718,293,30,2,537.47,1074.94
719,293,41,1,163.92,163.92
720,294,105,4,864.39,3457.56
721,294,193,2,573.67,1147.34
722,294,14,1,152.04,152.04
723,294,156,1,732.27,732.27
724,295,29,4,324.56,1298.24
725,296,27,2,682.78,1365.56
726,296,47,1,855.21,855.21
727,296,31,5,882.82,4414.1
728,296,185,1,519.63,519.63
729,297,35,3,809.76,2429.28
730,297,170,5,91.25,456.25
731,297,195,4,330.66,1322.64
732,297,64,2,627.86,1255.72
733,298,10,3,477.51,1432.53
734,298,147,2,861.73,1723.46
735,299,98,3,343.89,1031.67
736,299,54,5,84.85,424.25
737,299,4,2,506.73,1013.46
738,299,117,3,790.12,2370.36
739,300,39,3,264.48,793.44
740,301,26,1,229.54,229.54
741,301,73,1,697.14,697.14
742,302,161,5,882.73,4413.65
743,302,36,3,19.01,57.03
744,302,3,5,403.57,2017.85
745,302,171,3,963.42,2890.26
746,303,39,5,264.48,1322.4
747,303,74,4,383.75,1535.0
748,304,5,5,133.02,665.1
749,304,50,3,258.18,774.54
750,305,185,4,519.63,2078.52
751,305,17,1,521.08,521.08
752,305,55,5,123.04,615.2
753,306,33,5,570.12,2850.6
754,306,128,1,334.33,334.33
755,306,199,1,760.13,760.13
756,307,117,1,790.12,790.12
757,307,37,3,612.89,1838.67
758,308,109,3,595.83,1787.49
759,308,141,3,796.89,2390.67
760,309,100,3,434.68,1304.04
761,309,196,2,740.87,1481.74
762,309,55,1,123.04,123.04
763,310,20,2,772.31,1544.62
764,310,7,2,141.35,282.7
765,310,124,1,832.15,832.15
766,311,32,3,190.38,571.14
767,311,158,2,341.06,682.12
768,311,123,2,154.99,309.98
769,311,143,4,574.84,2299.36
770,312,16,2,776.09,1552.18
771,312,154,5,635.45,3177.25
772,312,16,4,776.09,3104.36
773,313,111,4,303.93,1215.72
774,314,106,2,905.67,1811.34
775,315,33,3,570.12,1710.36
776,315,136,1,391.52,391.52
777,316,82,3,945.45,2836.35
778,316,41,1,163.92,163.92
779,316,57,3,382.38,1147.14
780,317,64,1,627.86,627.86
781,318,5,5,133.02,665.1
782,319,104,4,556.96,2227.84
783,319,145,4,301.22,1204.88
784,319,95,4,929.22,3716.88
785,320,160,1,444.08,444.08
786,320,95,4,929.22,3716.88
787,320,152,3,253.43,760.29
788,321,73,4,697.14,2788.56
789,321,45,2,527.87,1055.74
790,321,65,4,786.87,3147.48
791,322,36,3,19.01,57.03
792,323,112,1,968.87,968.87
793,323,29,1,324.56,324.56
794,323,143,1,574.84,574.84
795,323,197,1,733.79,733.79
796,324,10,2,477.51,955.02
797,325,189,4,774.45,3097.8
798,326,26,4,229.54,918.16
799,326,103,3,363.11,1089.33
800,327,126,2,71.84,143.68
801,328,133,1,613.25,613.25
802,328,140,1,686.27,686.27
803,328,133,1,613.25,613.25
804,328,187,3,526.23,1578.69
805,329,28,2,654.62,1309.24
806,329,152,1,253.43,253.43
807,329,185,1,519.63,519.63
808,329,88,1,959.49,959.49
809,330,22,2,382.79,765.58
810,330,131,1,579.46,579.46
811,330,105,4,864.39,3457.56
812,330,27,2,682.78,1365.56
813,331,119,2,595.84,1191.68
814,332,21,1,562.68,562.68
815,332,74,3,383.75,1151.25
816,332,136,3,391.52,1174.56
817,333,77,2,264.47,528.94
818,333,103,2,363.11,726.22
819,333,30,2,537.47,1074.94
820,333,7,1,141.35,141.35
821,334,47,3,855.21,2565.63
822,334,137,5,694.96,3474.8
823,334,174,3,749.1,2247.3
824,334,115,4,943.25,3773.0
825,335,153,3,492.01,1476.03
826,335,128,1,334.33,334.33
827,335,53,1,377.58,377.58
828,335,144,1,761.2,761.2
829,336,51,2,701.88,1403.76
830,336,156,4,732.27,2929.08
831,336,41,4,163.92,655.68
832,337,112,4,968.87,3875.48
833,337,112,2,968.87,1937.74
834,337,21,3,562.68,1688.04
835,338,135,2,316.62,633.24
836,339,180,4,642.33,2569.32
837,339,5,1,133.02,133.02
838,340,69,4,97.0,388.0
839,341,109,1,595.83,595.83
840,341,80,3,172.39,517.17
841,341,161,5,882.73,4413.65
842,341,7,1,141.35,141.35
843,342,13,4,585.6,2342.4
844,343,171,4,963.42,3853.68
845,343,32,3,190.38,571.14
846,343,10,1,477.51,477.51
847,343,192,3,228.39,685.17
848,344,140,5,686.27,3431.35
849,344,18,5,462.36,2311.8
850,345,147,1,861.73,861.73
851,345,81,2,917.31,1834.62
852,345,171,1,963.42,963.42
853,346,45,1,527.87,527.87
854,346,66,5,755.64,3778.2
855,346,156,5,732.27,3661.35
856,347,151,3,919.17,2757.51
857,348,102,5,740.95,3704.75
858,348,136,4,391.52,1566.08
859,348,164,2,217.35,434.7
860,348,166,1,75.47,75.47
861,349,119,5,595.84,2979.2
862,349,113,1,329.25,329.25
863,350,98,5,343.89,1719.45
864,350,143,3,574.84,1724.52
865,350,27,4,682.78,2731.12
866,350,98,1,343.89,343.89
867,351,56,4,757.39,3029.56
868,351,74,1,383.75,383.75
869,352,123,5,154.99,774.95
870,352,69,2,97.0,194.0
871,352,60,2,248.51,497.02
872,352,196,3,740.87,2222.61
873,353,47,2,855.21,1710.42
874,353,189,5,774.45,3872.25
875,353,172,5,555.62,2778.1
876,353,153,3,492.01,1476.03
877,354,157,4,400.72,1602.88
878,355,18,3,462.36,1387.08
879,356,111,2,303.93,607.86
880,356,7,2,141.35,282.7
881,357,14,5,152.04,760.2
882,357,118,5,923.87,4619.35
883,357,44,1,758.56,758.56
884,357,23,4,294.0,1176.0
885,358,41,1,163.92,163.92
886,359,25,5,141.59,707.95
887,359,22,2,382.79,765.58
888,359,95,5,929.22,4646.1
889,360,38,1,403.83,403.83
890,360,22,4,382.79,1531.16
891,360,6,5,756.18,3780.9
892,360,129,5,190.45,952.25
893,361,170,5,91.25,456.25
894,361,8,1,144.08,144.08
895,361,140,4,686.27,2745.08
896,362,78,5,333.21,1666.05
897,362,36,2,19.01,38.02
898,362,195,1,330.66,330.66
899,363,92,5,233.62,1168.1
900,363,132,2,118.38,236.76
901,363,147,4,861.73,3446.92
902,363,130,3,594.24,1782.72
903,364,3,5,403.57,2017.85
904,364,45,1,527.87,527.87
905,364,7,3,141.35,424.05
906,364,139,1,140.85,140.85
907,365,122,3,560.2,1680.6
908,365,122,1,560.2,560.2
909,365,47,2,855.21,1710.42
910,365,98,5,343.89,1719.45
911,366,77,5,264.47,1322.35
912,367,24,1,748.59,748.59
913,367,41,5,163.92,819.6
914,367,128,5,334.33,1671.65
915,367,70,2,874.24,1748.48
916,368,144,5,761.2,3806.0
917,368,39,4,264.48,1057.92
918,368,186,4,734.26,2937.04
919,368,149,4,172.53,690.12
920,369,69,1,97.0,97.0
921,370,59,1,210.05,210.05
922,370,67,1,806.74,806.74
923,370,149,4,172.53,690.12
924,371,91,4,646.68,2586.72
925,372,127,5,678.75,3393.75
926,373,46,4,829.62,3318.48
927,373,73,5,697.14,3485.7
928,374,86,4,807.13,3228.52
929,374,91,1,646.68,646.68
930,375,149,4,172.53,690.12
931,375,47,3,855.21,2565.63
932,375,164,1,217.35,217.35
933,375,155,4,457.42,1829.68
934,376,157,4,400.72,1602.88
935,376,99,5,34.48,172.4
936,376,64,3,627.86,1883.58
937,377,7,3,141.35,424.05
938,377,116,5,674.61,3373.05
939,377,80,2,172.39,344.78
940,377,17,4,521.08,2084.32
941,378,40,5,265.24,1326.2
942,379,27,4,682.78,2731.12
943,379,37,2,612.89,1225.78
944,379,92,5,233.62,1168.1
945,380,162,4,87.01,348.04
946,380,71,5,481.99,2409.95
947,381,1,5,599.53,2997.65
948,381,147,2,861.73,1723.46
949,382,137,4,694.96,2779.84
950,382,137,5,694.96,3474.8
951,382,59,5,210.05,1050.25
952,383,112,2,968.87,1937.74
953,384,102,4,740.95,2963.8
954,384,39,5,264.48,1322.4
955,384,114,5,594.26,2971.3
956,385,109,1,595.83,595.83
957,386,23,3,294.0,882.0
958,387,55,1,123.04,123.04
959,388,92,5,233.62,1168.1
960,388,164,2,217.35,434.7
961,389,183,4,925.0,3700.0
962,389,28,2,654.62,1309.24
963,390,122,4,560.2,2240.8
964,390,1,3,599.53,1798.59
965,391,64,1,627.86,627.86
966,391,66,3,755.64,2266.92
967,392,103,3,363.11,1089.33
968,393,43,3,157.42,472.26
969,394,193,3,573.67,1721.01
970,394,127,2,678.75,1357.5
971,394,68,1,138.42,138.42
972,395,110,3,842.4,2527.2
973,396,50,3,258.18,774.54
974,397,8,5,144.08,720.4
975,397,107,4,143.14,572.56
976,397,17,4,521.08,2084.32
977,398,192,1,228.39,228.39
978,398,198,5,236.83,1184.15
979,398,33,3,570.12,1710.36
980,398,153,5,492.01,2460.05
981,399,140,5,686.27,3431.35
982,400,103,4,363.11,1452.44
983,401,25,3,141.59,424.77
984,401,21,4,562.68,2250.72
985,402,106,5,905.67,4528.35
986,402,27,2,682.78,1365.56
987,402,84,5,660.98,3304.9
988,403,101,4,799.06,3196.24
989,403,68,5,138.42,692.1
990,404,158,5,341.06,1705.3
991,404,159,2,50.71,101.42
992,404,179,5,290.05,1450.25
993,404,102,5,740.95,3704.75
994,405,80,5,172.39,861.95
995,405,98,5,343.89,1719.45
996,405,80,1,172.39,172.39
997,405,84,3,660.98,1982.94
998,406,81,1,917.31,917.31
999,406,29,1,324.56,324.56
1000,406,158,2,341.06,682.12
1001,407,15,4,23.84,95.36
1002,407,93,2,686.0,1372.0
1003,408,178,1,18.72,18.72
1004,408,90,1,554.93,554.93
1005,408,19,4,612.02,2448.08
1006,408,21,4,562.68,2250.72
1007,409,59,5,210.05,1050.25
1008,410,54,4,84.85,339.4
1009,410,81,2,917.31,1834.62
1010,410,106,2,905.67,1811.34
1011,410,26,5,229.54,1147.7
1012,411,84,3,660.98,1982.94
1013,411,154,1,635.45,635.45
1014,411,98,4,343.89,1375.56
1015,412,13,1,585.6,585.6
1016,413,35,3,809.76,2429.28
1017,413,136,5,391.52,1957.6
1018,413,65,2,786.87,1573.74
1019,414,76,4,373.85,1495.4
1020,415,175,3,388.95,1166.85
1021,415,190,5,7.56,37.8
1022,415,158,4,341.06,1364.24
1023,415,111,4,303.93,1215.72
1024,416,13,3,585.6,1756.8
1025,416,112,3,968.87,2906.61
1026,416,42,1,640.51,640.51
1027,416,80,3,172.39,517.17
1028,417,94,4,20.58,82.32
1029,417,194,4,981.5,3926.0
1030,417,88,5,959.49,4797.45
1031,417,8,5,144.08,720.4
1032,418,79,3,261.04,783.12
1033,418,57,2,382.38,764.76
1034,418,130,5,594.24,2971.2
1035,418,8,4,144.08,576.32
1036,419,63,3,224.94,674.82
1037,419,67,4,806.74,3226.96
1038,420,34,2,526.69,1053.38
1039,420,198,4,236.83,947.32
1040,420,87,3,621.68,1865.04
1041,420,14,1,152.04,152.04
1042,421,162,3,87.01,261.03
1043,421,155,5,457.42,2287.1
1044,421,89,2,655.46,1310.92
1045,421,14,1,152.04,152.04
1046,422,42,2,640.51,1281.02
1047,422,31,2,882.82,1765.64
1048,422,39,3,264.48,793.44
1049,422,47,4,855.21,3420.84
1050,423,123,4,154.99,619.96
1051,423,80,4,172.39,689.56
1052,423,35,3,809.76,2429.28
1053,423,157,1,400.72,400.72
1054,424,8,1,144.08,144.08
1055,424,21,2,562.68,1125.36
1056,424,72,1,937.46,937.46
1057,424,24,3,748.59,2245.77
1058,425,137,5,694.96,3474.8
1059,425,164,4,217.35,869.4
1060,425,16,1,776.09,776.09
1061,426,28,4,654.62,2618.48
1062,427,124,4,832.15,3328.6
1063,427,144,2,761.2,1522.4
1064,427,51,1,701.88,701.88
1065,427,45,5,527.87,2639.35
1066,428,114,1,594.26,594.26
1067,428,70,4,874.24,3496.96
1068,428,35,4,809.76,3239.04
1069,429,43,4,157.42,629.68
1070,429,20,2,772.31,1544.62
1071,429,187,1,526.23,526.23
1072,430,14,2,152.04,304.08
1073,430,136,3,391.52,1174.56
1074,431,189,4,774.45,3097.8
1075,431,88,2,959.49,1918.98
1076,432,89,5,655.46,3277.3
1077,432,187,4,526.23,2104.92
1078,432,193,5,573.67,2868.35
1079,432,13,4,585.6,2342.4
1080,433,163,2,727.35,1454.7
1081,433,95,3,929.22,2787.66
1082,433,132,2,118.38,236.76
1083,434,33,1,570.12,570.12
1084,434,172,5,555.62,2778.1
1085,434,178,2,18.72,37.44
1086,435,65,3,786.87,2360.61
1087,435,193,3,573.67,1721.01
1088,435,13,1,585.6,585.6
1089,436,66,3,755.64,2266.92
1090,436,168,3,73.07,219.21
1091,436,74,4,383.75,1535.0
1092,436,87,2,621.68,1243.36
1093,437,20,1,772.31,772.31
1094,437,36,2,19.01,38.02
1095,438,183,4,925.0,3700.0
1096,438,74,5,383.75,1918.75
1097,439,175,5,388.95,1944.75
1098,439,188,1,513.22,513.22
1099,439,116,4,674.61,2698.44
1100,439,199,4,760.13,3040.52
1101,440,63,3,224.94,674.82
1102,440,166,2,75.47,150.94
1103,441,44,1,758.56,758.56
1104,441,50,5,258.18,1290.9
1105,441,138,4,191.16,764.64
1106,441,176,2,934.25,1868.5
1107,442,122,3,560.2,1680.6
1108,443,168,5,73.07,365.35
1109,444,18,5,462.36,2311.8
1110,445,64,1,627.86,627.86
1111,445,66,3,755.64,2266.92
1112,445,183,2,925.0,1850.0
1113,445,9,4,595.75,2383.0
1114,446,84,5,660.98,3304.9
1115,446,129,2,190.45,380.9
1116,447,160,2,444.08,888.16
1117,447,85,2,723.57,1447.14
1118,447,79,1,261.04,261.04
1119,448,180,1,642.33,642.33
1120,449,184,4,123.84,495.36
1121,450,122,5,560.2,2801.0
1122,450,74,5,383.75,1918.75
1123,450,18,4,462.36,1849.44
1124,450,89,2,655.46,1310.92
1125,451,66,3,755.64,2266.92
1126,451,172,3,555.62,1666.86
1127,451,67,3,806.74,2420.22
1128,452,14,5,152.04,760.2
1129,452,54,5,84.85,424.25
1130,452,93,1,686.0,686.0
1131,452,122,5,560.2,2801.0
1132,453,116,5,674.61,3373.05
1133,453,28,1,654.62,654.62
1134,454,62,5,579.58,2897.9
1135,454,32,2,190.38,380.76
1136,454,138,4,191.16,764.64
1137,455,138,4,191.16,764.64
1138,455,160,5,444.08,2220.4
1139,455,149,4,172.53,690.12
1140,456,196,5,740.87,3704.35
1141,456,16,3,776.09,2328.27
1142,457,124,5,832.15,4160.75
1143,457,180,2,642.33,1284.66
1144,457,123,1,154.99,154.99
1145,458,116,2,674.61,1349.22
1146,458,65,4,786.87,3147.48
1147,458,60,1,248.51,248.51
1148,459,187,5,526.23,2631.15
1149,460,182,3,313.62,940.86
1150,460,45,3,527.87,1583.61
1151,460,34,2,526.69,1053.38
1152,460,143,2,574.84,1149.68
1153,461,42,5,640.51,3202.55
1154,461,61,2,144.43,288.86
1155,461,146,1,441.87,441.87
1156,461,39,1,264.48,264.48
1157,462,8,4,144.08,576.32
1158,462,41,5,163.92,819.6
1159,462,54,2,84.85,169.7
1160,462,133,5,613.25,3066.25
1161,463,183,5,925.0,4625.0
1162,464,43,2,157.42,314.84
1163,464,32,1,190.38,190.38
1164,465,4,2,506.73,1013.46
1165,466,45,1,527.87,527.87
1166,466,5,1,133.02,133.02
1167,467,119,4,595.84,2383.36
1168,467,98,1,343.89,343.89
1169,467,12,1,967.23,967.23
1170,467,131,5,579.46,2897.3
1171,468,184,4,123.84,495.36
1172,468,32,1,190.38,190.38
1173,468,141,1,796.89,796.89
1174,468,76,2,373.85,747.7
1175,469,99,1,34.48,34.48
1176,469,74,1,383.75,383.75
1177,469,186,2,734.26,1468.52
1178,470,82,2,945.45,1890.9
1179,470,165,1,13.02,13.02
1180,470,151,5,919.17,4595.85
1181,471,124,3,832.15,2496.45
1182,472,193,5,573.67,2868.35
1183,472,165,2,13.02,26.04
1184,472,50,3,258.18,774.54
1185,472,80,4,172.39,689.56
1186,473,174,1,749.1,749.1
1187,473,9,1,595.75,595.75
1188,473,51,1,701.88,701.88
1189,474,193,4,573.67,2294.68
1190,474,47,1,855.21,855.21
1191,474,95,3,929.22,2787.66
1192,474,85,5,723.57,3617.85
1193,475,113,1,329.25,329.25
1194,475,85,1,723.57,723.57
1195,475,177,1,684.52,684.52
1196,475,112,4,968.87,3875.48
1197,476,109,3,595.83,1787.49
1198,476,24,1,748.59,748.59
1199,476,4,4,506.73,2026.92
1200,476,95,3,929.22,2787.66
1201,477,182,1,313.62,313.62
1202,478,73,1,697.14,697.14
1203,478,115,5,943.25,4716.25
1204,479,26,4,229.54,918.16
1205,479,158,5,341.06,1705.3
1206,479,69,5,97.0,485.0
1207,480,11,5,797.76,3988.8
1208,480,158,1,341.06,341.06
1209,480,95,5,929.22,4646.1
1210,480,195,2,330.66,661.32
1211,481,108,5,423.99,2119.95
1212,481,52,3,290.65,871.95
1213,481,142,2,781.83,1563.66
1214,481,97,5,503.28,2516.4
1215,482,41,4,163.92,655.68
1216,482,156,4,732.27,2929.08
1217,482,4,5,506.73,2533.65
1218,482,60,5,248.51,1242.55
1219,483,143,5,574.84,2874.2
1220,483,134,5,814.66,4073.3
1221,483,31,4,882.82,3531.28
1222,483,136,4,391.52,1566.08
1223,484,94,1,20.58,20.58
1224,485,152,4,253.43,1013.72
1225,485,47,3,855.21,2565.63
1226,485,117,1,790.12,790.12
1227,486,97,1,503.28,503.28
1228,486,178,5,18.72,93.6
1229,486,61,2,144.43,288.86
1230,486,6,1,756.18,756.18
1231,487,111,3,303.93,911.79
1232,487,117,5,790.12,3950.6
1233,488,98,1,343.89,343.89
1234,488,78,1,333.21,333.21
1235,489,195,5,330.66,1653.3
1236,490,36,1,19.01,19.01
1237,490,119,3,595.84,1787.52
1238,490,86,5,807.13,4035.65
1239,491,31,4,882.82,3531.28
1240,491,125,4,523.5,2094.0
1241,491,75,1,468.67,468.67
1242,492,125,3,523.5,1570.5
1243,492,99,5,34.48,172.4
1244,493,20,1,772.31,772.31
1245,493,139,5,140.85,704.25
1246,494,72,1,937.46,937.46
1247,494,156,5,732.27,3661.35
1248,495,36,4,19.01,76.04
1249,495,69,2,97.0,194.0
1250,495,42,2,640.51,1281.02
1251,495,155,4,457.42,1829.68
1252,496,132,5,118.38,591.9
1253,496,20,4,772.31,3089.24
1254,496,14,3,152.04,456.12
1255,497,69,2,97.0,194.0
1256,497,27,5,682.78,3413.9
1257,497,89,3,655.46,1966.38
1258,498,125,1,523.5,523.5
1259,498,82,4,945.45,3781.8
1260,498,200,5,983.19,4915.95
1261,499,1,5,599.53,2997.65
1262,499,37,2,612.89,1225.78
1263,500,128,1,334.33,334.33
1264,500,182,5,313.62,1568.1
1265,500,5,1,133.02,133.02
1266,501,162,4,87.01,348.04
1267,502,181,3,921.31,2763.93
1268,502,105,3,864.39,2593.17
1269,503,118,2,923.87,1847.74
1270,504,35,3,809.76,2429.28
1271,504,121,2,965.88,1931.76
1272,505,144,5,761.2,3806.0
1273,505,84,3,660.98,1982.94
1274,506,15,1,23.84,23.84
1275,507,134,5,814.66,4073.3
1276,507,47,2,855.21,1710.42
1277,507,177,3,684.52,2053.56
1278,507,184,4,123.84,495.36
1279,508,24,2,748.59,1497.18
1280,508,108,1,423.99,423.99
1281,509,139,3,140.85,422.55
1282,509,2,4,433.77,1735.08
1283,509,17,1,521.08,521.08
1284,509,90,5,554.93,2774.65
1285,510,24,1,748.59,748.59
1286,511,1,5,599.53,2997.65
1287,511,46,4,829.62,3318.48
1288,511,28,1,654.62,654.62
1289,512,48,4,899.39,3597.56
1290,512,21,1,562.68,562.68
1291,512,191,3,920.62,2761.86
1292,513,113,1,329.25,329.25
1293,513,146,2,441.87,883.74
1294,514,12,1,967.23,967.23
1295,514,119,1,595.84,595.84
1296,515,152,3,253.43,760.29
1297,515,175,1,388.95,388.95
1298,515,2,4,433.77,1735.08
1299,515,66,1,755.64,755.64
1300,516,144,3,761.2,2283.6
1301,516,179,3,290.05,870.15
1302,516,59,2,210.05,420.1
1303,517,106,5,905.67,4528.35
1304,517,143,5,574.84,2874.2
1305,517,55,4,123.04,492.16
1306,517,89,2,655.46,1310.92
1307,518,72,4,937.46,3749.84
1308,518,197,1,733.79,733.79
1309,518,106,1,905.67,905.67
1310,519,122,2,560.2,1120.4
1311,519,80,5,172.39,861.95
1312,520,55,1,123.04,123.04
1313,521,67,3,806.74,2420.22
1314,522,40,3,265.24,795.72
1315,523,57,2,382.38,764.76
1316,523,18,4,462.36,1849.44
1317,523,76,2,373.85,747.7
1318,523,187,3,526.23,1578.69
1319,524,66,5,755.64,3778.2
1320,524,196,2,740.87,1481.74
1321,524,87,2,621.68,1243.36
1322,524,108,5,423.99,2119.95
1323,525,104,3,556.96,1670.88
1324,526,10,4,477.51,1910.04
1325,526,115,2,943.25,1886.5
1326,526,151,5,919.17,4595.85
1327,526,57,3,382.38,1147.14
1328,527,139,5,140.85,704.25
1329,527,50,5,258.18,1290.9
1330,527,78,2,333.21,666.42
1331,528,59,4,210.05,840.2
1332,528,162,3,87.01,261.03
1333,528,104,2,556.96,1113.92
1334,529,85,3,723.57,2170.71
1335,530,115,4,943.25,3773.0
1336,531,181,1,921.31,921.31
1337,531,101,3,799.06,2397.18
1338,531,115,5,943.25,4716.25
1339,532,91,1,646.68,646.68
1340,532,94,4,20.58,82.32
1341,532,41,2,163.92,327.84
1342,533,187,1,526.23,526.23
1343,533,153,1,492.01,492.01
1344,534,197,3,733.79,2201.37
1345,534,28,1,654.62,654.62
1346,534,127,3,678.75,2036.25
1347,535,171,5,963.42,4817.1
1348,536,60,1,248.51,248.51
1349,537,26,4,229.54,918.16
1350,538,25,5,141.59,707.95
1351,538,176,1,934.25,934.25
1352,538,37,3,612.89,1838.67
1353,538,76,4,373.85,1495.4
1354,539,14,2,152.04,304.08
1355,539,44,1,758.56,758.56
1356,539,104,5,556.96,2784.8
1357,539,95,2,929.22,1858.44
1358,540,69,1,97.0,97.0
1359,540,175,2,388.95,777.9
1360,540,1,1,599.53,599.53
1361,541,47,4,855.21,3420.84
1362,541,81,5,917.31,4586.55
1363,542,16,1,776.09,776.09
1364,542,41,4,163.92,655.68
1365,542,195,1,330.66,330.66
1366,543,82,1,945.45,945.45
1367,544,55,2,123.04,246.08
1368,544,89,5,655.46,3277.3
1369,544,67,4,806.74,3226.96
1370,545,9,4,595.75,2383.0
1371,545,73,1,697.14,697.14
1372,545,127,1,678.75,678.75
1373,546,181,2,921.31,1842.62
1374,546,34,4,526.69,2106.76
1375,546,153,5,492.01,2460.05
1376,546,13,3,585.6,1756.8
1377,547,165,1,13.02,13.02
1378,547,60,1,248.51,248.51
1379,547,13,1,585.6,585.6
1380,548,74,5,383.75,1918.75
1381,548,56,3,757.39,2272.17
1382,548,198,1,236.83,236.83
1383,548,53,5,377.58,1887.9
1384,549,1,3,599.53,1798.59
1385,550,33,1,570.12,570.12
1386,550,55,4,123.04,492.16
1387,550,12,5,967.23,4836.15
1388,551,17,1,521.08,521.08
1389,551,139,3,140.85,422.55
1390,551,161,5,882.73,4413.65
1391,552,57,3,382.38,1147.14
1392,553,140,3,686.27,2058.81
1393,553,89,2,655.46,1310.92
1394,554,176,5,934.25,4671.25
1395,554,88,2,959.49,1918.98
1396,554,12,3,967.23,2901.69
1397,555,19,1,612.02,612.02
1398,555,16,4,776.09,3104.36
1399,555,125,5,523.5,2617.5
1400,555,148,1,814.45,814.45
1401,556,102,5,740.95,3704.75
1402,557,141,1,796.89,796.89
1403,557,19,5,612.02,3060.1
1404,557,100,4,434.68,1738.72
1405,557,123,3,154.99,464.97
1406,558,200,2,983.19,1966.38
1407,559,129,3,190.45,571.35
1408,559,178,2,18.72,37.44
1409,559,184,2,123.84,247.68
1410,559,170,2,91.25,182.5
1411,560,79,5,261.04,1305.2
1412,560,179,3,290.05,870.15
1413,560,58,1,37.06,37.06
1414,561,101,4,799.06,3196.24
1415,562,97,2,503.28,1006.56
1416,562,86,3,807.13,2421.39
1417,562,3,2,403.57,807.14
1418,562,42,3,640.51,1921.53
1419,563,19,4,612.02,2448.08
1420,564,98,3,343.89,1031.67
1421,564,66,2,755.64,1511.28
1422,565,48,3,899.39,2698.17
1423,565,28,4,654.62,2618.48
1424,565,138,3,191.16,573.48
1425,565,48,5,899.39,4496.95
1426,566,161,2,882.73,1765.46
1427,567,57,2,382.38,764.76
1428,567,79,3,261.04,783.12
1429,568,18,1,462.36,462.36
1430,569,147,1,861.73,861.73
1431,570,174,1,749.1,749.1
1432,570,92,2,233.62,467.24
1433,570,2,5,433.77,2168.85
1434,570,143,4,574.84,2299.36
1435,571,63,1,224.94,224.94
1436,571,39,1,264.48,264.48
1437,571,23,4,294.0,1176.0
1438,572,114,2,594.26,1188.52
1439,572,35,5,809.76,4048.8
1440,572,2,3,433.77,1301.31
1441,572,174,3,749.1,2247.3
1442,573,86,5,807.13,4035.65
1443,573,143,5,574.84,2874.2
1444,573,116,3,674.61,2023.83
1445,573,145,2,301.22,602.44
1446,574,44,5,758.56,3792.8
1447,575,80,2,172.39,344.78
1448,575,102,1,740.95,740.95
1449,575,60,2,248.51,497.02
1450,575,108,2,423.99,847.98
1451,576,178,2,18.72,37.44
1452,577,95,3,929.22,2787.66
1453,577,134,2,814.66,1629.32
1454,577,20,3,772.31,2316.93
1455,577,119,4,595.84,2383.36
1456,578,178,5,18.72,93.6
1457,579,1,4,599.53,2398.12
1458,579,30,1,537.47,537.47
1459,580,42,2,640.51,1281.02
1460,580,183,5,925.0,4625.0
1461,580,2,2,433.77,867.54
1462,581,111,2,303.93,607.86
1463,581,26,5,229.54,1147.7
1464,582,18,3,462.36,1387.08
1465,582,135,1,316.62,316.62
1466,583,186,1,734.26,734.26
1467,583,176,3,934.25,2802.75
1468,583,145,1,301.22,301.22
1469,583,112,1,968.87,968.87
1470,584,129,4,190.45,761.8
1471,585,138,3,191.16,573.48
1472,585,86,5,807.13,4035.65
1473,586,187,5,526.23,2631.15
1474,587,146,4,441.87,1767.48
1475,587,177,4,684.52,2738.08
1476,587,43,1,157.42,157.42
1477,588,143,5,574.84,2874.2
1478,588,12,1,967.23,967.23
1479,588,193,3,573.67,1721.01
1480,588,61,4,144.43,577.72
1481,589,18,5,462.36,2311.8
1482,589,97,5,503.28,2516.4
1483,590,131,5,579.46,2897.3
1484,590,123,2,154.99,309.98
1485,591,85,3,723.57,2170.71
1486,591,14,1,152.04,152.04
1487,591,132,2,118.38,236.76
1488,592,185,4,519.63,2078.52
1489,592,42,1,640.51,640.51
1490,593,46,5,829.62,4148.1
1491,594,158,3,341.06,1023.18
1492,594,138,2,191.16,382.32
1493,595,35,2,809.76,1619.52
1494,595,16,3,776.09,2328.27
1495,596,72,3,937.46,2812.38
1496,597,72,2,937.46,1874.92
1497,597,188,2,513.22,1026.44
1498,597,192,5,228.39,1141.95
1499,597,192,1,228.39,228.39
1500,598,108,3,423.99,1271.97
1501,599,180,1,642.33,642.33
1502,599,173,2,848.64,1697.28
1503,600,33,1,570.12,570.12
1504,601,13,3,585.6,1756.8
1505,601,183,2,925.0,1850.0
1506,602,34,2,526.69,1053.38
1507,602,184,4,123.84,495.36
1508,603,92,2,233.62,467.24
1509,603,179,1,290.05,290.05
1510,603,63,3,224.94,674.82
1511,603,184,2,123.84,247.68
1512,604,199,2,760.13,1520.26
1513,605,107,3,143.14,429.42
1514,606,105,3,864.39,2593.17
1515,607,51,1,701.88,701.88
1516,607,175,1,388.95,388.95
1517,607,89,5,655.46,3277.3
1518,607,60,4,248.51,994.04
1519,608,118,3,923.87,2771.61
1520,608,102,5,740.95,3704.75
1521,608,25,5,141.59,707.95
1522,608,138,2,191.16,382.32
1523,609,197,1,733.79,733.79
1524,609,176,1,934.25,934.25
1525,610,154,1,635.45,635.45
1526,610,107,1,143.14,143.14
1527,611,77,4,264.47,1057.88
1528,611,156,1,732.27,732.27
1529,611,41,5,163.92,819.6
1530,611,192,5,228.39,1141.95
1531,612,31,1,882.82,882.82
1532,612,68,2,138.42,276.84
1533,613,18,5,462.36,2311.8
1534,613,100,4,434.68,1738.72
1535,613,42,2,640.51,1281.02
1536,614,52,1,290.65,290.65
1537,615,125,1,523.5,523.5
1538,615,129,1,190.45,190.45
1539,615,94,4,20.58,82.32
1540,615,143,3,574.84,1724.52
1541,616,101,4,799.06,3196.24
1542,616,193,1,573.67,573.67
1543,616,99,2,34.48,68.96
1544,616,180,4,642.33,2569.32
1545,617,22,5,382.79,1913.95
1546,617,132,4,118.38,473.52
1547,618,93,1,686.0,686.0
1548,618,78,5,333.21,1666.05
1549,618,74,3,383.75,1151.25
1550,619,168,1,73.07,73.07
1551,619,113,4,329.25,1317.0
1552,619,101,2,799.06,1598.12
1553,620,155,2,457.42,914.84
1554,620,184,2,123.84,247.68
1555,620,146,4,441.87,1767.48
1556,621,3,3,403.57,1210.71
1557,621,166,5,75.47,377.35
1558,621,97,2,503.28,1006.56
1559,622,49,2,566.09,1132.18
1560,622,44,4,758.56,3034.24
1561,622,35,4,809.76,3239.04
1562,622,31,1,882.82,882.82
1563,623,38,3,403.83,1211.49
1564,623,56,4,757.39,3029.56
1565,623,171,2,963.42,1926.84
1566,624,168,5,73.07,365.35
1567,624,179,3,290.05,870.15
1568,624,69,2,97.0,194.0
1569,625,174,5,749.1,3745.5
1570,626,137,4,694.96,2779.84
1571,627,190,5,7.56,37.8
1572,628,38,2,403.83,807.66
1573,628,186,3,734.26,2202.78
1574,628,183,1,925.0,925.0
1575,628,169,5,629.93,3149.65
1576,629,68,2,138.42,276.84
1577,629,52,5,290.65,1453.25
1578,629,87,2,621.68,1243.36
1579,629,35,3,809.76,2429.28
1580,630,48,3,899.39,2698.17
1581,630,171,1,963.42,963.42
1582,630,94,5,20.58,102.9
1583,630,61,2,144.43,288.86
1584,631,67,2,806.74,1613.48
1585,631,9,2,595.75,1191.5
1586,632,21,3,562.68,1688.04
1587,633,104,1,556.96,556.96
1588,633,96,3,678.64,2035.92
1589,633,95,4,929.22,3716.88
1590,633,200,4,983.19,3932.76
1591,634,128,3,334.33,1002.99
1592,634,117,4,790.12,3160.48
1593,634,151,3,919.17,2757.51
1594,635,52,3,290.65,871.95
1595,635,62,4,579.58,2318.32
1596,635,95,5,929.22,4646.1
1597,636,70,4,874.24,3496.96
1598,636,99,5,34.48,172.4
1599,636,199,5,760.13,3800.65
1600,636,98,1,343.89,343.89
1601,637,54,3,84.85,254.55
1602,637,33,1,570.12,570.12
1603,637,46,3,829.62,2488.86
1604,637,74,3,383.75,1151.25
1605,638,138,1,191.16,191.16
1606,639,159,3,50.71,152.13
1607,639,131,1,579.46,579.46
1608,639,88,2,959.49,1918.98
1609,640,153,2,492.01,984.02
1610,640,83,3,72.63,217.89
1611,640,148,4,814.45,3257.8
1612,640,102,3,740.95,2222.85
1613,641,47,1,855.21,855.21
1614,641,62,1,579.58,579.58
1615,641,117,3,790.12,2370.36
1616,641,35,2,809.76,1619.52
1617,642,199,5,760.13,3800.65
1618,642,31,3,882.82,2648.46
1619,642,47,4,855.21,3420.84
1620,643,74,1,383.75,383.75
1621,644,167,5,881.58,4407.9
1622,644,150,2,985.55,1971.1
1623,644,64,2,627.86,1255.72
1624,645,30,3,537.47,1612.41
1625,645,199,3,760.13,2280.39
1626,645,80,2,172.39,344.78
1627,645,184,1,123.84,123.84
1628,646,146,4,441.87,1767.48
1629,646,57,4,382.38,1529.52
1630,646,58,1,37.06,37.06
1631,646,175,1,388.95,388.95
1632,647,137,1,694.96,694.96
1633,648,136,3,391.52,1174.56
1634,648,43,2,157.42,314.84
1635,648,31,1,882.82,882.82
1636,648,95,5,929.22,4646.1
1637,649,24,5,748.59,3742.95
1638,649,72,3,937.46,2812.38
1639,649,41,2,163.92,327.84
1640,649,93,3,686.0,2058.0
1641,650,111,5,303.93,1519.65
1642,650,118,3,923.87,2771.61
1643,651,175,4,388.95,1555.8
1644,651,13,1,585.6,585.6
1645,651,128,2,334.33,668.66
1646,652,166,1,75.47,75.47
1647,652,178,5,18.72,93.6
1648,653,88,2,959.49,1918.98
1649,653,57,4,382.38,1529.52
1650,653,119,4,595.84,2383.36
1651,653,34,5,526.69,2633.45
1652,654,103,3,363.11,1089.33
1653,654,105,2,864.39,1728.78
1654,654,50,4,258.18,1032.72
1655,654,1,1,599.53,599.53
1656,655,16,1,776.09,776.09
1657,655,196,3,740.87,2222.61
1658,655,40,4,265.24,1060.96
1659,656,7,3,141.35,424.05
1660,657,167,5,881.58,4407.9
1661,657,169,1,629.93,629.93
1662,657,10,1,477.51,477.51
1663,658,124,2,832.15,1664.3
1664,658,187,2,526.23,1052.46
1665,659,80,2,172.39,344.78
1666,660,119,2,595.84,1191.68
1667,660,31,4,882.82,3531.28
1668,660,7,5,141.35,706.75
1669,661,59,5,210.05,1050.25
1670,661,178,1,18.72,18.72
1671,661,197,2,733.79,1467.58
1672,662,136,1,391.52,391.52
1673,662,127,2,678.75,1357.5
1674,662,9,2,595.75,1191.5
1675,662,32,2,190.38,380.76
1676,663,160,3,444.08,1332.24
1677,663,90,2,554.93,1109.86
1678,663,133,4,613.25,2453.0
1679,663,46,1,829.62,829.62
1680,664,148,4,814.45,3257.8
1681,664,64,3,627.86,1883.58
1682,665,185,3,519.63,1558.89
1683,665,158,3,341.06,1023.18
1684,666,61,2,144.43,288.86
1685,666,44,2,758.56,1517.12
1686,667,59,5,210.05,1050.25
1687,667,49,5,566.09,2830.45
1688,667,155,5,457.42,2287.1
1689,667,45,1,527.87,527.87
1690,668,94,4,20.58,82.32
1691,668,177,2,684.52,1369.04
1692,668,91,2,646.68,1293.36
1693,669,59,4,210.05,840.2
1694,669,110,1,842.4,842.4
1695,670,9,4,595.75,2383.0
1696,670,102,1,740.95,740.95
1697,670,13,5,585.6,2928.0
1698,671,12,5,967.23,4836.15
1699,671,48,4,899.39,3597.56
1700,671,156,4,732.27,2929.08
1701,671,31,5,882.82,4414.1
1702,672,52,4,290.65,1162.6
1703,672,10,1,477.51,477.51
1704,673,126,1,71.84,71.84
1705,674,102,1,740.95,740.95
1706,674,91,5,646.68,3233.4
1707,675,143,5,574.84,2874.2
1708,675,162,2,87.01,174.02
1709,676,127,4,678.75,2715.0
1710,677,137,3,694.96,2084.88
1711,677,200,4,983.19,3932.76
1712,677,123,2,154.99,309.98
1713,678,114,3,594.26,1782.78
1714,678,34,2,526.69,1053.38
1715,678,54,2,84.85,169.7
1716,679,37,2,612.89,1225.78
1717,679,183,5,925.0,4625.0
1718,680,163,1,727.35,727.35
1719,681,65,2,786.87,1573.74
1720,681,89,5,655.46,3277.3
1721,681,172,5,555.62,2778.1
1722,682,184,2,123.84,247.68
1723,682,46,3,829.62,2488.86
1724,683,15,4,23.84,95.36
1725,683,47,5,855.21,4276.05
1726,683,87,2,621.68,1243.36
1727,683,96,1,678.64,678.64
1728,684,63,4,224.94,899.76
1729,684,63,1,224.94,224.94
1730,684,166,1,75.47,75.47
1731,684,137,1,694.96,694.96
1732,685,102,4,740.95,2963.8
1733,685,71,1,481.99,481.99
1734,685,61,1,144.43,144.43
1735,686,172,3,555.62,1666.86
1736,686,59,5,210.05,1050.25
1737,686,79,1,261.04,261.04
1738,686,168,5,73.07,365.35
1739,687,39,1,264.48,264.48
1740,687,169,1,629.93,629.93
1741,687,57,4,382.38,1529.52
1742,688,103,1,363.11,363.11
1743,688,131,3,579.46,1738.38
1744,689,59,5,210.05,1050.25
1745,689,185,4,519.63,2078.52
1746,689,169,3,629.93,1889.79
1747,689,99,1,34.48,34.48
1748,690,188,3,513.22,1539.66
1749,690,122,1,560.2,560.2
1750,690,93,3,686.0,2058.0
1751,691,146,1,441.87,441.87
1752,691,45,1,527.87,527.87
1753,691,95,1,929.22,929.22
1754,692,185,3,519.63,1558.89
1755,692,19,1,612.02,612.02
1756,692,145,3,301.22,903.66
1757,692,85,4,723.57,2894.28
1758,693,5,5,133.02,665.1
1759,693,172,1,555.62,555.62
1760,693,148,4,814.45,3257.8
1761,694,152,3,253.43,760.29
1762,694,116,5,674.61,3373.05
1763,695,92,2,233.62,467.24
1764,695,16,4,776.09,3104.36
1765,695,1,2,599.53,1199.06
1766,695,5,3,133.02,399.06
1767,696,112,2,968.87,1937.74
1768,696,171,1,963.42,963.42
1769,697,160,4,444.08,1776.32
1770,698,35,1,809.76,809.76
1771,699,79,1,261.04,261.04
1772,699,52,5,290.65,1453.25
1773,700,193,4,573.67,2294.68
1774,700,159,4,50.71,202.84
1775,701,137,5,694.96,3474.8
1776,701,166,4,75.47,301.88
1777,701,104,1,556.96,556.96
1778,701,145,5,301.22,1506.1
1779,702,56,1,757.39,757.39
1780,702,43,4,157.42,629.68
1781,702,126,4,71.84,287.36
1782,702,60,1,248.51,248.51
1783,703,34,4,526.69,2106.76
1784,703,167,4,881.58,3526.32
1785,704,118,3,923.87,2771.61
1786,705,167,5,881.58,4407.9
1787,705,108,3,423.99,1271.97
1788,705,61,2,144.43,288.86
1789,705,162,5,87.01,435.05
1790,706,52,1,290.65,290.65
1791,706,155,1,457.42,457.42
1792,706,162,4,87.01,348.04
1793,707,80,2,172.39,344.78
1794,707,8,5,144.08,720.4
1795,707,173,5,848.64,4243.2
1796,708,47,2,855.21,1710.42
1797,708,32,2,190.38,380.76
1798,708,12,2,967.23,1934.46
1799,709,151,1,919.17,919.17
1800,710,7,3,141.35,424.05
1801,710,125,4,523.5,2094.0
1802,710,70,3,874.24,2622.72
1803,711,73,4,697.14,2788.56
1804,711,2,1,433.77,433.77
1805,711,1,2,599.53,1199.06
1806,711,108,5,423.99,2119.95
1807,712,102,3,740.95,2222.85
1808,712,80,5,172.39,861.95
1809,712,171,4,963.42,3853.68
1810,712,128,4,334.33,1337.32
1811,713,147,4,861.73,3446.92
1812,713,152,4,253.43,1013.72
1813,713,80,1,172.39,172.39
1814,714,52,4,290.65,1162.6
1815,714,89,4,655.46,2621.84
1816,714,177,1,684.52,684.52
1817,714,66,3,755.64,2266.92
1818,715,6,4,756.18,3024.72
1819,716,91,3,646.68,1940.04
1820,716,179,2,290.05,580.1
1821,717,51,1,701.88,701.88
1822,717,151,4,919.17,3676.68
1823,717,70,5,874.24,4371.2
1824,717,110,5,842.4,4212.0
1825,718,119,4,595.84,2383.36
1826,718,21,1,562.68,562.68
1827,719,36,5,19.01,95.05
1828,719,179,4,290.05,1160.2
1829,719,58,3,37.06,111.18
1830,720,13,3,585.6,1756.8
1831,720,152,4,253.43,1013.72
1832,721,46,3,829.62,2488.86
1833,722,29,2,324.56,649.12
1834,722,136,2,391.52,783.04
1835,722,119,4,595.84,2383.36
1836,723,110,3,842.4,2527.2
1837,723,61,1,144.43,144.43
1838,724,158,3,341.06,1023.18
1839,724,135,5,316.62,1583.1
1840,724,144,5,761.2,3806.0
1841,725,157,4,400.72,1602.88
1842,725,90,3,554.93,1664.79
1843,725,106,4,905.67,3622.68
1844,726,77,3,264.47,793.41
1845,726,193,3,573.67,1721.01
1846,727,191,2,920.62,1841.24
1847,727,79,3,261.04,783.12
1848,727,19,3,612.02,1836.06
1849,728,102,5,740.95,3704.75
1850,729,193,5,573.67,2868.35
1851,729,63,3,224.94,674.82
1852,730,149,4,172.53,690.12
1853,730,73,2,697.14,1394.28
1854,730,148,3,814.45,2443.35
1855,731,68,1,138.42,138.42
1856,731,135,5,316.62,1583.1
1857,731,44,2,758.56,1517.12
1858,731,58,1,37.06,37.06
1859,732,129,4,190.45,761.8
1860,732,33,5,570.12,2850.6
1861,732,186,4,734.26,2937.04
1862,733,148,5,814.45,4072.25
1863,733,165,5,13.02,65.1
1864,734,26,2,229.54,459.08
1865,734,41,1,163.92,163.92
1866,734,3,5,403.57,2017.85
1867,735,34,1,526.69,526.69
1868,735,177,2,684.52,1369.04
1869,735,30,4,537.47,2149.88
1870,735,195,1,330.66,330.66
1871,736,84,3,660.98,1982.94
1872,736,133,3,613.25,1839.75
1873,736,50,3,258.18,774.54
1874,736,162,4,87.01,348.04
1875,737,87,4,621.68,2486.72
1876,737,150,2,985.55,1971.1
1877,737,200,2,983.19,1966.38
1878,738,63,1,224.94,224.94
1879,739,78,3,333.21,999.63
1880,740,78,4,333.21,1332.84
1881,740,17,2,521.08,1042.16
1882,740,186,5,734.26,3671.3
1883,740,58,5,37.06,185.3
1884,741,8,2,144.08,288.16
1885,742,28,2,654.62,1309.24
1886,742,200,1,983.19,983.19
1887,742,53,4,377.58,1510.32
1888,743,101,3,799.06,2397.18
1889,743,136,5,391.52,1957.6
1890,743,101,2,799.06,1598.12
1891,744,150,3,985.55,2956.65
1892,744,161,4,882.73,3530.92
1893,744,1,5,599.53,2997.65
1894,745,21,5,562.68,2813.4
1895,745,157,2,400.72,801.44
1896,745,18,3,462.36,1387.08
1897,745,181,3,921.31,2763.93
1898,746,49,3,566.09,1698.27
1899,746,179,3,290.05,870.15
1900,746,102,4,740.95,2963.8
1901,747,22,1,382.79,382.79
1902,747,58,5,37.06,185.3
1903,748,13,2,585.6,1171.2
1904,748,76,2,373.85,747.7
1905,748,49,4,566.09,2264.36
1906,749,172,2,555.62,1111.24
1907,749,9,2,595.75,1191.5
1908,750,80,4,172.39,689.56
1909,750,75,2,468.67,937.34
1910,751,105,2,864.39,1728.78
1911,751,168,1,73.07,73.07
1912,751,5,3,133.02,399.06
1913,752,170,4,91.25,365.0
1914,752,183,5,925.0,4625.0
1915,753,130,4,594.24,2376.96
1916,753,139,1,140.85,140.85
1917,753,9,5,595.75,2978.75
1918,753,167,3,881.58,2644.74
1919,754,146,3,441.87,1325.61
1920,754,98,5,343.89,1719.45
1921,755,40,1,265.24,265.24
1922,756,113,3,329.25,987.75
1923,756,17,4,521.08,2084.32
1924,756,68,2,138.42,276.84
1925,756,10,3,477.51,1432.53
1926,757,82,1,945.45,945.45
1927,757,40,2,265.24,530.48
1928,758,13,2,585.6,1171.2
1929,758,42,5,640.51,3202.55
1930,758,157,3,400.72,1202.16
1931,759,101,3,799.06,2397.18
1932,759,47,4,855.21,3420.84
1933,759,193,3,573.67,1721.01
1934,759,187,2,526.23,1052.46
1935,760,52,2,290.65,581.3
1936,760,134,2,814.66,1629.32
1937,761,3,2,403.57,807.14
1938,761,5,2,133.02,266.04
1939,762,103,5,363.11,1815.55
1940,762,28,2,654.62,1309.24
1941,762,53,1,377.58,377.58
1942,763,6,2,756.18,1512.36
1943,763,51,3,701.88,2105.64
1944,764,120,4,170.51,682.04
1945,764,18,1,462.36,462.36
1946,764,172,4,555.62,2222.48
1947,764,117,3,790.12,2370.36
1948,765,113,4,329.25,1317.0
1949,766,199,4,760.13,3040.52
1950,766,157,5,400.72,2003.6
1951,767,193,3,573.67,1721.01
1952,767,64,1,627.86,627.86
1953,767,45,3,527.87,1583.61
1954,768,54,1,84.85,84.85
1955,768,21,2,562.68,1125.36
1956,768,60,5,248.51,1242.55
1957,769,125,2,523.5,1047.0
1958,769,61,1,144.43,144.43
1959,769,56,3,757.39,2272.17
1960,770,12,2,967.23,1934.46
1961,770,139,3,140.85,422.55
1962,771,18,5,462.36,2311.8
1963,771,190,1,7.56,7.56
1964,771,24,4,748.59,2994.36
1965,771,184,2,123.84,247.68
1966,772,170,2,91.25,182.5
1967,772,75,1,468.67,468.67
1968,773,15,4,23.84,95.36
1969,773,185,4,519.63,2078.52
1970,773,67,5,806.74,4033.7
1971,774,187,1,526.23,526.23
1972,774,122,4,560.2,2240.8
1973,774,83,3,72.63,217.89
1974,774,106,1,905.67,905.67
1975,775,68,1,138.42,138.42
1976,775,99,3,34.48,103.44
1977,776,138,4,191.16,764.64
1978,776,40,4,265.24,1060.96
1979,777,87,5,621.68,3108.4
1980,777,17,2,521.08,1042.16
1981,778,82,5,945.45,4727.25
1982,778,11,5,797.76,3988.8
1983,779,99,4,34.48,137.92
1984,779,195,5,330.66,1653.3
1985,779,73,3,697.14,2091.42
1986,780,64,4,627.86,2511.44
1987,780,64,2,627.86,1255.72
1988,781,147,1,861.73,861.73
1989,781,48,1,899.39,899.39
1990,781,34,1,526.69,526.69
1991,781,23,1,294.0,294.0
1992,782,136,4,391.52,1566.08
1993,783,61,3,144.43,433.29
1994,784,191,5,920.62,4603.1
1995,784,13,1,585.6,585.6
1996,784,117,1,790.12,790.12
1997,784,125,3,523.5,1570.5
1998,785,162,2,87.01,174.02
1999,786,91,1,646.68,646.68
2000,786,151,5,919.17,4595.85
2001,787,178,3,18.72,56.16
2002,787,46,5,829.62,4148.1
2003,787,82,1,945.45,945.45
2004,788,27,2,682.78,1365.56
2005,788,45,2,527.87,1055.74
2006,788,127,4,678.75,2715.0
2007,788,192,3,228.39,685.17
2008,789,57,5,382.38,1911.9
2009,789,117,2,790.12,1580.24
2010,790,6,3,756.18,2268.54
2011,790,75,2,468.67,937.34
2012,791,29,4,324.56,1298.24
2013,791,46,4,829.62,3318.48
2014,792,176,3,934.25,2802.75
2015,792,152,4,253.43,1013.72
2016,792,50,2,258.18,516.36
2017,793,178,5,18.72,93.6
2018,794,52,3,290.65,871.95
2019,794,76,3,373.85,1121.55
2020,795,5,3,133.02,399.06
2021,795,129,5,190.45,952.25
2022,795,128,5,334.33,1671.65
2023,795,154,5,635.45,3177.25
2024,796,4,3,506.73,1520.19
2025,796,119,1,595.84,595.84
2026,796,43,1,157.42,157.42
2027,797,158,4,341.06,1364.24
2028,797,197,5,733.79,3668.95
2029,797,176,3,934.25,2802.75
2030,798,157,3,400.72,1202.16
2031,799,175,4,388.95,1555.8
2032,799,128,3,334.33,1002.99
2033,800,102,4,740.95,2963.8
2034,800,163,2,727.35,1454.7
2035,801,154,3,635.45,1906.35
2036,801,107,2,143.14,286.28
2037,802,48,4,899.39,3597.56
2038,802,128,4,334.33,1337.32
2039,802,82,2,945.45,1890.9
2040,803,92,5,233.62,1168.1
2041,803,40,1,265.24,265.24
2042,804,21,4,562.68,2250.72
2043,804,90,5,554.93,2774.65
2044,804,22,2,382.79,765.58
2045,804,155,2,457.42,914.84
2046,805,168,3,73.07,219.21
2047,806,39,5,264.48,1322.4
2048,806,74,1,383.75,383.75
2049,807,83,4,72.63,290.52
2050,808,11,2,797.76,1595.52
2051,808,152,3,253.43,760.29
2052,809,194,5,981.5,4907.5
2053,809,103,2,363.11,726.22
2054,809,112,2,968.87,1937.74
2055,810,172,2,555.62,1111.24
2056,810,166,4,75.47,301.88
2057,810,45,5,527.87,2639.35
2058,810,186,3,734.26,2202.78
2059,811,11,4,797.76,3191.04
2060,811,97,1,503.28,503.28
2061,812,170,3,91.25,273.75
2062,812,160,5,444.08,2220.4
2063,812,7,5,141.35,706.75
2064,813,25,2,141.59,283.18
2065,813,53,1,377.58,377.58
2066,813,58,5,37.06,185.3
2067,814,12,3,967.23,2901.69
2068,815,181,2,921.31,1842.62
2069,815,17,1,521.08,521.08
2070,816,39,1,264.48,264.48
2071,816,45,1,527.87,527.87
2072,817,192,3,228.39,685.17
2073,817,131,1,579.46,579.46
2074,817,183,3,925.0,2775.0
2075,818,112,5,968.87,4844.35
2076,818,107,5,143.14,715.7
2077,819,103,3,363.11,1089.33
2078,819,3,1,403.57,403.57
2079,819,196,5,740.87,3704.35
2080,819,29,5,324.56,1622.8
2081,820,68,5,138.42,692.1
2082,820,138,1,191.16,191.16
2083,820,100,3,434.68,1304.04
2084,821,193,2,573.67,1147.34
2085,821,173,1,848.64,848.64
2086,821,11,4,797.76,3191.04
2087,822,146,5,441.87,2209.35
2088,822,128,4,334.33,1337.32
2089,823,63,3,224.94,674.82
2090,823,134,3,814.66,2443.98
2091,823,199,4,760.13,3040.52
2092,823,164,4,217.35,869.4
2093,824,103,3,363.11,1089.33
2094,824,199,1,760.13,760.13
2095,824,153,4,492.01,1968.04
2096,825,56,3,757.39,2272.17
2097,825,169,2,629.93,1259.86
2098,826,157,2,400.72,801.44
2099,827,38,2,403.83,807.66
2100,827,20,2,772.31,1544.62
2101,827,47,1,855.21,855.21
2102,827,79,1,261.04,261.04
2103,828,73,2,697.14,1394.28
2104,829,137,2,694.96,1389.92
2105,829,29,3,324.56,973.68
2106,829,188,4,513.22,2052.88
2107,830,24,4,748.59,2994.36
2108,831,40,4,265.24,1060.96
2109,831,151,5,919.17,4595.85
2110,831,153,5,492.01,2460.05
2111,831,72,5,937.46,4687.3
2112,832,167,2,881.58,1763.16
2113,833,29,5,324.56,1622.8
2114,833,6,1,756.18,756.18
2115,834,111,4,303.93,1215.72
2116,834,105,1,864.39,864.39
2117,835,181,1,921.31,921.31
2118,835,16,1,776.09,776.09
2119,836,51,2,701.88,1403.76
2120,836,139,3,140.85,422.55
2121,836,50,5,258.18,1290.9
2122,837,49,1,566.09,566.09
2123,837,1,3,599.53,1798.59
2124,837,162,1,87.01,87.01
2125,837,84,2,660.98,1321.96
2126,838,63,5,224.94,1124.7
2127,838,61,5,144.43,722.15
2128,838,182,1,313.62,313.62
2129,839,142,2,781.83,1563.66
2130,839,107,5,143.14,715.7
2131,839,44,5,758.56,3792.8
2132,840,16,4,776.09,3104.36
2133,841,137,4,694.96,2779.84
2134,841,42,4,640.51,2562.04
2135,841,194,4,981.5,3926.0
2136,841,63,2,224.94,449.88
2137,842,143,2,574.84,1149.68
2138,842,129,5,190.45,952.25
2139,843,173,2,848.64,1697.28
2140,843,55,4,123.04,492.16
2141,843,105,1,864.39,864.39
2142,843,130,3,594.24,1782.72
2143,844,162,5,87.01,435.05
2144,845,46,4,829.62,3318.48
2145,845,117,1,790.12,790.12
2146,845,64,4,627.86,2511.44
2147,845,142,3,781.83,2345.49
2148,846,1,1,599.53,599.53
2149,847,40,5,265.24,1326.2
2150,847,41,2,163.92,327.84
2151,848,184,5,123.84,619.2
2152,848,40,1,265.24,265.24
2153,849,90,2,554.93,1109.86
2154,849,119,5,595.84,2979.2
2155,850,136,4,391.52,1566.08
2156,851,182,1,313.62,313.62
2157,851,104,4,556.96,2227.84
2158,851,127,4,678.75,2715.0
2159,852,167,1,881.58,881.58
2160,853,194,3,981.5,2944.5
2161,853,149,2,172.53,345.06
2162,853,2,5,433.77,2168.85
2163,853,134,1,814.66,814.66
2164,854,64,1,627.86,627.86
2165,854,160,2,444.08,888.16
2166,854,120,5,170.51,852.55
2167,855,105,1,864.39,864.39
2168,855,118,5,923.87,4619.35
2169,855,178,1,18.72,18.72
2170,855,91,5,646.68,3233.4
2171,856,149,5,172.53,862.65
2172,856,165,2,13.02,26.04
2173,856,139,3,140.85,422.55
2174,856,90,4,554.93,2219.72
2175,857,189,1,774.45,774.45
2176,857,184,2,123.84,247.68
2177,858,97,3,503.28,1509.84
2178,858,179,4,290.05,1160.2
2179,858,137,4,694.96,2779.84
2180,858,196,2,740.87,1481.74
2181,859,148,1,814.45,814.45
2182,859,36,3,19.01,57.03
2183,859,115,2,943.25,1886.5
2184,860,158,5,341.06,1705.3
2185,860,152,5,253.43,1267.15
2186,860,42,3,640.51,1921.53
2187,861,58,5,37.06,185.3
2188,861,70,4,874.24,3496.96
2189,861,161,1,882.73,882.73
2190,862,189,3,774.45,2323.35
2191,862,35,5,809.76,4048.8
2192,862,156,1,732.27,732.27
2193,862,114,3,594.26,1782.78
2194,863,37,5,612.89,3064.45
2195,863,106,4,905.67,3622.68
2196,863,152,3,253.43,760.29
2197,863,17,4,521.08,2084.32
2198,864,125,1,523.5,523.5
2199,864,144,1,761.2,761.2
2200,864,142,5,781.83,3909.15
2201,864,118,3,923.87,2771.61
2202,865,66,5,755.64,3778.2
2203,865,91,5,646.68,3233.4
2204,865,147,3,861.73,2585.19
2205,865,104,3,556.96,1670.88
2206,866,131,2,579.46,1158.92
2207,867,29,4,324.56,1298.24
2208,867,119,2,595.84,1191.68
2209,867,74,4,383.75,1535.0
2210,868,53,4,377.58,1510.32
2211,868,188,5,513.22,2566.1
2212,868,138,5,191.16,955.8
2213,869,98,3,343.89,1031.67
2214,870,68,3,138.42,415.26
2215,871,3,5,403.57,2017.85
2216,871,43,5,157.42,787.1
2217,871,101,1,799.06,799.06
2218,872,44,1,758.56,758.56
2219,872,9,2,595.75,1191.5
2220,872,103,2,363.11,726.22
2221,873,11,4,797.76,3191.04
2222,873,103,3,363.11,1089.33
2223,873,142,5,781.83,3909.15
2224,873,16,1,776.09,776.09
2225,874,70,5,874.24,4371.2
2226,874,65,3,786.87,2360.61
2227,875,198,2,236.83,473.66
2228,876,143,5,574.84,2874.2
2229,877,171,1,963.42,963.42
2230,877,85,4,723.57,2894.28
2231,878,171,5,963.42,4817.1
2232,878,142,2,781.83,1563.66
2233,878,159,5,50.71,253.55
2234,879,68,1,138.42,138.42
2235,879,142,3,781.83,2345.49
2236,879,107,2,143.14,286.28
2237,879,4,2,506.73,1013.46
2238,880,95,1,929.22,929.22
2239,880,13,1,585.6,585.6
2240,880,55,1,123.04,123.04
2241,880,174,3,749.1,2247.3
2242,881,195,4,330.66,1322.64
2243,881,27,5,682.78,3413.9
2244,881,200,5,983.19,4915.95
2245,881,92,2,233.62,467.24
2246,882,92,4,233.62,934.48
2247,883,25,5,141.59,707.95
2248,883,67,5,806.74,4033.7
2249,883,50,4,258.18,1032.72
2250,884,111,4,303.93,1215.72
2251,884,146,1,441.87,441.87
2252,884,129,4,190.45,761.8
2253,885,168,1,73.07,73.07
2254,886,42,4,640.51,2562.04
2255,886,165,1,13.02,13.02
2256,886,8,1,144.08,144.08
2257,886,162,2,87.01,174.02
2258,887,96,1,678.64,678.64
2259,887,13,2,585.6,1171.2
2260,887,70,3,874.24,2622.72
2261,887,78,3,333.21,999.63
2262,888,154,5,635.45,3177.25
2263,888,12,4,967.23,3868.92
2264,889,71,3,481.99,1445.97
2265,889,109,5,595.83,2979.15
2266,889,103,3,363.11,1089.33
2267,889,43,3,157.42,472.26
2268,890,97,2,503.28,1006.56
2269,891,30,3,537.47,1612.41
2270,891,89,5,655.46,3277.3
2271,892,123,2,154.99,309.98
2272,892,81,4,917.31,3669.24
2273,892,197,2,733.79,1467.58
2274,892,48,2,899.39,1798.78
2275,893,156,1,732.27,732.27
2276,894,61,2,144.43,288.86
2277,894,163,3,727.35,2182.05
2278,894,113,1,329.25,329.25
2279,895,128,3,334.33,1002.99
2280,895,123,4,154.99,619.96
2281,895,78,5,333.21,1666.05
2282,896,176,3,934.25,2802.75
2283,896,96,5,678.64,3393.2
2284,896,58,5,37.06,185.3
2285,897,84,2,660.98,1321.96
2286,897,25,2,141.59,283.18
2287,897,137,2,694.96,1389.92
2288,897,81,1,917.31,917.31
2289,898,21,2,562.68,1125.36
2290,898,74,3,383.75,1151.25
2291,898,187,3,526.23,1578.69
2292,898,56,1,757.39,757.39
2293,899,180,5,642.33,3211.65
2294,899,15,1,23.84,23.84
2295,900,101,2,799.06,1598.12
2296,900,169,2,629.93,1259.86
2297,901,18,4,462.36,1849.44
2298,902,200,2,983.19,1966.38
2299,902,163,4,727.35,2909.4
2300,903,41,4,163.92,655.68
2301,903,198,3,236.83,710.49
2302,903,138,5,191.16,955.8
2303,903,188,2,513.22,1026.44
2304,904,143,3,574.84,1724.52
2305,904,183,3,925.0,2775.0
2306,904,142,3,781.83,2345.49
2307,905,47,5,855.21,4276.05
2308,905,172,3,555.62,1666.86
2309,906,175,3,388.95,1166.85
2310,906,36,3,19.01,57.03
2311,907,104,1,556.96,556.96
2312,908,126,3,71.84,215.52
2313,908,158,1,341.06,341.06
2314,908,115,1,943.25,943.25
2315,909,87,1,621.68,621.68
2316,910,93,3,686.0,2058.0
2317,911,67,4,806.74,3226.96
2318,912,79,3,261.04,783.12
2319,912,121,2,965.88,1931.76
2320,912,196,3,740.87,2222.61
2321,912,164,2,217.35,434.7
2322,913,198,2,236.83,473.66
2323,913,77,4,264.47,1057.88
2324,913,136,3,391.52,1174.56
2325,914,119,1,595.84,595.84
2326,915,149,3,172.53,517.59
2327,915,180,5,642.33,3211.65
2328,915,118,2,923.87,1847.74
2329,916,75,5,468.67,2343.35
2330,916,53,1,377.58,377.58
2331,916,86,2,807.13,1614.26
2332,917,131,5,579.46,2897.3
2333,917,8,2,144.08,288.16
2334,917,50,1,258.18,258.18
2335,917,136,2,391.52,783.04
2336,918,22,1,382.79,382.79
2337,918,177,2,684.52,1369.04
2338,918,62,5,579.58,2897.9
2339,918,154,2,635.45,1270.9
2340,919,10,5,477.51,2387.55
2341,919,122,5,560.2,2801.0
2342,919,137,2,694.96,1389.92
2343,919,143,1,574.84,574.84
2344,920,45,4,527.87,2111.48
2345,920,140,4,686.27,2745.08
2346,920,51,1,701.88,701.88
2347,921,143,4,574.84,2299.36
2348,921,48,3,899.39,2698.17
2349,921,176,1,934.25,934.25
2350,922,47,1,855.21,855.21
2351,922,114,3,594.26,1782.78
2352,922,105,3,864.39,2593.17
2353,923,84,2,660.98,1321.96
2354,923,124,5,832.15,4160.75
2355,924,26,5,229.54,1147.7
2356,925,92,4,233.62,934.48
2357,926,49,3,566.09,1698.27
2358,926,72,4,937.46,3749.84
2359,926,128,1,334.33,334.33
2360,926,189,4,774.45,3097.8
2361,927,191,4,920.62,3682.48
2362,927,42,5,640.51,3202.55
2363,927,102,5,740.95,3704.75
2364,927,17,3,521.08,1563.24
2365,928,54,4,84.85,339.4
2366,928,35,5,809.76,4048.8
2367,929,97,4,503.28,2013.12
2368,929,68,3,138.42,415.26
2369,929,14,5,152.04,760.2
2370,930,177,1,684.52,684.52
2371,931,13,5,585.6,2928.0
2372,932,123,2,154.99,309.98
2373,932,148,1,814.45,814.45
2374,932,137,2,694.96,1389.92
2375,933,42,1,640.51,640.51
2376,933,181,1,921.31,921.31
2377,933,139,5,140.85,704.25
2378,934,170,5,91.25,456.25
2379,934,75,3,468.67,1406.01
2380,934,44,3,758.56,2275.68
2381,934,100,3,434.68,1304.04
2382,935,159,5,50.71,253.55
2383,935,186,4,734.26,2937.04
2384,935,150,3,985.55,2956.65
2385,936,44,5,758.56,3792.8
2386,936,95,4,929.22,3716.88
2387,936,85,5,723.57,3617.85
2388,936,90,5,554.93,2774.65
2389,937,133,1,613.25,613.25
2390,937,152,1,253.43,253.43
2391,938,37,1,612.89,612.89
2392,938,113,5,329.25,1646.25
2393,939,188,5,513.22,2566.1
2394,939,156,1,732.27,732.27
2395,939,36,3,19.01,57.03
2396,939,136,5,391.52,1957.6
2397,940,164,5,217.35,1086.75
2398,940,116,1,674.61,674.61
2399,941,4,3,506.73,1520.19
2400,941,193,5,573.67,2868.35
2401,941,136,3,391.52,1174.56
2402,941,68,3,138.42,415.26
2403,942,69,2,97.0,194.0
2404,943,128,2,334.33,668.66
2405,943,134,4,814.66,3258.64
2406,943,134,1,814.66,814.66
2407,943,22,2,382.79,765.58
2408,944,164,1,217.35,217.35
2409,944,54,5,84.85,424.25
2410,945,193,4,573.67,2294.68
2411,945,138,1,191.16,191.16
2412,945,199,1,760.13,760.13
2413,946,157,4,400.72,1602.88
2414,946,138,1,191.16,191.16
2415,947,87,5,621.68,3108.4
2416,947,3,1,403.57,403.57
2417,947,189,5,774.45,3872.25
2418,948,27,4,682.78,2731.12
2419,948,120,5,170.51,852.55
2420,949,95,3,929.22,2787.66
2421,950,144,4,761.2,3044.8
2422,950,109,5,595.83,2979.15
2423,951,57,3,382.38,1147.14
2424,951,23,3,294.0,882.0
2425,952,194,4,981.5,3926.0
2426,953,197,3,733.79,2201.37
2427,954,33,4,570.12,2280.48
2428,954,6,1,756.18,756.18
2429,955,148,2,814.45,1628.9
2430,956,3,2,403.57,807.14
2431,957,147,4,861.73,3446.92
2432,957,79,2,261.04,522.08
2433,958,90,1,554.93,554.93
2434,958,63,4,224.94,899.76
2435,958,11,5,797.76,3988.8
2436,959,177,5,684.52,3422.6
2437,960,137,1,694.96,694.96
2438,960,129,1,190.45,190.45
2439,960,11,3,797.76,2393.28
2440,961,16,2,776.09,1552.18
2441,961,77,2,264.47,528.94
2442,961,183,4,925.0,3700.0
2443,962,103,1,363.11,363.11
2444,962,88,5,959.49,4797.45
2445,963,53,4,377.58,1510.32
2446,963,194,4,981.5,3926.0
2447,963,36,4,19.01,76.04
2448,963,21,2,562.68,1125.36
2449,964,131,5,579.46,2897.3
2450,964,103,5,363.11,1815.55
2451,964,63,2,224.94,449.88
2452,965,62,5,579.58,2897.9
2453,965,16,1,776.09,776.09
2454,965,161,3,882.73,2648.19
2455,966,193,4,573.67,2294.68
2456,966,24,3,748.59,2245.77
2457,966,163,3,727.35,2182.05
2458,967,171,2,963.42,1926.84
2459,967,23,3,294.0,882.0
2460,967,99,4,34.48,137.92
2461,967,62,5,579.58,2897.9
2462,968,146,2,441.87,883.74
2463,968,92,3,233.62,700.86
2464,968,30,1,537.47,537.47
2465,968,98,3,343.89,1031.67
2466,969,101,5,799.06,3995.3
2467,969,11,2,797.76,1595.52
2468,970,121,4,965.88,3863.52
2469,970,47,4,855.21,3420.84
2470,971,41,5,163.92,819.6
2471,972,197,4,733.79,2935.16
2472,972,105,1,864.39,864.39
2473,972,88,2,959.49,1918.98
2474,972,76,2,373.85,747.7
2475,973,97,3,503.28,1509.84
2476,974,18,4,462.36,1849.44
2477,974,20,1,772.31,772.31
2478,974,27,5,682.78,3413.9
2479,975,83,2,72.63,145.26
2480,975,86,5,807.13,4035.65
2481,975,163,3,727.35,2182.05
2482,975,105,3,864.39,2593.17
2483,976,96,1,678.64,678.64
2484,977,49,5,566.09,2830.45
2485,978,35,4,809.76,3239.04
2486,979,3,3,403.57,1210.71
2487,979,37,4,612.89,2451.56
2488,980,54,4,84.85,339.4
2489,980,35,5,809.76,4048.8
2490,980,27,3,682.78,2048.34
2491,980,163,3,727.35,2182.05
2492,981,117,1,790.12,790.12
2493,981,136,5,391.52,1957.6
2494,981,59,5,210.05,1050.25
2495,982,55,1,123.04,123.04
2496,982,148,4,814.45,3257.8
2497,982,148,1,814.45,814.45
2498,983,127,4,678.75,2715.0
2499,983,67,5,806.74,4033.7
2500,983,161,1,882.73,882.73
2501,983,146,2,441.87,883.74
2502,984,130,5,594.24,2971.2
2503,984,196,3,740.87,2222.61
2504,985,196,3,740.87,2222.61
2505,985,82,3,945.45,2836.35
2506,985,29,2,324.56,649.12
2507,985,197,3,733.79,2201.37
2508,986,35,4,809.76,3239.04
2509,986,32,4,190.38,761.52
2510,986,69,2,97.0,194.0
2511,986,6,4,756.18,3024.72
2512,987,28,4,654.62,2618.48
2513,988,199,1,760.13,760.13
2514,988,52,3,290.65,871.95
2515,988,54,5,84.85,424.25
2516,989,130,4,594.24,2376.96
2517,990,141,4,796.89,3187.56
2518,990,114,3,594.26,1782.78
2519,991,188,2,513.22,1026.44
2520,991,55,4,123.04,492.16
2521,992,195,4,330.66,1322.64
2522,992,116,1,674.61,674.61
2523,992,65,1,786.87,786.87
2524,993,184,1,123.84,123.84
2525,993,155,1,457.42,457.42
2526,994,90,2,554.93,1109.86
2527,995,6,2,756.18,1512.36
2528,995,140,2,686.27,1372.54
2529,995,102,2,740.95,1481.9
2530,995,90,3,554.93,1664.79
2531,996,11,3,797.76,2393.28
2532,996,18,2,462.36,924.72
2533,997,22,5,382.79,1913.95
2534,997,9,3,595.75,1787.25
2535,998,119,2,595.84,1191.68
2536,998,2,3,433.77,1301.31
2537,998,195,3,330.66,991.98
2538,998,17,1,521.08,521.08
2539,999,182,4,313.62,1254.48
2540,1000,26,5,229.54,1147.7
2541,1000,56,2,757.39,1514.78
2542,1000,70,3,874.24,2622.72
2543,1001,142,1,781.83,781.83
2544,1001,16,5,776.09,3880.45
2545,1002,183,5,925.0,4625.0
2546,1002,80,1,172.39,172.39
2547,1002,163,2,727.35,1454.7
2548,1002,37,3,612.89,1838.67
2549,1003,8,5,144.08,720.4
2550,1003,187,5,526.23,2631.15
2551,1003,122,2,560.2,1120.4
2552,1003,191,4,920.62,3682.48
2553,1004,148,4,814.45,3257.8
2554,1004,53,2,377.58,755.16
2555,1004,46,3,829.62,2488.86
2556,1005,127,3,678.75,2036.25
2557,1006,48,3,899.39,2698.17
2558,1006,4,3,506.73,1520.19
2559,1007,45,4,527.87,2111.48
2560,1007,26,1,229.54,229.54
2561,1008,10,2,477.51,955.02
2562,1009,98,5,343.89,1719.45
2563,1009,111,1,303.93,303.93
2564,1009,177,4,684.52,2738.08
2565,1010,13,4,585.6,2342.4
2566,1010,4,2,506.73,1013.46
2567,1011,115,2,943.25,1886.5
2568,1011,15,2,23.84,47.68
2569,1011,200,1,983.19,983.19
2570,1011,9,5,595.75,2978.75
2571,1012,200,2,983.19,1966.38
2572,1012,101,4,799.06,3196.24
2573,1012,185,2,519.63,1039.26
2574,1013,147,3,861.73,2585.19
2575,1014,105,5,864.39,4321.95
2576,1014,150,1,985.55,985.55
2577,1015,87,4,621.68,2486.72
2578,1016,155,3,457.42,1372.26
2579,1016,8,1,144.08,144.08
2580,1016,25,4,141.59,566.36
2581,1016,63,2,224.94,449.88
2582,1017,145,1,301.22,301.22
2583,1017,7,4,141.35,565.4
2584,1017,56,5,757.39,3786.95
2585,1018,23,2,294.0,588.0
2586,1018,193,1,573.67,573.67
2587,1018,168,4,73.07,292.28
2588,1018,44,2,758.56,1517.12
2589,1019,28,2,654.62,1309.24
2590,1020,145,1,301.22,301.22
2591,1020,191,5,920.62,4603.1
2592,1020,121,1,965.88,965.88
2593,1020,168,4,73.07,292.28
2594,1021,37,2,612.89,1225.78
2595,1021,31,1,882.82,882.82
2596,1021,65,3,786.87,2360.61
2597,1021,182,3,313.62,940.86
2598,1022,29,4,324.56,1298.24
2599,1022,29,5,324.56,1622.8
2600,1022,43,5,157.42,787.1
2601,1022,18,4,462.36,1849.44
2602,1023,117,3,790.12,2370.36
2603,1024,63,4,224.94,899.76
2604,1024,14,2,152.04,304.08
2605,1024,58,3,37.06,111.18
2606,1025,34,2,526.69,1053.38
2607,1025,93,2,686.0,1372.0
2608,1025,24,4,748.59,2994.36
2609,1026,37,3,612.89,1838.67
2610,1027,55,5,123.04,615.2
2611,1027,70,1,874.24,874.24
2612,1028,188,1,513.22,513.22
2613,1028,150,3,985.55,2956.65
2614,1029,190,4,7.56,30.24
2615,1029,122,2,560.2,1120.4
2616,1029,97,5,503.28,2516.4
2617,1030,54,2,84.85,169.7
2618,1031,165,3,13.02,39.06
2619,1031,81,1,917.31,917.31
2620,1031,58,2,37.06,74.12
2621,1031,121,4,965.88,3863.52
2622,1032,167,4,881.58,3526.32
2623,1033,185,5,519.63,2598.15
2624,1033,7,2,141.35,282.7
2625,1033,70,3,874.24,2622.72
2626,1034,150,5,985.55,4927.75
2627,1034,90,1,554.93,554.93
2628,1034,98,1,343.89,343.89
2629,1035,28,1,654.62,654.62
2630,1035,148,1,814.45,814.45
2631,1036,138,5,191.16,955.8
2632,1036,24,2,748.59,1497.18
2633,1036,111,5,303.93,1519.65
2634,1037,194,3,981.5,2944.5
2635,1037,188,5,513.22,2566.1
2636,1037,138,4,191.16,764.64
2637,1037,66,4,755.64,3022.56
2638,1038,132,4,118.38,473.52
2639,1038,33,2,570.12,1140.24
2640,1038,119,4,595.84,2383.36
2641,1038,16,1,776.09,776.09
2642,1039,80,4,172.39,689.56
2643,1039,67,1,806.74,806.74
2644,1039,131,2,579.46,1158.92
2645,1040,169,5,629.93,3149.65
2646,1040,23,5,294.0,1470.0
2647,1040,29,5,324.56,1622.8
2648,1040,9,4,595.75,2383.0
2649,1041,159,5,50.71,253.55
2650,1041,34,1,526.69,526.69
2651,1041,112,3,968.87,2906.61
2652,1042,13,4,585.6,2342.4
2653,1043,101,5,799.06,3995.3
2654,1043,187,2,526.23,1052.46
2655,1044,84,2,660.98,1321.96
2656,1044,72,5,937.46,4687.3
2657,1045,131,4,579.46,2317.84
2658,1045,70,4,874.24,3496.96
2659,1045,11,5,797.76,3988.8
2660,1046,31,2,882.82,1765.64
2661,1046,147,5,861.73,4308.65
2662,1047,82,3,945.45,2836.35
2663,1047,111,2,303.93,607.86
2664,1047,38,1,403.83,403.83
2665,1047,44,1,758.56,758.56
2666,1048,52,4,290.65,1162.6
2667,1048,176,2,934.25,1868.5
2668,1049,92,3,233.62,700.86
2669,1050,54,2,84.85,169.7
2670,1051,16,1,776.09,776.09
2671,1052,141,5,796.89,3984.45
2672,1053,64,3,627.86,1883.58
2673,1053,191,4,920.62,3682.48
2674,1053,117,2,790.12,1580.24
2675,1053,152,1,253.43,253.43
2676,1054,1,5,599.53,2997.65
2677,1055,32,3,190.38,571.14
2678,1056,104,1,556.96,556.96
2679,1057,149,1,172.53,172.53
2680,1058,146,2,441.87,883.74
2681,1058,61,2,144.43,288.86
2682,1058,176,4,934.25,3737.0
2683,1058,52,4,290.65,1162.6
2684,1059,190,5,7.56,37.8
2685,1059,12,4,967.23,3868.92
2686,1059,3,5,403.57,2017.85
2687,1059,188,3,513.22,1539.66
2688,1060,140,1,686.27,686.27
2689,1060,141,4,796.89,3187.56
2690,1060,123,3,154.99,464.97
2691,1061,63,1,224.94,224.94
2692,1061,13,1,585.6,585.6
2693,1061,153,5,492.01,2460.05
2694,1061,132,3,118.38,355.14
2695,1062,64,4,627.86,2511.44
2696,1062,31,1,882.82,882.82
2697,1063,115,1,943.25,943.25
2698,1063,25,5,141.59,707.95
2699,1064,82,1,945.45,945.45
2700,1065,178,3,18.72,56.16
2701,1065,85,5,723.57,3617.85
2702,1065,37,5,612.89,3064.45
2703,1066,39,1,264.48,264.48
2704,1066,49,3,566.09,1698.27
2705,1066,171,1,963.42,963.42
2706,1067,93,2,686.0,1372.0
2707,1068,196,2,740.87,1481.74
2708,1068,72,4,937.46,3749.84
2709,1068,106,1,905.67,905.67
2710,1069,83,4,72.63,290.52
2711,1069,148,5,814.45,4072.25
2712,1069,153,3,492.01,1476.03
2713,1069,73,5,697.14,3485.7
2714,1070,104,4,556.96,2227.84
2715,1070,114,2,594.26,1188.52
2716,1070,184,1,123.84,123.84
2717,1071,15,5,23.84,119.2
2718,1072,69,1,97.0,97.0
2719,1072,36,5,19.01,95.05
2720,1073,177,5,684.52,3422.6
2721,1074,36,2,19.01,38.02
2722,1074,132,4,118.38,473.52
2723,1075,1,2,599.53,1199.06
2724,1075,101,2,799.06,1598.12
2725,1075,9,5,595.75,2978.75
2726,1076,129,1,190.45,190.45
2727,1076,128,3,334.33,1002.99
2728,1076,177,3,684.52,2053.56
2729,1077,120,2,170.51,341.02
2730,1077,92,2,233.62,467.24
2731,1078,80,2,172.39,344.78
2732,1078,57,3,382.38,1147.14
2733,1078,117,1,790.12,790.12
2734,1078,3,3,403.57,1210.71
2735,1079,41,5,163.92,819.6
2736,1080,198,5,236.83,1184.15
2737,1081,142,3,781.83,2345.49
2738,1081,28,5,654.62,3273.1
2739,1082,176,4,934.25,3737.0
2740,1083,161,2,882.73,1765.46
2741,1084,89,5,655.46,3277.3
2742,1084,5,3,133.02,399.06
2743,1084,171,4,963.42,3853.68
2744,1085,9,1,595.75,595.75
2745,1086,155,2,457.42,914.84
2746,1086,57,1,382.38,382.38
2747,1086,68,4,138.42,553.68
2748,1086,105,1,864.39,864.39
2749,1087,22,2,382.79,765.58
2750,1088,134,2,814.66,1629.32
2751,1088,118,1,923.87,923.87
2752,1089,23,2,294.0,588.0
2753,1090,33,5,570.12,2850.6
2754,1090,189,4,774.45,3097.8
2755,1091,90,1,554.93,554.93
2756,1092,8,3,144.08,432.24
2757,1092,137,3,694.96,2084.88
2758,1093,128,4,334.33,1337.32
2759,1094,193,3,573.67,1721.01
2760,1094,58,3,37.06,111.18
2761,1094,80,4,172.39,689.56
2762,1094,186,1,734.26,734.26
2763,1095,168,2,73.07,146.14
2764,1095,37,4,612.89,2451.56
2765,1095,108,2,423.99,847.98
2766,1096,99,1,34.48,34.48
2767,1096,28,5,654.62,3273.1
2768,1096,23,3,294.0,882.0
2769,1097,2,3,433.77,1301.31
2770,1097,128,2,334.33,668.66
2771,1098,126,2,71.84,143.68
2772,1098,67,2,806.74,1613.48
2773,1098,90,5,554.93,2774.65
2774,1099,22,4,382.79,1531.16
2775,1099,105,5,864.39,4321.95
2776,1099,44,2,758.56,1517.12
2777,1099,82,1,945.45,945.45
2778,1100,118,2,923.87,1847.74
2779,1100,101,4,799.06,3196.24
2780,1101,131,4,579.46,2317.84
2781,1102,181,4,921.31,3685.24
2782,1102,90,4,554.93,2219.72
2783,1102,40,2,265.24,530.48
2784,1102,71,1,481.99,481.99
2785,1103,105,5,864.39,4321.95
2786,1103,114,5,594.26,2971.3
2787,1103,70,5,874.24,4371.2
2788,1103,76,4,373.85,1495.4
2789,1104,21,2,562.68,1125.36
2790,1104,149,1,172.53,172.53
2791,1104,164,2,217.35,434.7
2792,1104,93,1,686.0,686.0
2793,1105,106,1,905.67,905.67
2794,1106,129,5,190.45,952.25
2795,1106,124,3,832.15,2496.45
2796,1106,38,2,403.83,807.66
2797,1107,81,3,917.31,2751.93
2798,1107,54,3,84.85,254.55
2799,1108,79,4,261.04,1044.16
2800,1109,141,2,796.89,1593.78
2801,1109,29,2,324.56,649.12
2802,1109,23,3,294.0,882.0
2803,1109,164,4,217.35,869.4
2804,1110,155,3,457.42,1372.26
2805,1110,42,3,640.51,1921.53
2806,1110,66,5,755.64,3778.2
2807,1111,5,4,133.02,532.08
2808,1111,169,3,629.93,1889.79
2809,1112,165,1,13.02,13.02
2810,1112,197,1,733.79,733.79
2811,1112,26,5,229.54,1147.7
2812,1113,199,2,760.13,1520.26
2813,1113,140,5,686.27,3431.35
2814,1113,21,5,562.68,2813.4
2815,1113,38,4,403.83,1615.32
2816,1114,1,4,599.53,2398.12
2817,1114,60,3,248.51,745.53
2818,1115,87,5,621.68,3108.4
2819,1115,74,5,383.75,1918.75
2820,1116,186,1,734.26,734.26
2821,1116,136,5,391.52,1957.6
2822,1117,151,4,919.17,3676.68
2823,1117,138,1,191.16,191.16
2824,1117,104,4,556.96,2227.84
2825,1118,199,1,760.13,760.13
2826,1118,89,1,655.46,655.46
2827,1118,26,1,229.54,229.54
2828,1119,24,2,748.59,1497.18
2829,1119,95,3,929.22,2787.66
2830,1120,169,3,629.93,1889.79
2831,1120,22,2,382.79,765.58
2832,1121,8,1,144.08,144.08
2833,1121,182,4,313.62,1254.48
2834,1122,80,5,172.39,861.95
2835,1123,2,2,433.77,867.54
2836,1123,128,2,334.33,668.66
2837,1123,26,5,229.54,1147.7
2838,1123,99,1,34.48,34.48
2839,1124,52,2,290.65,581.3
2840,1125,179,2,290.05,580.1
2841,1126,153,4,492.01,1968.04
2842,1127,21,1,562.68,562.68
2843,1128,9,1,595.75,595.75
2844,1128,54,3,84.85,254.55
2845,1128,122,1,560.2,560.2
2846,1129,28,4,654.62,2618.48
2847,1129,192,1,228.39,228.39
2848,1130,196,5,740.87,3704.35
2849,1130,107,1,143.14,143.14
2850,1130,200,1,983.19,983.19
2851,1130,162,4,87.01,348.04
2852,1131,195,3,330.66,991.98
2853,1131,176,5,934.25,4671.25
2854,1132,185,5,519.63,2598.15
2855,1133,26,5,229.54,1147.7
2856,1133,166,3,75.47,226.41
2857,1133,163,4,727.35,2909.4
2858,1134,94,1,20.58,20.58
2859,1134,161,1,882.73,882.73
2860,1134,20,2,772.31,1544.62
2861,1135,88,2,959.49,1918.98
2862,1135,87,5,621.68,3108.4
2863,1135,43,1,157.42,157.42
2864,1135,6,4,756.18,3024.72
2865,1136,143,5,574.84,2874.2
2866,1136,174,4,749.1,2996.4
2867,1137,121,2,965.88,1931.76
2868,1138,154,1,635.45,635.45
2869,1138,184,2,123.84,247.68
2870,1138,120,1,170.51,170.51
2871,1138,107,1,143.14,143.14
2872,1139,8,5,144.08,720.4
2873,1139,177,5,684.52,3422.6
2874,1139,29,5,324.56,1622.8
2875,1139,121,2,965.88,1931.76
2876,1140,52,5,290.65,1453.25
2877,1140,195,5,330.66,1653.3
2878,1141,65,4,786.87,3147.48
2879,1141,126,1,71.84,71.84
2880,1141,138,2,191.16,382.32
2881,1141,125,3,523.5,1570.5
2882,1142,11,4,797.76,3191.04
2883,1142,108,5,423.99,2119.95
2884,1143,2,2,433.77,867.54
2885,1144,141,1,796.89,796.89
2886,1144,173,5,848.64,4243.2
2887,1144,94,3,20.58,61.74
2888,1145,129,1,190.45,190.45
2889,1145,4,2,506.73,1013.46
2890,1145,167,3,881.58,2644.74
2891,1145,172,3,555.62,1666.86
2892,1146,197,2,733.79,1467.58
2893,1146,55,4,123.04,492.16
2894,1147,42,1,640.51,640.51
2895,1147,101,5,799.06,3995.3
2896,1148,99,5,34.48,172.4
2897,1149,142,3,781.83,2345.49
2898,1149,117,3,790.12,2370.36
2899,1149,102,4,740.95,2963.8
2900,1149,6,4,756.18,3024.72
2901,1150,175,3,388.95,1166.85
2902,1150,17,4,521.08,2084.32
2903,1150,159,1,50.71,50.71
2904,1150,63,5,224.94,1124.7
2905,1151,179,2,290.05,580.1
2906,1151,23,3,294.0,882.0
2907,1151,15,1,23.84,23.84
2908,1152,77,2,264.47,528.94
2909,1152,100,1,434.68,434.68
2910,1152,2,4,433.77,1735.08
2911,1152,3,2,403.57,807.14
2912,1153,94,1,20.58,20.58
2913,1153,167,5,881.58,4407.9
2914,1154,41,3,163.92,491.76
2915,1154,55,1,123.04,123.04
2916,1154,159,5,50.71,253.55
2917,1155,148,2,814.45,1628.9
2918,1155,74,5,383.75,1918.75
2919,1156,129,1,190.45,190.45
2920,1156,57,1,382.38,382.38
2921,1156,3,3,403.57,1210.71
2922,1157,190,4,7.56,30.24
2923,1158,4,3,506.73,1520.19
2924,1159,12,2,967.23,1934.46
2925,1159,26,3,229.54,688.62
2926,1160,97,4,503.28,2013.12
2927,1161,196,5,740.87,3704.35
2928,1161,100,3,434.68,1304.04
2929,1161,104,2,556.96,1113.92
2930,1162,171,5,963.42,4817.1
2931,1162,85,2,723.57,1447.14
2932,1163,141,1,796.89,796.89
2933,1163,24,1,748.59,748.59
2934,1163,84,1,660.98,660.98
2935,1164,195,3,330.66,991.98
2936,1165,108,3,423.99,1271.97
2937,1165,197,2,733.79,1467.58
2938,1165,126,5,71.84,359.2
2939,1165,150,4,985.55,3942.2
2940,1166,82,4,945.45,3781.8
2941,1167,142,3,781.83,2345.49
2942,1167,83,1,72.63,72.63
2943,1168,140,1,686.27,686.27
2944,1168,115,4,943.25,3773.0
2945,1169,26,2,229.54,459.08
2946,1169,60,5,248.51,1242.55
2947,1169,96,5,678.64,3393.2
2948,1170,130,1,594.24,594.24
2949,1170,88,3,959.49,2878.47
2950,1170,67,2,806.74,1613.48
2951,1170,97,1,503.28,503.28
2952,1171,42,2,640.51,1281.02
2953,1171,188,4,513.22,2052.88
2954,1171,5,2,133.02,266.04
2955,1171,76,3,373.85,1121.55
2956,1172,195,3,330.66,991.98
2957,1172,198,3,236.83,710.49
2958,1172,109,4,595.83,2383.32
2959,1172,120,2,170.51,341.02
2960,1173,92,1,233.62,233.62
2961,1174,27,1,682.78,682.78
2962,1174,118,2,923.87,1847.74
2963,1174,16,5,776.09,3880.45
2964,1174,119,1,595.84,595.84
2965,1175,99,3,34.48,103.44
2966,1175,194,4,981.5,3926.0
2967,1175,137,2,694.96,1389.92
2968,1176,171,1,963.42,963.42
2969,1176,56,1,757.39,757.39
2970,1176,125,3,523.5,1570.5
2971,1176,79,2,261.04,522.08
2972,1177,199,2,760.13,1520.26
2973,1178,76,1,373.85,373.85
2974,1178,78,5,333.21,1666.05
2975,1178,84,4,660.98,2643.92
2976,1178,172,2,555.62,1111.24
2977,1179,13,2,585.6,1171.2
2978,1179,145,2,301.22,602.44
2979,1179,86,3,807.13,2421.39
2980,1179,198,4,236.83,947.32
2981,1180,38,4,403.83,1615.32
2982,1180,48,5,899.39,4496.95
2983,1180,133,3,613.25,1839.75
2984,1180,12,4,967.23,3868.92
2985,1181,110,3,842.4,2527.2
2986,1181,35,1,809.76,809.76
2987,1181,115,4,943.25,3773.0
2988,1181,175,2,388.95,777.9
2989,1182,123,1,154.99,154.99
2990,1182,181,2,921.31,1842.62
2991,1183,54,5,84.85,424.25
2992,1183,103,4,363.11,1452.44
2993,1183,107,2,143.14,286.28
2994,1184,155,2,457.42,914.84
2995,1184,56,5,757.39,3786.95
2996,1184,111,5,303.93,1519.65
2997,1185,156,1,732.27,732.27
2998,1185,105,1,864.39,864.39
2999,1185,68,5,138.42,692.1
3000,1185,134,4,814.66,3258.64
3001,1186,46,1,829.62,829.62
3002,1186,178,3,18.72,56.16
3003,1187,200,2,983.19,1966.38
3004,1187,67,1,806.74,806.74
3005,1187,89,1,655.46,655.46
3006,1188,122,2,560.2,1120.4
3007,1188,148,4,814.45,3257.8
3008,1189,84,5,660.98,3304.9
3009,1190,110,3,842.4,2527.2
3010,1190,199,1,760.13,760.13
3011,1190,81,2,917.31,1834.62
3012,1190,175,3,388.95,1166.85
3013,1191,116,1,674.61,674.61
3014,1191,189,4,774.45,3097.8
3015,1191,129,5,190.45,952.25
3016,1191,119,4,595.84,2383.36
3017,1192,89,3,655.46,1966.38
3018,1192,41,4,163.92,655.68
3019,1192,20,5,772.31,3861.55
3020,1193,62,5,579.58,2897.9
3021,1194,38,2,403.83,807.66
3022,1194,123,2,154.99,309.98
3023,1194,104,2,556.96,1113.92
3024,1195,187,2,526.23,1052.46
3025,1195,47,1,855.21,855.21
3026,1195,181,2,921.31,1842.62
3027,1195,45,2,527.87,1055.74
3028,1196,27,1,682.78,682.78
3029,1196,195,1,330.66,330.66
3030,1196,119,3,595.84,1787.52
3031,1196,167,4,881.58,3526.32
3032,1197,156,1,732.27,732.27
3033,1197,126,1,71.84,71.84
3034,1197,109,2,595.83,1191.66
3035,1197,15,3,23.84,71.52
3036,1198,158,5,341.06,1705.3
3037,1198,96,1,678.64,678.64
3038,1199,69,5,97.0,485.0
3039,1199,104,5,556.96,2784.8
3040,1199,142,2,781.83,1563.66
3041,1200,96,2,678.64,1357.28
3042,1201,109,5,595.83,2979.15
3043,1202,54,5,84.85,424.25
3044,1203,48,1,899.39,899.39
3045,1203,47,4,855.21,3420.84
3046,1204,25,3,141.59,424.77
3047,1205,174,4,749.1,2996.4
3048,1205,69,4,97.0,388.0
3049,1206,16,4,776.09,3104.36
3050,1207,19,4,612.02,2448.08
3051,1208,195,1,330.66,330.66
3052,1208,56,1,757.39,757.39
3053,1208,103,2,363.11,726.22
3054,1208,115,1,943.25,943.25
3055,1209,176,1,934.25,934.25
3056,1209,9,3,595.75,1787.25
3057,1209,150,2,985.55,1971.1
3058,1210,48,4,899.39,3597.56
3059,1210,118,2,923.87,1847.74
3060,1211,72,4,937.46,3749.84
3061,1211,148,2,814.45,1628.9
3062,1211,29,4,324.56,1298.24
3063,1212,145,3,301.22,903.66
3064,1212,114,4,594.26,2377.04
3065,1213,143,1,574.84,574.84
3066,1213,139,2,140.85,281.7
3067,1214,190,4,7.56,30.24
3068,1215,67,1,806.74,806.74
3069,1215,41,3,163.92,491.76
3070,1215,158,5,341.06,1705.3
3071,1216,28,5,654.62,3273.1
3072,1216,57,5,382.38,1911.9
3073,1216,58,2,37.06,74.12
3074,1217,180,2,642.33,1284.66
3075,1217,195,4,330.66,1322.64
3076,1217,47,5,855.21,4276.05
3077,1217,23,2,294.0,588.0
3078,1218,100,2,434.68,869.36
3079,1219,167,1,881.58,881.58
3080,1219,77,5,264.47,1322.35
3081,1219,110,1,842.4,842.4
3082,1220,111,4,303.93,1215.72
3083,1220,116,4,674.61,2698.44
3084,1221,44,4,758.56,3034.24
3085,1221,43,5,157.42,787.1
3086,1221,165,3,13.02,39.06
3087,1222,53,5,377.58,1887.9
3088,1222,126,3,71.84,215.52
3089,1222,160,5,444.08,2220.4
3090,1223,6,4,756.18,3024.72
3091,1223,186,1,734.26,734.26
3092,1223,130,5,594.24,2971.2
3093,1224,78,1,333.21,333.21
3094,1224,108,4,423.99,1695.96
3095,1224,94,4,20.58,82.32
3096,1224,6,2,756.18,1512.36
3097,1225,140,1,686.27,686.27
3098,1226,145,2,301.22,602.44
3099,1227,43,2,157.42,314.84
3100,1228,96,3,678.64,2035.92
3101,1229,159,1,50.71,50.71
3102,1229,72,3,937.46,2812.38
3103,1230,150,2,985.55,1971.1
3104,1231,41,3,163.92,491.76
3105,1231,50,2,258.18,516.36
3106,1232,45,1,527.87,527.87
3107,1232,43,2,157.42,314.84
3108,1233,18,1,462.36,462.36
3109,1233,40,3,265.24,795.72
3110,1233,167,3,881.58,2644.74
3111,1234,16,1,776.09,776.09
3112,1234,159,2,50.71,101.42
3113,1234,87,3,621.68,1865.04
3114,1235,184,1,123.84,123.84
3115,1235,58,4,37.06,148.24
3116,1235,149,5,172.53,862.65
3117,1236,178,2,18.72,37.44
3118,1236,160,2,444.08,888.16
3119,1236,194,2,981.5,1963.0
3120,1237,42,3,640.51,1921.53
3121,1237,64,4,627.86,2511.44
3122,1238,152,4,253.43,1013.72
3123,1238,34,1,526.69,526.69
3124,1239,89,5,655.46,3277.3
3125,1240,32,2,190.38,380.76
3126,1240,69,3,97.0,291.0
3127,1241,42,5,640.51,3202.55
3128,1242,114,3,594.26,1782.78
3129,1243,81,5,917.31,4586.55
3130,1243,154,5,635.45,3177.25
3131,1243,35,1,809.76,809.76
3132,1243,31,2,882.82,1765.64
3133,1244,128,4,334.33,1337.32
3134,1244,51,1,701.88,701.88
3135,1245,118,3,923.87,2771.61
3136,1245,151,3,919.17,2757.51
3137,1245,72,2,937.46,1874.92
3138,1245,17,1,521.08,521.08
3139,1246,47,5,855.21,4276.05
3140,1246,199,3,760.13,2280.39
3141,1246,165,1,13.02,13.02
3142,1246,145,2,301.22,602.44
3143,1247,88,5,959.49,4797.45
3144,1247,26,5,229.54,1147.7
3145,1247,34,2,526.69,1053.38
3146,1247,102,4,740.95,2963.8
3147,1248,180,2,642.33,1284.66
3148,1249,124,3,832.15,2496.45
3149,1250,185,4,519.63,2078.52
3150,1250,33,4,570.12,2280.48
3151,1251,122,3,560.2,1680.6
3152,1251,39,5,264.48,1322.4
3153,1251,162,4,87.01,348.04
3154,1252,99,1,34.48,34.48
3155,1252,37,1,612.89,612.89
3156,1252,159,4,50.71,202.84
3157,1253,115,2,943.25,1886.5
3158,1254,2,5,433.77,2168.85
3159,1255,169,5,629.93,3149.65
3160,1255,69,3,97.0,291.0
3161,1256,70,1,874.24,874.24
3162,1256,49,2,566.09,1132.18
3163,1257,17,3,521.08,1563.24
3164,1258,85,3,723.57,2170.71
3165,1258,3,3,403.57,1210.71
3166,1259,70,2,874.24,1748.48
3167,1260,26,5,229.54,1147.7
3168,1260,164,1,217.35,217.35
3169,1261,61,1,144.43,144.43
3170,1261,133,4,613.25,2453.0
3171,1261,125,5,523.5,2617.5
3172,1262,164,2,217.35,434.7
3173,1262,67,4,806.74,3226.96
3174,1262,155,2,457.42,914.84
3175,1262,96,3,678.64,2035.92
3176,1263,40,1,265.24,265.24
3177,1263,129,5,190.45,952.25
3178,1264,182,3,313.62,940.86
3179,1264,161,3,882.73,2648.19
3180,1265,152,2,253.43,506.86
3181,1266,78,5,333.21,1666.05
3182,1267,127,1,678.75,678.75
3183,1267,111,4,303.93,1215.72
3184,1267,163,4,727.35,2909.4
3185,1267,148,2,814.45,1628.9
3186,1268,61,2,144.43,288.86
3187,1268,151,5,919.17,4595.85
3188,1269,91,1,646.68,646.68
3189,1269,92,5,233.62,1168.1
3190,1269,15,2,23.84,47.68
3191,1269,88,4,959.49,3837.96
3192,1270,111,3,303.93,911.79
3193,1270,15,5,23.84,119.2
3194,1270,86,5,807.13,4035.65
3195,1271,189,5,774.45,3872.25
3196,1271,136,2,391.52,783.04
3197,1271,190,5,7.56,37.8
3198,1272,199,3,760.13,2280.39
3199,1272,180,4,642.33,2569.32
3200,1273,35,4,809.76,3239.04
3201,1273,45,1,527.87,527.87
3202,1273,190,5,7.56,37.8
3203,1273,69,4,97.0,388.0
3204,1274,33,5,570.12,2850.6
3205,1274,200,2,983.19,1966.38
3206,1274,93,3,686.0,2058.0
3207,1274,56,3,757.39,2272.17
3208,1275,21,5,562.68,2813.4
3209,1275,101,2,799.06,1598.12
3210,1275,143,2,574.84,1149.68
3211,1276,47,3,855.21,2565.63
3212,1276,3,1,403.57,403.57
3213,1277,91,4,646.68,2586.72
3214,1277,44,3,758.56,2275.68
3215,1278,45,5,527.87,2639.35
3216,1278,106,2,905.67,1811.34
3217,1278,151,3,919.17,2757.51
3218,1278,47,1,855.21,855.21
3219,1279,44,2,758.56,1517.12
3220,1280,71,1,481.99,481.99
3221,1280,74,5,383.75,1918.75
3222,1281,153,1,492.01,492.01
3223,1281,4,5,506.73,2533.65
3224,1282,101,2,799.06,1598.12
3225,1282,178,4,18.72,74.88
3226,1282,11,2,797.76,1595.52
3227,1282,105,4,864.39,3457.56
3228,1283,68,3,138.42,415.26
3229,1284,149,3,172.53,517.59
3230,1285,50,2,258.18,516.36
3231,1285,18,4,462.36,1849.44
3232,1285,73,1,697.14,697.14
3233,1285,5,2,133.02,266.04
3234,1286,13,1,585.6,585.6
3235,1287,63,3,224.94,674.82
3236,1287,196,2,740.87,1481.74
3237,1288,35,2,809.76,1619.52
3238,1288,77,4,264.47,1057.88
3239,1289,23,5,294.0,1470.0
3240,1290,98,1,343.89,343.89
3241,1290,178,1,18.72,18.72
3242,1291,6,5,756.18,3780.9
3243,1291,37,4,612.89,2451.56
3244,1291,125,1,523.5,523.5
3245,1291,83,4,72.63,290.52
3246,1292,103,1,363.11,363.11
3247,1292,176,4,934.25,3737.0
3248,1292,15,4,23.84,95.36
3249,1293,34,4,526.69,2106.76
3250,1293,73,2,697.14,1394.28
3251,1293,182,5,313.62,1568.1
3252,1293,183,3,925.0,2775.0
3253,1294,4,5,506.73,2533.65
3254,1295,59,4,210.05,840.2
3255,1295,45,2,527.87,1055.74
3256,1295,70,4,874.24,3496.96
3257,1296,114,4,594.26,2377.04
3258,1297,58,1,37.06,37.06
3259,1297,53,2,377.58,755.16
3260,1298,30,1,537.47,537.47
3261,1298,165,5,13.02,65.1
3262,1298,67,3,806.74,2420.22
3263,1298,183,1,925.0,925.0
3264,1299,77,2,264.47,528.94
3265,1299,52,1,290.65,290.65
3266,1299,100,3,434.68,1304.04
3267,1299,71,3,481.99,1445.97
3268,1300,192,2,228.39,456.78
3269,1301,46,4,829.62,3318.48
3270,1301,121,4,965.88,3863.52
3271,1301,134,3,814.66,2443.98
3272,1301,123,4,154.99,619.96
3273,1302,109,2,595.83,1191.66
3274,1303,155,3,457.42,1372.26
3275,1303,47,5,855.21,4276.05
3276,1303,12,3,967.23,2901.69
3277,1304,18,4,462.36,1849.44
3278,1304,84,3,660.98,1982.94
3279,1304,26,5,229.54,1147.7
3280,1304,141,4,796.89,3187.56
3281,1305,23,4,294.0,1176.0
3282,1306,45,3,527.87,1583.61
3283,1306,179,2,290.05,580.1
3284,1307,44,3,758.56,2275.68
3285,1308,114,3,594.26,1782.78
3286,1308,69,3,97.0,291.0
3287,1309,197,4,733.79,2935.16
3288,1310,57,3,382.38,1147.14
3289,1310,89,4,655.46,2621.84
3290,1311,51,5,701.88,3509.4
3291,1311,100,5,434.68,2173.4
3292,1311,66,4,755.64,3022.56
3293,1312,43,3,157.42,472.26
3294,1313,198,5,236.83,1184.15
3295,1313,95,2,929.22,1858.44
3296,1313,97,2,503.28,1006.56
3297,1314,144,5,761.2,3806.0
3298,1314,11,3,797.76,2393.28
3299,1314,177,4,684.52,2738.08
3300,1314,45,2,527.87,1055.74
3301,1315,188,3,513.22,1539.66
3302,1315,17,1,521.08,521.08
3303,1315,1,5,599.53,2997.65
3304,1315,87,2,621.68,1243.36
3305,1316,161,3,882.73,2648.19
3306,1316,124,3,832.15,2496.45
3307,1316,45,1,527.87,527.87
3308,1317,186,3,734.26,2202.78
3309,1317,61,3,144.43,433.29
3310,1317,200,5,983.19,4915.95
3311,1317,155,1,457.42,457.42
3312,1318,149,2,172.53,345.06
3313,1319,137,1,694.96,694.96
3314,1319,68,4,138.42,553.68
3315,1319,13,3,585.6,1756.8
3316,1319,126,4,71.84,287.36
3317,1320,76,2,373.85,747.7
3318,1321,130,5,594.24,2971.2
3319,1321,68,3,138.42,415.26
3320,1321,55,4,123.04,492.16
3321,1321,14,4,152.04,608.16
3322,1322,22,5,382.79,1913.95
3323,1322,193,4,573.67,2294.68
3324,1322,167,3,881.58,2644.74
3325,1322,107,3,143.14,429.42
3326,1323,120,2,170.51,341.02
3327,1323,174,4,749.1,2996.4
3328,1323,194,2,981.5,1963.0
3329,1323,104,5,556.96,2784.8
3330,1324,95,3,929.22,2787.66
3331,1325,133,3,613.25,1839.75
3332,1326,16,2,776.09,1552.18
3333,1327,122,2,560.2,1120.4
3334,1327,148,1,814.45,814.45
3335,1327,3,5,403.57,2017.85
3336,1327,79,3,261.04,783.12
3337,1328,179,4,290.05,1160.2
3338,1329,6,3,756.18,2268.54
3339,1329,61,3,144.43,433.29
3340,1329,106,4,905.67,3622.68
3341,1329,9,3,595.75,1787.25
3342,1330,59,2,210.05,420.1
3343,1331,69,4,97.0,388.0
3344,1331,152,5,253.43,1267.15
3345,1331,63,2,224.94,449.88
3346,1331,7,4,141.35,565.4
3347,1332,166,4,75.47,301.88
3348,1332,171,2,963.42,1926.84
3349,1332,6,4,756.18,3024.72
3350,1332,121,1,965.88,965.88
3351,1333,47,2,855.21,1710.42
3352,1333,108,4,423.99,1695.96
3353,1334,148,3,814.45,2443.35
3354,1334,199,1,760.13,760.13
3355,1334,158,1,341.06,341.06
3356,1334,198,5,236.83,1184.15
3357,1335,131,5,579.46,2897.3
3358,1335,111,3,303.93,911.79
3359,1335,56,5,757.39,3786.95
3360,1335,195,3,330.66,991.98
3361,1336,100,4,434.68,1738.72
3362,1337,147,4,861.73,3446.92
3363,1337,53,3,377.58,1132.74
3364,1338,179,5,290.05,1450.25
3365,1338,178,5,18.72,93.6
3366,1339,103,1,363.11,363.11
3367,1339,190,3,7.56,22.68
3368,1339,164,3,217.35,652.05
3369,1339,6,3,756.18,2268.54
3370,1340,36,1,19.01,19.01
3371,1340,178,4,18.72,74.88
3372,1341,68,5,138.42,692.1
3373,1342,196,1,740.87,740.87
3374,1342,140,4,686.27,2745.08
3375,1342,175,4,388.95,1555.8
3376,1342,8,4,144.08,576.32
3377,1343,53,2,377.58,755.16
3378,1343,16,1,776.09,776.09
3379,1343,103,2,363.11,726.22
3380,1343,148,1,814.45,814.45
3381,1344,50,5,258.18,1290.9
3382,1344,149,2,172.53,345.06
3383,1344,197,5,733.79,3668.95
3384,1344,158,1,341.06,341.06
3385,1345,126,1,71.84,71.84
3386,1345,144,2,761.2,1522.4
3387,1346,180,3,642.33,1926.99
3388,1346,197,2,733.79,1467.58
3389,1346,198,2,236.83,473.66
3390,1346,119,1,595.84,595.84
3391,1347,189,1,774.45,774.45
3392,1347,137,4,694.96,2779.84
3393,1347,79,5,261.04,1305.2
3394,1347,68,2,138.42,276.84
3395,1348,151,3,919.17,2757.51
3396,1348,41,1,163.92,163.92
3397,1348,53,5,377.58,1887.9
3398,1348,138,2,191.16,382.32
3399,1349,173,2,848.64,1697.28
3400,1350,78,5,333.21,1666.05
3401,1350,178,1,18.72,18.72
3402,1350,29,3,324.56,973.68
3403,1351,199,5,760.13,3800.65
3404,1351,157,4,400.72,1602.88
3405,1351,116,1,674.61,674.61
3406,1352,154,2,635.45,1270.9
3407,1352,17,5,521.08,2605.4
3408,1352,88,5,959.49,4797.45
3409,1352,113,2,329.25,658.5
3410,1353,95,3,929.22,2787.66
3411,1354,70,2,874.24,1748.48
3412,1354,144,5,761.2,3806.0
3413,1355,169,2,629.93,1259.86
3414,1355,14,2,152.04,304.08
3415,1355,178,1,18.72,18.72
3416,1356,186,5,734.26,3671.3
3417,1356,29,4,324.56,1298.24
3418,1356,121,5,965.88,4829.4
3419,1356,2,4,433.77,1735.08
3420,1357,165,3,13.02,39.06
3421,1357,170,2,91.25,182.5
3422,1357,174,1,749.1,749.1
3423,1357,88,5,959.49,4797.45
3424,1358,27,4,682.78,2731.12
3425,1359,198,5,236.83,1184.15
3426,1359,186,2,734.26,1468.52
3427,1359,168,5,73.07,365.35
3428,1360,85,1,723.57,723.57
3429,1361,115,1,943.25,943.25
3430,1361,30,4,537.47,2149.88
3431,1362,154,2,635.45,1270.9
3432,1363,162,3,87.01,261.03
3433,1363,11,4,797.76,3191.04
3434,1363,13,2,585.6,1171.2
3435,1363,8,5,144.08,720.4
3436,1364,133,1,613.25,613.25
3437,1365,41,4,163.92,655.68
3438,1365,39,5,264.48,1322.4
3439,1365,43,5,157.42,787.1
3440,1365,107,5,143.14,715.7
3441,1366,167,3,881.58,2644.74
3442,1366,77,5,264.47,1322.35
3443,1367,193,1,573.67,573.67
3444,1367,170,1,91.25,91.25
3445,1367,118,2,923.87,1847.74
3446,1368,145,2,301.22,602.44
3447,1368,165,4,13.02,52.08
3448,1368,162,3,87.01,261.03
3449,1369,20,4,772.31,3089.24
3450,1370,109,5,595.83,2979.15
3451,1371,185,5,519.63,2598.15
3452,1372,29,2,324.56,649.12
3453,1372,121,4,965.88,3863.52
3454,1372,101,2,799.06,1598.12
3455,1372,4,5,506.73,2533.65
3456,1373,136,2,391.52,783.04
3457,1374,62,5,579.58,2897.9
3458,1375,117,1,790.12,790.12
3459,1376,108,2,423.99,847.98
3460,1376,173,3,848.64,2545.92
3461,1377,69,2,97.0,194.0
3462,1377,84,5,660.98,3304.9
3463,1377,98,2,343.89,687.78
3464,1378,86,5,807.13,4035.65
3465,1378,175,4,388.95,1555.8
3466,1378,2,1,433.77,433.77
3467,1379,3,3,403.57,1210.71
3468,1379,170,2,91.25,182.5
3469,1380,42,3,640.51,1921.53
3470,1380,56,4,757.39,3029.56
3471,1380,153,1,492.01,492.01
3472,1381,40,2,265.24,530.48
3473,1382,94,2,20.58,41.16
3474,1382,3,2,403.57,807.14
3475,1382,142,3,781.83,2345.49
3476,1382,146,4,441.87,1767.48
3477,1383,181,1,921.31,921.31
3478,1383,64,5,627.86,3139.3
3479,1383,97,4,503.28,2013.12
3480,1383,1,2,599.53,1199.06
3481,1384,63,4,224.94,899.76
3482,1384,82,2,945.45,1890.9
3483,1384,196,3,740.87,2222.61
3484,1385,91,3,646.68,1940.04
3485,1386,179,4,290.05,1160.2
3486,1386,66,5,755.64,3778.2
3487,1387,180,5,642.33,3211.65
3488,1388,95,3,929.22,2787.66
3489,1388,174,1,749.1,749.1
3490,1388,63,4,224.94,899.76
3491,1388,180,3,642.33,1926.99
3492,1389,31,3,882.82,2648.46
3493,1389,184,5,123.84,619.2
3494,1390,128,2,334.33,668.66
3495,1390,133,3,613.25,1839.75
3496,1390,71,4,481.99,1927.96
3497,1390,106,2,905.67,1811.34
3498,1391,33,2,570.12,1140.24
3499,1391,110,1,842.4,842.4
3500,1392,104,4,556.96,2227.84
3501,1392,155,5,457.42,2287.1
3502,1392,136,4,391.52,1566.08
3503,1392,73,5,697.14,3485.7
3504,1393,34,3,526.69,1580.07
3505,1394,146,4,441.87,1767.48
3506,1394,171,2,963.42,1926.84
3507,1394,35,1,809.76,809.76
3508,1395,48,5,899.39,4496.95
3509,1395,135,4,316.62,1266.48
3510,1395,48,2,899.39,1798.78
3511,1396,145,5,301.22,1506.1
3512,1396,33,1,570.12,570.12
3513,1396,99,4,34.48,137.92
3514,1396,102,1,740.95,740.95
3515,1397,146,5,441.87,2209.35
3516,1397,105,2,864.39,1728.78
3517,1397,49,3,566.09,1698.27
3518,1397,97,5,503.28,2516.4
3519,1398,151,5,919.17,4595.85
3520,1398,188,5,513.22,2566.1
3521,1399,56,3,757.39,2272.17
3522,1399,193,5,573.67,2868.35
3523,1400,103,5,363.11,1815.55
3524,1400,132,4,118.38,473.52
3525,1400,182,4,313.62,1254.48
3526,1400,116,5,674.61,3373.05
3527,1401,96,4,678.64,2714.56
3528,1401,4,3,506.73,1520.19
3529,1402,64,3,627.86,1883.58
3530,1403,13,5,585.6,2928.0
3531,1403,65,5,786.87,3934.35
3532,1404,25,3,141.59,424.77
3533,1404,52,5,290.65,1453.25
3534,1405,196,5,740.87,3704.35
3535,1405,22,2,382.79,765.58
3536,1406,104,1,556.96,556.96
3537,1406,8,1,144.08,144.08
3538,1407,75,3,468.67,1406.01
3539,1408,168,4,73.07,292.28
3540,1409,38,5,403.83,2019.15
3541,1409,186,1,734.26,734.26
3542,1409,79,2,261.04,522.08
3543,1409,9,3,595.75,1787.25
3544,1410,56,3,757.39,2272.17
3545,1411,5,2,133.02,266.04
3546,1412,83,2,72.63,145.26
3547,1412,163,5,727.35,3636.75
3548,1412,121,2,965.88,1931.76
3549,1412,9,5,595.75,2978.75
3550,1413,165,3,13.02,39.06
3551,1413,172,4,555.62,2222.48
3552,1413,77,2,264.47,528.94
3553,1413,191,2,920.62,1841.24
3554,1414,3,3,403.57,1210.71
3555,1414,159,2,50.71,101.42
3556,1414,15,5,23.84,119.2
3557,1415,60,3,248.51,745.53
3558,1415,60,1,248.51,248.51
3559,1416,110,4,842.4,3369.6
3560,1416,156,1,732.27,732.27
3561,1416,160,3,444.08,1332.24
3562,1416,144,5,761.2,3806.0
3563,1417,33,5,570.12,2850.6
3564,1417,199,5,760.13,3800.65
3565,1417,9,3,595.75,1787.25
3566,1417,103,5,363.11,1815.55
3567,1418,2,1,433.77,433.77
3568,1418,122,3,560.2,1680.6
3569,1419,161,1,882.73,882.73
3570,1419,115,5,943.25,4716.25
3571,1420,105,1,864.39,864.39
3572,1420,135,4,316.62,1266.48
3573,1420,147,3,861.73,2585.19
3574,1420,123,2,154.99,309.98
3575,1421,2,3,433.77,1301.31
3576,1421,64,3,627.86,1883.58
3577,1421,126,3,71.84,215.52
3578,1422,182,2,313.62,627.24
3579,1423,58,1,37.06,37.06
3580,1423,169,2,629.93,1259.86
3581,1423,124,5,832.15,4160.75
3582,1424,104,1,556.96,556.96
3583,1424,4,1,506.73,506.73
3584,1424,128,4,334.33,1337.32
3585,1425,51,2,701.88,1403.76
3586,1425,19,4,612.02,2448.08
3587,1425,90,1,554.93,554.93
3588,1425,58,4,37.06,148.24
3589,1426,194,5,981.5,4907.5
3590,1427,12,2,967.23,1934.46
3591,1427,178,3,18.72,56.16
3592,1428,152,2,253.43,506.86
3593,1429,50,2,258.18,516.36
3594,1429,118,1,923.87,923.87
3595,1429,49,3,566.09,1698.27
3596,1429,188,2,513.22,1026.44
3597,1430,80,3,172.39,517.17
3598,1430,115,3,943.25,2829.75
3599,1430,141,5,796.89,3984.45
3600,1431,200,3,983.19,2949.57
3601,1432,111,1,303.93,303.93
3602,1432,114,5,594.26,2971.3
3603,1432,107,2,143.14,286.28
3604,1432,199,2,760.13,1520.26
3605,1433,17,1,521.08,521.08
3606,1433,178,4,18.72,74.88
3607,1433,106,3,905.67,2717.01
3608,1434,200,5,983.19,4915.95
3609,1435,121,1,965.88,965.88
3610,1436,23,4,294.0,1176.0
3611,1436,178,2,18.72,37.44
3612,1436,169,2,629.93,1259.86
3613,1437,21,3,562.68,1688.04
3614,1437,91,4,646.68,2586.72
3615,1437,50,3,258.18,774.54
3616,1438,155,1,457.42,457.42
3617,1439,131,1,579.46,579.46
3618,1439,89,3,655.46,1966.38
3619,1439,140,1,686.27,686.27
3620,1440,83,4,72.63,290.52
3621,1441,70,5,874.24,4371.2
3622,1441,101,3,799.06,2397.18
3623,1441,64,5,627.86,3139.3
3624,1442,102,1,740.95,740.95
3625,1443,122,1,560.2,560.2
3626,1443,13,3,585.6,1756.8
3627,1443,3,5,403.57,2017.85
3628,1443,63,1,224.94,224.94
3629,1444,82,3,945.45,2836.35
3630,1444,31,5,882.82,4414.1
3631,1444,71,1,481.99,481.99
3632,1445,155,5,457.42,2287.1
3633,1445,39,2,264.48,528.96
3634,1446,139,1,140.85,140.85
3635,1447,151,4,919.17,3676.68
3636,1447,101,2,799.06,1598.12
3637,1448,62,5,579.58,2897.9
3638,1449,140,5,686.27,3431.35
3639,1449,103,3,363.11,1089.33
3640,1449,161,1,882.73,882.73
3641,1450,137,5,694.96,3474.8
3642,1450,4,2,506.73,1013.46
3643,1450,101,3,799.06,2397.18
3644,1450,41,5,163.92,819.6
3645,1451,24,4,748.59,2994.36
3646,1451,73,4,697.14,2788.56
3647,1451,182,5,313.62,1568.1
3648,1452,53,2,377.58,755.16
3649,1452,88,4,959.49,3837.96
3650,1453,52,1,290.65,290.65
3651,1453,49,5,566.09,2830.45
3652,1454,77,3,264.47,793.41
3653,1454,6,5,756.18,3780.9
3654,1454,130,1,594.24,594.24
3655,1454,196,4,740.87,2963.48
3656,1455,11,5,797.76,3988.8
3657,1455,185,5,519.63,2598.15
3658,1455,143,4,574.84,2299.36
3659,1455,11,5,797.76,3988.8
3660,1456,11,1,797.76,797.76
3661,1456,154,5,635.45,3177.25
3662,1457,139,3,140.85,422.55
3663,1458,21,1,562.68,562.68
3664,1458,52,2,290.65,581.3
3665,1459,97,1,503.28,503.28
3666,1459,25,3,141.59,424.77
3667,1459,138,3,191.16,573.48
3668,1459,142,3,781.83,2345.49
3669,1460,88,2,959.49,1918.98
3670,1461,62,2,579.58,1159.16
3671,1461,169,1,629.93,629.93
3672,1461,29,5,324.56,1622.8
3673,1461,168,4,73.07,292.28
3674,1462,76,4,373.85,1495.4
3675,1463,38,1,403.83,403.83
3676,1463,81,2,917.31,1834.62
3677,1464,174,1,749.1,749.1
3678,1464,122,4,560.2,2240.8
3679,1464,70,3,874.24,2622.72
3680,1464,183,3,925.0,2775.0
3681,1465,123,1,154.99,154.99
3682,1465,137,2,694.96,1389.92
3683,1465,164,2,217.35,434.7
3684,1466,114,1,594.26,594.26
3685,1467,100,1,434.68,434.68
3686,1467,159,5,50.71,253.55
3687,1467,87,2,621.68,1243.36
3688,1468,108,4,423.99,1695.96
3689,1468,100,4,434.68,1738.72
3690,1468,34,4,526.69,2106.76
3691,1469,64,3,627.86,1883.58
3692,1469,180,5,642.33,3211.65
3693,1470,1,3,599.53,1798.59
3694,1470,60,1,248.51,248.51
3695,1470,36,4,19.01,76.04
3696,1470,19,5,612.02,3060.1
3697,1471,5,2,133.02,266.04
3698,1471,96,4,678.64,2714.56
3699,1471,143,4,574.84,2299.36
3700,1472,56,4,757.39,3029.56
3701,1473,13,3,585.6,1756.8
3702,1473,14,4,152.04,608.16
3703,1473,61,1,144.43,144.43
3704,1473,102,4,740.95,2963.8
3705,1474,112,1,968.87,968.87
3706,1474,95,1,929.22,929.22
3707,1475,188,5,513.22,2566.1
3708,1475,165,1,13.02,13.02
3709,1476,69,1,97.0,97.0
3710,1476,160,5,444.08,2220.4
3711,1476,151,1,919.17,919.17
3712,1476,3,2,403.57,807.14
3713,1477,152,1,253.43,253.43
3714,1478,16,2,776.09,1552.18
3715,1478,164,1,217.35,217.35
3716,1479,94,2,20.58,41.16
3717,1479,6,5,756.18,3780.9
3718,1480,87,2,621.68,1243.36
3719,1480,177,2,684.52,1369.04
3720,1480,197,4,733.79,2935.16
3721,1481,146,4,441.87,1767.48
3722,1481,179,5,290.05,1450.25
3723,1481,94,2,20.58,41.16
3724,1482,148,2,814.45,1628.9
3725,1483,11,1,797.76,797.76
3726,1483,160,5,444.08,2220.4
3727,1483,111,1,303.93,303.93
3728,1483,35,4,809.76,3239.04
3729,1484,127,3,678.75,2036.25
3730,1484,170,3,91.25,273.75
3731,1484,66,3,755.64,2266.92
3732,1485,12,3,967.23,2901.69
3733,1485,74,5,383.75,1918.75
3734,1486,178,3,18.72,56.16
3735,1486,85,2,723.57,1447.14
3736,1486,132,1,118.38,118.38
3737,1487,143,1,574.84,574.84
3738,1488,184,5,123.84,619.2
3739,1489,90,3,554.93,1664.79
3740,1489,136,2,391.52,783.04
3741,1489,73,3,697.14,2091.42
3742,1489,196,3,740.87,2222.61
3743,1490,104,2,556.96,1113.92
3744,1490,43,5,157.42,787.1
3745,1490,176,3,934.25,2802.75
3746,1490,39,1,264.48,264.48
3747,1491,158,4,341.06,1364.24
3748,1491,14,3,152.04,456.12
3749,1491,180,4,642.33,2569.32
3750,1491,98,1,343.89,343.89
3751,1492,105,1,864.39,864.39
3752,1492,108,2,423.99,847.98
3753,1493,139,4,140.85,563.4
3754,1493,8,4,144.08,576.32
3755,1493,3,3,403.57,1210.71
3756,1494,164,2,217.35,434.7
3757,1494,194,4,981.5,3926.0
3758,1494,104,1,556.96,556.96
3759,1494,34,2,526.69,1053.38
3760,1495,17,3,521.08,1563.24
3761,1495,130,3,594.24,1782.72
3762,1495,7,1,141.35,141.35
3763,1496,51,1,701.88,701.88
3764,1496,18,4,462.36,1849.44
3765,1496,59,1,210.05,210.05
3766,1497,128,1,334.33,334.33
3767,1497,81,4,917.31,3669.24
3768,1497,14,3,152.04,456.12
3769,1497,135,4,316.62,1266.48
3770,1498,96,2,678.64,1357.28
3771,1499,66,3,755.64,2266.92
3772,1499,20,2,772.31,1544.62
3773,1500,152,3,253.43,760.29
3774,1500,79,4,261.04,1044.16
3775,1501,15,4,23.84,95.36
3776,1501,68,3,138.42,415.26
3777,1501,55,1,123.04,123.04
3778,1502,178,4,18.72,74.88
3779,1502,150,1,985.55,985.55
3780,1502,82,4,945.45,3781.8
3781,1503,147,1,861.73,861.73
3782,1504,112,3,968.87,2906.61
3783,1504,184,4,123.84,495.36
3784,1504,149,2,172.53,345.06
3785,1504,110,3,842.4,2527.2
3786,1505,32,5,190.38,951.9
3787,1505,61,2,144.43,288.86
3788,1505,83,5,72.63,363.15
3789,1505,127,3,678.75,2036.25
3790,1506,102,5,740.95,3704.75
3791,1506,2,3,433.77,1301.31
3792,1506,176,4,934.25,3737.0
3793,1506,13,2,585.6,1171.2
3794,1507,191,4,920.62,3682.48
3795,1507,122,1,560.2,560.2
3796,1508,63,1,224.94,224.94
3797,1508,165,1,13.02,13.02
3798,1508,145,2,301.22,602.44
3799,1509,7,5,141.35,706.75
3800,1509,93,4,686.0,2744.0
3801,1510,62,2,579.58,1159.16
3802,1510,49,2,566.09,1132.18
3803,1510,177,5,684.52,3422.6
3804,1510,179,4,290.05,1160.2
3805,1511,175,2,388.95,777.9
3806,1511,54,5,84.85,424.25
3807,1512,75,3,468.67,1406.01
3808,1512,11,2,797.76,1595.52
3809,1512,144,2,761.2,1522.4
3810,1512,83,2,72.63,145.26
3811,1513,102,4,740.95,2963.8
3812,1513,97,5,503.28,2516.4
3813,1514,67,2,806.74,1613.48
3814,1514,113,4,329.25,1317.0
3815,1515,160,2,444.08,888.16
3816,1515,58,5,37.06,185.3
3817,1516,167,2,881.58,1763.16
3818,1516,12,2,967.23,1934.46
3819,1516,62,2,579.58,1159.16
3820,1517,148,1,814.45,814.45
3821,1518,177,1,684.52,684.52
3822,1518,17,4,521.08,2084.32
3823,1518,158,2,341.06,682.12
3824,1519,195,2,330.66,661.32
3825,1519,133,3,613.25,1839.75
3826,1520,36,2,19.01,38.02
3827,1520,77,4,264.47,1057.88
3828,1520,169,1,629.93,629.93
3829,1521,156,1,732.27,732.27
3830,1521,173,4,848.64,3394.56
3831,1522,83,1,72.63,72.63
3832,1522,85,3,723.57,2170.71
3833,1522,177,3,684.52,2053.56
3834,1523,100,1,434.68,434.68
3835,1523,114,3,594.26,1782.78
3836,1524,146,5,441.87,2209.35
3837,1524,160,1,444.08,444.08
3838,1524,52,5,290.65,1453.25
3839,1524,57,1,382.38,382.38
3840,1525,1,4,599.53,2398.12
3841,1526,63,2,224.94,449.88
3842,1526,173,2,848.64,1697.28
3843,1526,48,4,899.39,3597.56
3844,1527,33,4,570.12,2280.48
3845,1527,116,4,674.61,2698.44
3846,1528,56,2,757.39,1514.78
3847,1528,20,4,772.31,3089.24
3848,1528,186,5,734.26,3671.3
3849,1528,180,1,642.33,642.33
3850,1529,103,3,363.11,1089.33
3851,1529,187,4,526.23,2104.92
3852,1529,8,4,144.08,576.32
3853,1529,1,2,599.53,1199.06
3854,1530,14,2,152.04,304.08
3855,1530,97,1,503.28,503.28
3856,1530,86,5,807.13,4035.65
3857,1531,44,5,758.56,3792.8
3858,1531,129,3,190.45,571.35
3859,1531,35,3,809.76,2429.28
3860,1532,187,1,526.23,526.23
3861,1533,182,3,313.62,940.86
3862,1533,187,1,526.23,526.23
3863,1533,34,4,526.69,2106.76
3864,1533,70,1,874.24,874.24
3865,1534,122,3,560.2,1680.6
3866,1534,130,2,594.24,1188.48
3867,1534,110,4,842.4,3369.6
3868,1534,108,2,423.99,847.98
3869,1535,146,1,441.87,441.87
3870,1535,111,2,303.93,607.86
3871,1535,4,1,506.73,506.73
3872,1536,181,4,921.31,3685.24
3873,1536,49,5,566.09,2830.45
3874,1537,163,4,727.35,2909.4
3875,1537,68,4,138.42,553.68
3876,1537,187,1,526.23,526.23
3877,1538,147,4,861.73,3446.92
3878,1538,69,3,97.0,291.0
3879,1538,153,4,492.01,1968.04
3880,1539,27,5,682.78,3413.9
3881,1539,56,5,757.39,3786.95
3882,1540,192,5,228.39,1141.95
3883,1540,139,3,140.85,422.55
3884,1540,154,1,635.45,635.45
3885,1540,66,5,755.64,3778.2
3886,1541,9,5,595.75,2978.75
3887,1541,190,5,7.56,37.8
3888,1541,81,3,917.31,2751.93
3889,1541,4,3,506.73,1520.19
3890,1542,37,4,612.89,2451.56
3891,1542,199,4,760.13,3040.52
3892,1543,56,2,757.39,1514.78
3893,1543,34,2,526.69,1053.38
3894,1543,152,3,253.43,760.29
3895,1544,26,2,229.54,459.08
3896,1544,26,2,229.54,459.08
3897,1544,184,5,123.84,619.2
3898,1544,150,5,985.55,4927.75
3899,1545,170,1,91.25,91.25
3900,1546,158,3,341.06,1023.18
3901,1546,144,3,761.2,2283.6
3902,1546,59,3,210.05,630.15
3903,1547,2,1,433.77,433.77
3904,1548,176,4,934.25,3737.0
3905,1548,112,2,968.87,1937.74
3906,1549,50,5,258.18,1290.9
3907,1549,136,3,391.52,1174.56
3908,1550,77,2,264.47,528.94
3909,1550,164,2,217.35,434.7
3910,1550,88,4,959.49,3837.96
3911,1550,184,4,123.84,495.36
3912,1551,17,5,521.08,2605.4
3913,1551,199,5,760.13,3800.65
3914,1551,135,2,316.62,633.24
3915,1551,33,2,570.12,1140.24
3916,1552,135,5,316.62,1583.1
3917,1552,167,4,881.58,3526.32
3918,1552,15,3,23.84,71.52
3919,1552,169,5,629.93,3149.65
3920,1553,18,4,462.36,1849.44
3921,1553,134,1,814.66,814.66
3922,1553,99,1,34.48,34.48
3923,1554,179,3,290.05,870.15
3924,1554,148,3,814.45,2443.35
3925,1555,79,4,261.04,1044.16
3926,1555,192,5,228.39,1141.95
3927,1555,154,5,635.45,3177.25
3928,1555,70,4,874.24,3496.96
3929,1556,193,3,573.67,1721.01
3930,1557,176,4,934.25,3737.0
3931,1557,160,3,444.08,1332.24
3932,1557,146,4,441.87,1767.48
3933,1557,50,5,258.18,1290.9
3934,1558,1,5,599.53,2997.65
3935,1558,114,2,594.26,1188.52
3936,1559,102,1,740.95,740.95
3937,1559,13,5,585.6,2928.0
3938,1560,147,2,861.73,1723.46
3939,1561,22,4,382.79,1531.16
3940,1561,103,2,363.11,726.22
3941,1561,2,1,433.77,433.77
3942,1561,108,3,423.99,1271.97
3943,1562,82,4,945.45,3781.8
3944,1562,176,5,934.25,4671.25
3945,1562,105,3,864.39,2593.17
3946,1563,128,5,334.33,1671.65
3947,1563,103,3,363.11,1089.33
3948,1563,84,3,660.98,1982.94
3949,1564,91,1,646.68,646.68
3950,1564,45,3,527.87,1583.61
3951,1564,121,4,965.88,3863.52
3952,1564,71,1,481.99,481.99
3953,1565,14,4,152.04,608.16
3954,1566,87,5,621.68,3108.4
3955,1566,107,5,143.14,715.7
3956,1566,34,3,526.69,1580.07
3957,1566,175,1,388.95,388.95
3958,1567,19,4,612.02,2448.08
3959,1567,98,3,343.89,1031.67
3960,1567,66,3,755.64,2266.92
3961,1568,40,2,265.24,530.48
3962,1569,78,3,333.21,999.63
3963,1569,18,5,462.36,2311.8
3964,1569,151,5,919.17,4595.85
3965,1570,76,1,373.85,373.85
3966,1570,37,2,612.89,1225.78
3967,1570,52,5,290.65,1453.25
3968,1570,105,5,864.39,4321.95
3969,1571,5,5,133.02,665.1
3970,1571,199,2,760.13,1520.26
3971,1571,82,4,945.45,3781.8
3972,1571,11,1,797.76,797.76
3973,1572,6,2,756.18,1512.36
3974,1572,105,2,864.39,1728.78
3975,1572,12,5,967.23,4836.15
3976,1572,77,3,264.47,793.41
3977,1573,55,5,123.04,615.2
3978,1573,165,4,13.02,52.08
3979,1574,45,1,527.87,527.87
3980,1575,188,1,513.22,513.22
3981,1575,139,5,140.85,704.25
3982,1575,189,5,774.45,3872.25
3983,1576,8,5,144.08,720.4
3984,1576,199,3,760.13,2280.39
3985,1577,55,3,123.04,369.12
3986,1578,150,4,985.55,3942.2
3987,1579,156,4,732.27,2929.08
3988,1580,148,4,814.45,3257.8
3989,1580,35,3,809.76,2429.28
3990,1580,87,2,621.68,1243.36
3991,1580,143,3,574.84,1724.52
3992,1581,54,3,84.85,254.55
3993,1582,157,3,400.72,1202.16
3994,1582,135,1,316.62,316.62
3995,1582,77,3,264.47,793.41
3996,1582,11,4,797.76,3191.04
3997,1583,91,4,646.68,2586.72
3998,1583,193,4,573.67,2294.68
3999,1584,131,1,579.46,579.46
4000,1584,147,3,861.73,2585.19
4001,1584,128,2,334.33,668.66
4002,1585,174,1,749.1,749.1
4003,1585,87,5,621.68,3108.4
4004,1585,161,5,882.73,4413.65
4005,1586,36,4,19.01,76.04
4006,1587,44,5,758.56,3792.8
4007,1588,70,2,874.24,1748.48
4008,1588,167,1,881.58,881.58
4009,1588,60,1,248.51,248.51
4010,1589,136,5,391.52,1957.6
4011,1589,196,2,740.87,1481.74
4012,1589,86,5,807.13,4035.65
4013,1590,157,1,400.72,400.72
4014,1590,120,2,170.51,341.02
4015,1590,80,2,172.39,344.78
4016,1591,59,1,210.05,210.05
4017,1592,171,4,963.42,3853.68
4018,1592,121,3,965.88,2897.64
4019,1592,137,4,694.96,2779.84
4020,1592,118,3,923.87,2771.61
4021,1593,30,3,537.47,1612.41
4022,1593,18,5,462.36,2311.8
4023,1593,109,3,595.83,1787.49
4024,1594,52,1,290.65,290.65
4025,1594,129,5,190.45,952.25
4026,1595,156,3,732.27,2196.81
4027,1595,165,5,13.02,65.1
4028,1596,179,5,290.05,1450.25
4029,1596,71,1,481.99,481.99
4030,1596,147,4,861.73,3446.92
4031,1596,41,2,163.92,327.84
4032,1597,44,4,758.56,3034.24
4033,1597,8,3,144.08,432.24
4034,1598,184,5,123.84,619.2
4035,1598,194,3,981.5,2944.5
4036,1598,43,4,157.42,629.68
4037,1598,108,4,423.99,1695.96
4038,1599,133,2,613.25,1226.5
4039,1599,26,4,229.54,918.16
4040,1599,50,1,258.18,258.18
4041,1600,104,2,556.96,1113.92
4042,1600,152,2,253.43,506.86
4043,1600,169,1,629.93,629.93
4044,1600,96,1,678.64,678.64
4045,1601,120,5,170.51,852.55
4046,1602,76,2,373.85,747.7
4047,1602,98,3,343.89,1031.67
4048,1603,145,3,301.22,903.66
4049,1603,107,5,143.14,715.7
4050,1603,141,5,796.89,3984.45
4051,1604,108,2,423.99,847.98
4052,1605,35,4,809.76,3239.04
4053,1605,186,2,734.26,1468.52
4054,1606,168,4,73.07,292.28
4055,1606,31,4,882.82,3531.28
4056,1607,39,2,264.48,528.96
4057,1608,121,5,965.88,4829.4
4058,1608,15,1,23.84,23.84
4059,1609,81,3,917.31,2751.93
4060,1609,183,5,925.0,4625.0
4061,1609,161,4,882.73,3530.92
4062,1609,15,5,23.84,119.2
4063,1610,120,4,170.51,682.04
4064,1610,149,3,172.53,517.59
4065,1610,181,3,921.31,2763.93
4066,1611,161,4,882.73,3530.92
4067,1612,128,3,334.33,1002.99
4068,1612,81,2,917.31,1834.62
4069,1612,152,5,253.43,1267.15
4070,1612,20,5,772.31,3861.55
4071,1613,116,2,674.61,1349.22
4072,1614,132,1,118.38,118.38
4073,1614,91,5,646.68,3233.4
4074,1614,17,3,521.08,1563.24
4075,1614,127,5,678.75,3393.75
4076,1615,143,5,574.84,2874.2
4077,1616,95,5,929.22,4646.1
4078,1616,156,4,732.27,2929.08
4079,1616,43,4,157.42,629.68
4080,1617,130,3,594.24,1782.72
4081,1617,141,5,796.89,3984.45
4082,1618,106,2,905.67,1811.34
4083,1618,135,1,316.62,316.62
4084,1618,40,1,265.24,265.24
4085,1618,176,4,934.25,3737.0
4086,1619,21,2,562.68,1125.36
4087,1619,61,5,144.43,722.15
4088,1619,103,1,363.11,363.11
4089,1619,47,1,855.21,855.21
4090,1620,162,3,87.01,261.03
4091,1621,141,5,796.89,3984.45
4092,1622,40,5,265.24,1326.2
4093,1623,168,1,73.07,73.07
4094,1623,131,2,579.46,1158.92
4095,1623,7,4,141.35,565.4
4096,1623,2,4,433.77,1735.08
4097,1624,184,5,123.84,619.2
4098,1624,10,1,477.51,477.51
4099,1624,13,4,585.6,2342.4
4100,1624,151,2,919.17,1838.34
4101,1625,124,2,832.15,1664.3
4102,1625,151,5,919.17,4595.85
4103,1626,100,5,434.68,2173.4
4104,1626,156,2,732.27,1464.54
4105,1627,71,5,481.99,2409.95
4106,1627,170,4,91.25,365.0
4107,1628,156,4,732.27,2929.08
4108,1628,12,2,967.23,1934.46
4109,1628,183,3,925.0,2775.0
4110,1629,108,4,423.99,1695.96
4111,1630,118,5,923.87,4619.35
4112,1630,158,4,341.06,1364.24
4113,1630,133,2,613.25,1226.5
4114,1631,87,3,621.68,1865.04
4115,1631,177,4,684.52,2738.08
4116,1632,125,4,523.5,2094.0
4117,1633,190,1,7.56,7.56
4118,1633,197,2,733.79,1467.58
4119,1634,26,3,229.54,688.62
4120,1634,85,3,723.57,2170.71
4121,1635,175,3,388.95,1166.85
4122,1636,174,1,749.1,749.1
4123,1636,92,2,233.62,467.24
4124,1636,165,1,13.02,13.02
4125,1636,135,4,316.62,1266.48
4126,1637,133,3,613.25,1839.75
4127,1637,182,3,313.62,940.86
4128,1638,12,3,967.23,2901.69
4129,1638,95,5,929.22,4646.1
4130,1638,138,2,191.16,382.32
4131,1639,20,3,772.31,2316.93
4132,1640,79,4,261.04,1044.16
4133,1641,167,1,881.58,881.58
4134,1642,59,3,210.05,630.15
4135,1642,13,2,585.6,1171.2
4136,1643,138,4,191.16,764.64
4137,1643,30,3,537.47,1612.41
4138,1643,161,4,882.73,3530.92
4139,1643,199,5,760.13,3800.65
4140,1644,191,1,920.62,920.62
4141,1645,116,5,674.61,3373.05
4142,1645,115,5,943.25,4716.25
4143,1645,14,2,152.04,304.08
4144,1645,60,3,248.51,745.53
4145,1646,92,4,233.62,934.48
4146,1646,132,3,118.38,355.14
4147,1646,68,4,138.42,553.68
4148,1647,148,3,814.45,2443.35
4149,1647,7,2,141.35,282.7
4150,1647,198,4,236.83,947.32
4151,1647,186,4,734.26,2937.04
4152,1648,6,1,756.18,756.18
4153,1648,111,2,303.93,607.86
4154,1648,35,5,809.76,4048.8
4155,1649,123,2,154.99,309.98
4156,1649,195,4,330.66,1322.64
4157,1649,130,2,594.24,1188.48
4158,1650,91,5,646.68,3233.4
4159,1651,94,4,20.58,82.32
4160,1651,181,2,921.31,1842.62
4161,1651,154,2,635.45,1270.9
4162,1651,170,4,91.25,365.0
4163,1652,27,5,682.78,3413.9
4164,1652,101,5,799.06,3995.3
4165,1653,182,1,313.62,313.62
4166,1653,35,5,809.76,4048.8
4167,1654,85,5,723.57,3617.85
4168,1655,181,3,921.31,2763.93
4169,1655,165,2,13.02,26.04
4170,1655,59,2,210.05,420.1
4171,1656,77,1,264.47,264.47
4172,1656,97,3,503.28,1509.84
4173,1657,141,3,796.89,2390.67
4174,1658,138,2,191.16,382.32
4175,1658,150,4,985.55,3942.2
4176,1658,100,1,434.68,434.68
4177,1659,54,3,84.85,254.55
4178,1659,75,4,468.67,1874.68
4179,1659,121,3,965.88,2897.64
4180,1659,100,2,434.68,869.36
4181,1660,89,5,655.46,3277.3
4182,1661,140,3,686.27,2058.81
4183,1661,167,1,881.58,881.58
4184,1661,161,4,882.73,3530.92
4185,1662,190,5,7.56,37.8
4186,1662,30,4,537.47,2149.88
4187,1662,17,4,521.08,2084.32
4188,1663,87,1,621.68,621.68
4189,1664,43,1,157.42,157.42
4190,1664,132,1,118.38,118.38
4191,1665,145,5,301.22,1506.1
4192,1665,19,3,612.02,1836.06
4193,1665,26,2,229.54,459.08
4194,1665,196,3,740.87,2222.61
4195,1666,171,4,963.42,3853.68
4196,1666,99,1,34.48,34.48
4197,1666,181,5,921.31,4606.55
4198,1667,144,2,761.2,1522.4
4199,1667,178,4,18.72,74.88
4200,1667,116,3,674.61,2023.83
4201,1668,189,2,774.45,1548.9
4202,1669,138,4,191.16,764.64
4203,1669,74,2,383.75,767.5
4204,1670,198,1,236.83,236.83
4205,1670,39,4,264.48,1057.92
4206,1671,192,1,228.39,228.39
4207,1671,148,5,814.45,4072.25
4208,1671,99,2,34.48,68.96
4209,1672,143,2,574.84,1149.68
4210,1673,97,4,503.28,2013.12
4211,1673,118,1,923.87,923.87
4212,1673,154,4,635.45,2541.8
4213,1673,107,4,143.14,572.56
4214,1674,20,1,772.31,772.31
4215,1674,36,3,19.01,57.03
4216,1674,192,4,228.39,913.56
4217,1674,62,3,579.58,1738.74
4218,1675,9,2,595.75,1191.5
4219,1675,33,2,570.12,1140.24
4220,1676,69,5,97.0,485.0
4221,1676,151,5,919.17,4595.85
4222,1677,19,2,612.02,1224.04
4223,1678,109,5,595.83,2979.15
4224,1678,57,4,382.38,1529.52
4225,1678,125,3,523.5,1570.5
4226,1678,159,1,50.71,50.71
4227,1679,122,4,560.2,2240.8
4228,1680,84,2,660.98,1321.96
4229,1681,71,4,481.99,1927.96
4230,1681,31,3,882.82,2648.46
4231,1681,76,1,373.85,373.85
4232,1682,55,2,123.04,246.08
4233,1682,199,3,760.13,2280.39
4234,1683,118,3,923.87,2771.61
4235,1684,93,4,686.0,2744.0
4236,1684,79,2,261.04,522.08
4237,1684,97,1,503.28,503.28
4238,1684,29,5,324.56,1622.8
4239,1685,64,4,627.86,2511.44
4240,1685,193,2,573.67,1147.34
4241,1685,98,2,343.89,687.78
4242,1685,18,5,462.36,2311.8
4243,1686,189,4,774.45,3097.8
4244,1686,157,3,400.72,1202.16
4245,1686,92,5,233.62,1168.1
4246,1687,164,2,217.35,434.7
4247,1687,125,4,523.5,2094.0
4248,1688,68,1,138.42,138.42
4249,1688,77,5,264.47,1322.35
4250,1688,12,1,967.23,967.23
4251,1688,56,5,757.39,3786.95
4252,1689,1,2,599.53,1199.06
4253,1689,191,3,920.62,2761.86
4254,1689,88,1,959.49,959.49
4255,1690,70,3,874.24,2622.72
4256,1690,175,3,388.95,1166.85
4257,1691,124,2,832.15,1664.3
4258,1691,47,5,855.21,4276.05
4259,1691,138,2,191.16,382.32
4260,1691,147,1,861.73,861.73
4261,1692,121,2,965.88,1931.76
4262,1692,60,1,248.51,248.51
4263,1692,65,3,786.87,2360.61
4264,1693,97,1,503.28,503.28
4265,1693,96,4,678.64,2714.56
4266,1693,75,5,468.67,2343.35
4267,1694,39,3,264.48,793.44
4268,1694,24,1,748.59,748.59
4269,1695,179,5,290.05,1450.25
4270,1695,118,5,923.87,4619.35
4271,1695,133,4,613.25,2453.0
4272,1696,55,1,123.04,123.04
4273,1696,35,1,809.76,809.76
4274,1696,75,1,468.67,468.67
4275,1697,74,2,383.75,767.5
4276,1697,113,4,329.25,1317.0
4277,1697,167,4,881.58,3526.32
4278,1698,25,5,141.59,707.95
4279,1698,50,1,258.18,258.18
4280,1698,179,5,290.05,1450.25
4281,1698,96,5,678.64,3393.2
4282,1699,16,1,776.09,776.09
4283,1700,63,1,224.94,224.94
4284,1700,80,2,172.39,344.78
4285,1700,150,1,985.55,985.55
4286,1700,84,1,660.98,660.98
4287,1701,65,2,786.87,1573.74
4288,1702,124,5,832.15,4160.75
4289,1702,106,2,905.67,1811.34
4290,1702,162,1,87.01,87.01
4291,1702,4,4,506.73,2026.92
4292,1703,141,4,796.89,3187.56
4293,1704,12,5,967.23,4836.15
4294,1705,162,5,87.01,435.05
4295,1705,82,4,945.45,3781.8
4296,1705,78,2,333.21,666.42
4297,1705,85,4,723.57,2894.28
4298,1706,105,5,864.39,4321.95
4299,1707,37,4,612.89,2451.56
4300,1708,63,1,224.94,224.94
4301,1708,96,3,678.64,2035.92
4302,1709,181,2,921.31,1842.62
4303,1709,4,4,506.73,2026.92
4304,1710,14,2,152.04,304.08
4305,1711,14,2,152.04,304.08
4306,1711,129,4,190.45,761.8
4307,1712,166,3,75.47,226.41
4308,1712,179,1,290.05,290.05
4309,1712,173,3,848.64,2545.92
4310,1713,44,3,758.56,2275.68
4311,1713,190,1,7.56,7.56
4312,1714,75,2,468.67,937.34
4313,1715,104,4,556.96,2227.84
4314,1716,10,1,477.51,477.51
4315,1716,81,1,917.31,917.31
4316,1716,66,3,755.64,2266.92
4317,1716,190,5,7.56,37.8
4318,1717,5,1,133.02,133.02
4319,1717,103,4,363.11,1452.44
4320,1718,53,5,377.58,1887.9
4321,1718,37,2,612.89,1225.78
4322,1719,35,3,809.76,2429.28
4323,1719,10,1,477.51,477.51
4324,1720,60,5,248.51,1242.55
4325,1720,34,2,526.69,1053.38
4326,1720,171,2,963.42,1926.84
4327,1721,96,4,678.64,2714.56
4328,1722,168,1,73.07,73.07
4329,1722,25,5,141.59,707.95
4330,1723,20,1,772.31,772.31
4331,1724,66,5,755.64,3778.2
4332,1724,79,2,261.04,522.08
4333,1725,148,1,814.45,814.45
4334,1725,50,2,258.18,516.36
4335,1726,94,2,20.58,41.16
4336,1726,133,4,613.25,2453.0
4337,1727,55,2,123.04,246.08
4338,1728,188,5,513.22,2566.1
4339,1728,66,3,755.64,2266.92
4340,1729,174,3,749.1,2247.3
4341,1729,86,2,807.13,1614.26
4342,1729,56,3,757.39,2272.17
4343,1729,48,5,899.39,4496.95
4344,1730,77,3,264.47,793.41
4345,1730,157,4,400.72,1602.88
4346,1730,110,1,842.4,842.4
4347,1730,45,3,527.87,1583.61
4348,1731,110,2,842.4,1684.8
4349,1731,69,2,97.0,194.0
4350,1731,191,1,920.62,920.62
4351,1731,187,5,526.23,2631.15
4352,1732,64,4,627.86,2511.44
4353,1732,193,4,573.67,2294.68
4354,1732,163,4,727.35,2909.4
4355,1733,71,5,481.99,2409.95
4356,1733,141,3,796.89,2390.67
4357,1734,160,4,444.08,1776.32
4358,1734,60,3,248.51,745.53
4359,1735,199,1,760.13,760.13
4360,1735,86,2,807.13,1614.26
4361,1735,99,4,34.48,137.92
4362,1735,95,3,929.22,2787.66
4363,1736,69,4,97.0,388.0
4364,1737,41,3,163.92,491.76
4365,1737,64,5,627.86,3139.3
4366,1737,16,5,776.09,3880.45
4367,1737,107,4,143.14,572.56
4368,1738,27,3,682.78,2048.34
4369,1738,122,3,560.2,1680.6
4370,1738,57,2,382.38,764.76
4371,1739,149,3,172.53,517.59
4372,1739,41,3,163.92,491.76
4373,1739,114,3,594.26,1782.78
4374,1739,196,4,740.87,2963.48
4375,1740,185,3,519.63,1558.89
4376,1740,171,2,963.42,1926.84
4377,1740,87,2,621.68,1243.36
4378,1740,144,5,761.2,3806.0
4379,1741,33,5,570.12,2850.6
4380,1741,142,3,781.83,2345.49
4381,1741,192,2,228.39,456.78
4382,1741,40,3,265.24,795.72
4383,1742,182,4,313.62,1254.48
4384,1742,127,5,678.75,3393.75
4385,1743,77,1,264.47,264.47
4386,1743,87,4,621.68,2486.72
4387,1744,41,4,163.92,655.68
4388,1745,51,5,701.88,3509.4
4389,1745,58,3,37.06,111.18
4390,1745,70,2,874.24,1748.48
4391,1745,169,3,629.93,1889.79
4392,1746,141,3,796.89,2390.67
4393,1746,129,4,190.45,761.8
4394,1746,64,5,627.86,3139.3
4395,1746,7,4,141.35,565.4
4396,1747,101,5,799.06,3995.3
4397,1748,76,5,373.85,1869.25
4398,1748,121,5,965.88,4829.4
4399,1749,158,5,341.06,1705.3
4400,1749,193,5,573.67,2868.35
4401,1750,107,1,143.14,143.14
4402,1751,58,5,37.06,185.3
4403,1751,22,1,382.79,382.79
4404,1751,101,5,799.06,3995.3
4405,1752,178,4,18.72,74.88
4406,1752,23,1,294.0,294.0
4407,1753,6,4,756.18,3024.72
4408,1753,54,4,84.85,339.4
4409,1754,98,1,343.89,343.89
4410,1754,121,2,965.88,1931.76
4411,1755,25,3,141.59,424.77
4412,1756,124,5,832.15,4160.75
4413,1756,183,1,925.0,925.0
4414,1756,143,2,574.84,1149.68
4415,1756,99,3,34.48,103.44
4416,1757,31,2,882.82,1765.64
4417,1757,32,3,190.38,571.14
4418,1758,51,5,701.88,3509.4
4419,1758,197,3,733.79,2201.37
4420,1758,198,4,236.83,947.32
4421,1758,102,2,740.95,1481.9
4422,1759,165,3,13.02,39.06
4423,1759,37,5,612.89,3064.45
4424,1759,163,2,727.35,1454.7
4425,1760,180,3,642.33,1926.99
4426,1760,89,4,655.46,2621.84
4427,1760,53,2,377.58,755.16
4428,1760,154,1,635.45,635.45
4429,1761,36,5,19.01,95.05
4430,1761,151,3,919.17,2757.51
4431,1761,3,2,403.57,807.14
4432,1761,102,5,740.95,3704.75
4433,1762,130,1,594.24,594.24
4434,1762,171,1,963.42,963.42
4435,1762,47,4,855.21,3420.84
4436,1763,184,3,123.84,371.52
4437,1763,146,4,441.87,1767.48
4438,1763,23,5,294.0,1470.0
4439,1763,105,4,864.39,3457.56
4440,1764,106,5,905.67,4528.35
4441,1765,56,3,757.39,2272.17
4442,1765,57,5,382.38,1911.9
4443,1766,9,1,595.75,595.75
4444,1767,28,2,654.62,1309.24
4445,1767,90,5,554.93,2774.65
4446,1767,8,1,144.08,144.08
4447,1767,103,2,363.11,726.22
4448,1768,188,5,513.22,2566.1
4449,1768,9,1,595.75,595.75
4450,1768,50,2,258.18,516.36
4451,1769,70,3,874.24,2622.72
4452,1769,56,4,757.39,3029.56
4453,1770,124,2,832.15,1664.3
4454,1770,176,3,934.25,2802.75
4455,1770,137,1,694.96,694.96
4456,1770,73,1,697.14,697.14
4457,1771,23,1,294.0,294.0
4458,1771,19,4,612.02,2448.08
4459,1771,127,5,678.75,3393.75
4460,1772,10,1,477.51,477.51
4461,1772,65,5,786.87,3934.35
4462,1773,27,4,682.78,2731.12
4463,1774,73,5,697.14,3485.7
4464,1775,198,1,236.83,236.83
4465,1776,80,2,172.39,344.78
4466,1777,39,5,264.48,1322.4
4467,1778,107,1,143.14,143.14
4468,1778,104,5,556.96,2784.8
4469,1778,9,1,595.75,595.75
4470,1778,159,5,50.71,253.55
4471,1779,64,3,627.86,1883.58
4472,1780,32,2,190.38,380.76
4473,1780,67,5,806.74,4033.7
4474,1781,78,5,333.21,1666.05
4475,1781,67,2,806.74,1613.48
4476,1781,16,2,776.09,1552.18
4477,1782,51,1,701.88,701.88
4478,1782,109,1,595.83,595.83
4479,1782,179,4,290.05,1160.2
4480,1783,125,5,523.5,2617.5
4481,1784,53,5,377.58,1887.9
4482,1785,16,1,776.09,776.09
4483,1785,83,4,72.63,290.52
4484,1785,26,1,229.54,229.54
4485,1785,127,1,678.75,678.75
4486,1786,35,1,809.76,809.76
4487,1786,150,3,985.55,2956.65
4488,1787,35,3,809.76,2429.28
4489,1788,172,1,555.62,555.62
4490,1788,42,5,640.51,3202.55
4491,1788,143,1,574.84,574.84
4492,1788,75,1,468.67,468.67
4493,1789,34,5,526.69,2633.45
4494,1790,162,3,87.01,261.03
4495,1790,82,2,945.45,1890.9
4496,1790,125,1,523.5,523.5
4497,1790,198,5,236.83,1184.15
4498,1791,112,4,968.87,3875.48
4499,1791,131,3,579.46,1738.38
4500,1792,98,3,343.89,1031.67
4501,1792,110,2,842.4,1684.8
4502,1792,155,1,457.42,457.42
4503,1792,62,5,579.58,2897.9
4504,1793,10,4,477.51,1910.04
4505,1794,158,1,341.06,341.06
4506,1794,169,4,629.93,2519.72
4507,1794,32,5,190.38,951.9
4508,1795,44,2,758.56,1517.12
4509,1795,165,2,13.02,26.04
4510,1795,31,3,882.82,2648.46
4511,1796,13,1,585.6,585.6
4512,1796,182,2,313.62,627.24
4513,1796,22,3,382.79,1148.37
4514,1797,85,1,723.57,723.57
4515,1797,106,5,905.67,4528.35
4516,1798,170,2,91.25,182.5
4517,1798,100,1,434.68,434.68
4518,1798,105,5,864.39,4321.95
4519,1798,65,3,786.87,2360.61
4520,1799,43,3,157.42,472.26
4521,1799,45,4,527.87,2111.48
4522,1799,190,3,7.56,22.68
4523,1800,1,2,599.53,1199.06
4524,1801,73,4,697.14,2788.56
4525,1801,185,1,519.63,519.63
4526,1801,182,4,313.62,1254.48
4527,1802,134,5,814.66,4073.3
4528,1802,92,4,233.62,934.48
4529,1802,100,5,434.68,2173.4
4530,1803,130,5,594.24,2971.2
4531,1803,154,2,635.45,1270.9
4532,1803,15,1,23.84,23.84
4533,1804,28,5,654.62,3273.1
4534,1804,161,3,882.73,2648.19
4535,1804,111,4,303.93,1215.72
4536,1805,170,4,91.25,365.0
4537,1805,54,3,84.85,254.55
4538,1805,94,5,20.58,102.9
4539,1806,38,2,403.83,807.66
4540,1806,115,1,943.25,943.25
4541,1806,117,2,790.12,1580.24
4542,1807,104,2,556.96,1113.92
4543,1807,195,3,330.66,991.98
4544,1807,104,3,556.96,1670.88
4545,1807,7,3,141.35,424.05
4546,1808,3,4,403.57,1614.28
4547,1808,6,1,756.18,756.18
4548,1808,22,3,382.79,1148.37
4549,1808,168,3,73.07,219.21
4550,1809,57,1,382.38,382.38
4551,1810,131,4,579.46,2317.84
4552,1810,47,3,855.21,2565.63
4553,1810,11,5,797.76,3988.8
4554,1810,114,1,594.26,594.26
4555,1811,1,4,599.53,2398.12
4556,1812,139,5,140.85,704.25
4557,1812,16,3,776.09,2328.27
4558,1812,195,1,330.66,330.66
4559,1812,125,2,523.5,1047.0
4560,1813,2,4,433.77,1735.08
4561,1813,105,2,864.39,1728.78
4562,1814,129,1,190.45,190.45
4563,1814,32,3,190.38,571.14
4564,1815,36,2,19.01,38.02
4565,1815,37,5,612.89,3064.45
4566,1816,47,2,855.21,1710.42
4567,1816,143,2,574.84,1149.68
4568,1817,4,5,506.73,2533.65
4569,1817,72,4,937.46,3749.84
4570,1817,84,2,660.98,1321.96
4571,1818,92,5,233.62,1168.1
4572,1818,152,5,253.43,1267.15
4573,1819,9,1,595.75,595.75
4574,1819,70,1,874.24,874.24
4575,1819,10,5,477.51,2387.55
4576,1820,116,5,674.61,3373.05
4577,1820,30,2,537.47,1074.94
4578,1820,96,1,678.64,678.64
4579,1821,64,3,627.86,1883.58
4580,1822,199,3,760.13,2280.39
4581,1823,82,4,945.45,3781.8
4582,1823,38,2,403.83,807.66
4583,1824,2,4,433.77,1735.08
4584,1824,75,1,468.67,468.67
4585,1825,126,5,71.84,359.2
4586,1825,11,5,797.76,3988.8
4587,1825,195,4,330.66,1322.64
4588,1826,8,2,144.08,288.16
4589,1826,139,1,140.85,140.85
4590,1827,7,3,141.35,424.05
4591,1828,160,3,444.08,1332.24
4592,1829,63,3,224.94,674.82
4593,1829,20,5,772.31,3861.55
4594,1829,86,2,807.13,1614.26
4595,1830,168,3,73.07,219.21
4596,1831,121,5,965.88,4829.4
4597,1831,105,4,864.39,3457.56
4598,1831,74,2,383.75,767.5
4599,1832,45,1,527.87,527.87
4600,1833,6,4,756.18,3024.72
4601,1833,57,3,382.38,1147.14
4602,1834,144,1,761.2,761.2
4603,1834,173,2,848.64,1697.28
4604,1834,119,5,595.84,2979.2
4605,1834,150,1,985.55,985.55
4606,1835,25,2,141.59,283.18
4607,1835,170,5,91.25,456.25
4608,1836,65,2,786.87,1573.74
4609,1836,185,4,519.63,2078.52
4610,1836,153,5,492.01,2460.05
4611,1836,4,3,506.73,1520.19
4612,1837,142,3,781.83,2345.49
4613,1837,89,4,655.46,2621.84
4614,1837,96,5,678.64,3393.2
4615,1838,179,1,290.05,290.05
4616,1838,140,3,686.27,2058.81
4617,1838,48,5,899.39,4496.95
4618,1839,108,5,423.99,2119.95
4619,1840,146,1,441.87,441.87
4620,1840,177,3,684.52,2053.56
4621,1840,92,2,233.62,467.24
4622,1840,134,5,814.66,4073.3
4623,1841,4,4,506.73,2026.92
4624,1841,18,1,462.36,462.36
4625,1841,100,3,434.68,1304.04
4626,1841,108,4,423.99,1695.96
4627,1842,60,4,248.51,994.04
4628,1842,194,3,981.5,2944.5
4629,1843,114,1,594.26,594.26
4630,1843,22,4,382.79,1531.16
4631,1843,82,2,945.45,1890.9
4632,1844,107,1,143.14,143.14
4633,1844,58,4,37.06,148.24
4634,1844,170,5,91.25,456.25
4635,1844,18,3,462.36,1387.08
4636,1845,36,3,19.01,57.03
4637,1846,163,1,727.35,727.35
4638,1846,132,3,118.38,355.14
4639,1847,123,4,154.99,619.96
4640,1847,158,5,341.06,1705.3
4641,1848,164,5,217.35,1086.75
4642,1848,102,3,740.95,2222.85
4643,1849,78,4,333.21,1332.84
4644,1849,199,4,760.13,3040.52
4645,1849,47,3,855.21,2565.63
4646,1850,137,3,694.96,2084.88
4647,1851,62,2,579.58,1159.16
4648,1851,65,2,786.87,1573.74
4649,1852,78,5,333.21,1666.05
4650,1852,2,1,433.77,433.77
4651,1853,21,4,562.68,2250.72
4652,1853,182,2,313.62,627.24
4653,1853,79,1,261.04,261.04
4654,1854,88,2,959.49,1918.98
4655,1854,102,5,740.95,3704.75
4656,1854,28,3,654.62,1963.86
4657,1855,81,4,917.31,3669.24
4658,1855,73,5,697.14,3485.7
4659,1855,8,4,144.08,576.32
4660,1856,128,5,334.33,1671.65
4661,1856,97,1,503.28,503.28
4662,1857,72,2,937.46,1874.92
4663,1857,95,4,929.22,3716.88
4664,1858,62,2,579.58,1159.16
4665,1859,169,2,629.93,1259.86
4666,1859,159,3,50.71,152.13
4667,1860,92,2,233.62,467.24
4668,1860,57,1,382.38,382.38
4669,1860,83,5,72.63,363.15
4670,1861,135,4,316.62,1266.48
4671,1861,58,1,37.06,37.06
4672,1862,6,2,756.18,1512.36
4673,1862,155,4,457.42,1829.68
4674,1862,101,2,799.06,1598.12
4675,1863,114,2,594.26,1188.52
4676,1864,125,3,523.5,1570.5
4677,1865,154,2,635.45,1270.9
4678,1865,34,1,526.69,526.69
4679,1866,23,4,294.0,1176.0
4680,1866,119,5,595.84,2979.2
4681,1866,197,2,733.79,1467.58
4682,1867,92,2,233.62,467.24
4683,1868,104,4,556.96,2227.84
4684,1868,155,2,457.42,914.84
4685,1869,2,4,433.77,1735.08
4686,1869,57,2,382.38,764.76
4687,1869,91,1,646.68,646.68
4688,1869,56,1,757.39,757.39
4689,1870,151,2,919.17,1838.34
4690,1870,129,1,190.45,190.45
4691,1871,137,3,694.96,2084.88
4692,1871,2,2,433.77,867.54
4693,1871,39,1,264.48,264.48
4694,1872,25,5,141.59,707.95
4695,1872,13,1,585.6,585.6
4696,1872,148,2,814.45,1628.9
4697,1872,165,2,13.02,26.04
4698,1873,96,5,678.64,3393.2
4699,1873,58,4,37.06,148.24
4700,1874,22,5,382.79,1913.95
4701,1874,16,1,776.09,776.09
4702,1874,15,1,23.84,23.84
4703,1874,48,5,899.39,4496.95
4704,1875,111,1,303.93,303.93
4705,1875,97,2,503.28,1006.56
4706,1875,48,3,899.39,2698.17
4707,1876,184,3,123.84,371.52
4708,1876,180,4,642.33,2569.32
4709,1876,17,5,521.08,2605.4
4710,1876,190,3,7.56,22.68
4711,1877,154,3,635.45,1906.35
4712,1877,1,4,599.53,2398.12
4713,1877,149,5,172.53,862.65
4714,1878,59,1,210.05,210.05
4715,1878,74,3,383.75,1151.25
4716,1879,35,2,809.76,1619.52
4717,1879,22,4,382.79,1531.16
4718,1880,120,5,170.51,852.55
4719,1880,197,1,733.79,733.79
4720,1880,73,3,697.14,2091.42
4721,1880,97,3,503.28,1509.84
4722,1881,188,3,513.22,1539.66
4723,1881,63,4,224.94,899.76
4724,1881,4,1,506.73,506.73
4725,1881,158,3,341.06,1023.18
4726,1882,51,5,701.88,3509.4
4727,1882,180,1,642.33,642.33
4728,1882,21,4,562.68,2250.72
4729,1883,110,4,842.4,3369.6
4730,1883,183,4,925.0,3700.0
4731,1883,88,1,959.49,959.49
4732,1883,89,2,655.46,1310.92
4733,1884,166,4,75.47,301.88
4734,1884,18,2,462.36,924.72
4735,1884,7,5,141.35,706.75
4736,1884,41,5,163.92,819.6
4737,1885,180,3,642.33,1926.99
4738,1886,141,1,796.89,796.89
4739,1886,105,1,864.39,864.39
4740,1886,185,5,519.63,2598.15
4741,1886,16,2,776.09,1552.18
4742,1887,63,1,224.94,224.94
4743,1887,173,1,848.64,848.64
4744,1888,123,5,154.99,774.95
4745,1888,175,4,388.95,1555.8
4746,1888,7,4,141.35,565.4
4747,1888,162,4,87.01,348.04
4748,1889,53,3,377.58,1132.74
4749,1889,63,2,224.94,449.88
4750,1889,39,2,264.48,528.96
4751,1889,176,4,934.25,3737.0
4752,1890,139,3,140.85,422.55
4753,1891,19,2,612.02,1224.04
4754,1891,97,5,503.28,2516.4
4755,1892,166,5,75.47,377.35
4756,1892,95,4,929.22,3716.88
4757,1892,57,4,382.38,1529.52
4758,1893,22,3,382.79,1148.37
4759,1894,156,3,732.27,2196.81
4760,1894,50,1,258.18,258.18
4761,1895,8,2,144.08,288.16
4762,1896,87,2,621.68,1243.36
4763,1896,146,5,441.87,2209.35
4764,1896,145,2,301.22,602.44
4765,1896,63,1,224.94,224.94
4766,1897,37,3,612.89,1838.67
4767,1897,112,3,968.87,2906.61
4768,1898,98,5,343.89,1719.45
4769,1898,54,2,84.85,169.7
4770,1898,123,5,154.99,774.95
4771,1898,183,3,925.0,2775.0
4772,1899,126,5,71.84,359.2
4773,1900,175,4,388.95,1555.8
4774,1900,106,3,905.67,2717.01
4775,1901,88,2,959.49,1918.98
4776,1902,11,1,797.76,797.76
4777,1902,26,3,229.54,688.62
4778,1903,100,3,434.68,1304.04
4779,1904,180,4,642.33,2569.32
4780,1904,101,3,799.06,2397.18
4781,1905,111,4,303.93,1215.72
4782,1905,57,3,382.38,1147.14
4783,1906,37,4,612.89,2451.56
4784,1907,72,3,937.46,2812.38
4785,1907,89,2,655.46,1310.92
4786,1908,126,3,71.84,215.52
4787,1908,173,4,848.64,3394.56
4788,1909,193,4,573.67,2294.68
4789,1909,158,4,341.06,1364.24
4790,1909,106,3,905.67,2717.01
4791,1910,131,3,579.46,1738.38
4792,1910,151,4,919.17,3676.68
4793,1910,41,2,163.92,327.84
4794,1910,72,5,937.46,4687.3
4795,1911,182,3,313.62,940.86
4796,1911,31,1,882.82,882.82
4797,1911,79,4,261.04,1044.16
4798,1912,81,1,917.31,917.31
4799,1912,106,5,905.67,4528.35
4800,1913,146,4,441.87,1767.48
4801,1913,84,4,660.98,2643.92
4802,1914,29,2,324.56,649.12
4803,1914,173,1,848.64,848.64
4804,1914,108,2,423.99,847.98
4805,1915,107,4,143.14,572.56
4806,1915,46,5,829.62,4148.1
4807,1915,60,3,248.51,745.53
4808,1915,180,1,642.33,642.33
4809,1916,150,2,985.55,1971.1
4810,1916,66,3,755.64,2266.92
4811,1916,36,1,19.01,19.01
4812,1916,34,5,526.69,2633.45
4813,1917,78,4,333.21,1332.84
4814,1918,2,2,433.77,867.54
4815,1918,38,2,403.83,807.66
4816,1918,75,4,468.67,1874.68
4817,1919,141,1,796.89,796.89
4818,1919,74,3,383.75,1151.25
4819,1919,127,5,678.75,3393.75
4820,1919,119,2,595.84,1191.68
4821,1920,30,5,537.47,2687.35
4822,1920,75,1,468.67,468.67
4823,1920,118,1,923.87,923.87
4824,1921,59,5,210.05,1050.25
4825,1921,136,2,391.52,783.04
4826,1922,75,4,468.67,1874.68
4827,1923,199,2,760.13,1520.26
4828,1923,50,4,258.18,1032.72
4829,1924,178,1,18.72,18.72
4830,1924,146,3,441.87,1325.61
4831,1925,17,4,521.08,2084.32
4832,1925,125,4,523.5,2094.0
4833,1925,197,4,733.79,2935.16
4834,1926,102,2,740.95,1481.9
4835,1927,162,2,87.01,174.02
4836,1927,172,2,555.62,1111.24
4837,1927,134,4,814.66,3258.64
4838,1927,52,1,290.65,290.65
4839,1928,18,2,462.36,924.72
4840,1929,7,1,141.35,141.35
4841,1929,185,5,519.63,2598.15
4842,1930,129,3,190.45,571.35
4843,1930,33,4,570.12,2280.48
4844,1930,65,5,786.87,3934.35
4845,1931,53,2,377.58,755.16
4846,1931,109,4,595.83,2383.32
4847,1932,6,5,756.18,3780.9
4848,1932,43,5,157.42,787.1
4849,1932,155,4,457.42,1829.68
4850,1932,128,1,334.33,334.33
4851,1933,98,1,343.89,343.89
4852,1933,86,3,807.13,2421.39
4853,1934,112,5,968.87,4844.35
4854,1934,35,1,809.76,809.76
4855,1934,144,3,761.2,2283.6
4856,1935,72,5,937.46,4687.3
4857,1935,184,1,123.84,123.84
4858,1935,30,2,537.47,1074.94
4859,1935,38,3,403.83,1211.49
4860,1936,196,1,740.87,740.87
4861,1936,145,2,301.22,602.44
4862,1936,96,1,678.64,678.64
4863,1937,20,1,772.31,772.31
4864,1938,75,4,468.67,1874.68
4865,1938,29,4,324.56,1298.24
4866,1938,89,5,655.46,3277.3
4867,1939,139,1,140.85,140.85
4868,1940,135,5,316.62,1583.1
4869,1940,148,1,814.45,814.45
4870,1941,66,1,755.64,755.64
4871,1941,16,3,776.09,2328.27
4872,1941,16,3,776.09,2328.27
4873,1942,17,3,521.08,1563.24
4874,1942,104,4,556.96,2227.84
4875,1943,20,2,772.31,1544.62
4876,1943,85,2,723.57,1447.14
4877,1943,134,1,814.66,814.66
4878,1944,132,2,118.38,236.76
4879,1944,123,3,154.99,464.97
4880,1944,118,3,923.87,2771.61
4881,1945,130,1,594.24,594.24
4882,1945,51,1,701.88,701.88
4883,1945,160,1,444.08,444.08
4884,1946,104,5,556.96,2784.8
4885,1947,98,3,343.89,1031.67
4886,1947,115,1,943.25,943.25
4887,1947,125,4,523.5,2094.0
4888,1948,10,1,477.51,477.51
4889,1948,156,1,732.27,732.27
4890,1948,40,4,265.24,1060.96
4891,1949,104,5,556.96,2784.8
4892,1950,124,1,832.15,832.15
4893,1950,112,1,968.87,968.87
4894,1951,94,5,20.58,102.9
4895,1952,109,5,595.83,2979.15
4896,1952,109,1,595.83,595.83
4897,1952,22,5,382.79,1913.95
4898,1952,147,4,861.73,3446.92
4899,1953,113,3,329.25,987.75
4900,1953,149,5,172.53,862.65
4901,1953,52,2,290.65,581.3
4902,1953,41,4,163.92,655.68
4903,1954,122,1,560.2,560.2
4904,1955,8,3,144.08,432.24
4905,1955,138,2,191.16,382.32
4906,1955,96,2,678.64,1357.28
4907,1956,92,5,233.62,1168.1
4908,1956,18,5,462.36,2311.8
4909,1956,90,4,554.93,2219.72
4910,1957,113,2,329.25,658.5
4911,1957,140,3,686.27,2058.81
4912,1957,64,3,627.86,1883.58
4913,1958,64,5,627.86,3139.3
4914,1958,168,5,73.07,365.35
4915,1959,73,2,697.14,1394.28
4916,1959,100,4,434.68,1738.72
4917,1960,25,4,141.59,566.36
4918,1960,199,4,760.13,3040.52
4919,1961,144,1,761.2,761.2
4920,1961,18,3,462.36,1387.08
4921,1961,139,3,140.85,422.55
4922,1962,110,5,842.4,4212.0
4923,1962,125,5,523.5,2617.5
4924,1962,54,1,84.85,84.85
4925,1962,199,2,760.13,1520.26
4926,1963,39,5,264.48,1322.4
4927,1964,53,2,377.58,755.16
4928,1964,119,2,595.84,1191.68
4929,1964,123,4,154.99,619.96
4930,1965,152,5,253.43,1267.15
4931,1965,166,2,75.47,150.94
4932,1965,66,3,755.64,2266.92
4933,1965,18,3,462.36,1387.08
4934,1966,43,3,157.42,472.26
4935,1967,133,3,613.25,1839.75
4936,1967,77,4,264.47,1057.88
4937,1968,62,1,579.58,579.58
4938,1969,49,1,566.09,566.09
4939,1969,138,5,191.16,955.8
4940,1969,121,2,965.88,1931.76
4941,1969,185,1,519.63,519.63
4942,1970,196,2,740.87,1481.74
4943,1970,143,2,574.84,1149.68
4944,1970,124,4,832.15,3328.6
4945,1970,121,4,965.88,3863.52
4946,1971,31,5,882.82,4414.1
4947,1972,36,3,19.01,57.03
4948,1972,33,4,570.12,2280.48
4949,1972,168,5,73.07,365.35
4950,1973,51,1,701.88,701.88
4951,1973,200,5,983.19,4915.95
4952,1973,16,1,776.09,776.09
4953,1973,114,1,594.26,594.26
4954,1974,19,1,612.02,612.02
4955,1974,37,3,612.89,1838.67
4956,1975,50,3,258.18,774.54
4957,1975,173,3,848.64,2545.92
4958,1976,56,1,757.39,757.39
4959,1976,90,4,554.93,2219.72
4960,1976,178,4,18.72,74.88
4961,1976,121,1,965.88,965.88
4962,1977,31,5,882.82,4414.1
4963,1977,150,4,985.55,3942.2
4964,1977,28,4,654.62,2618.48
4965,1977,94,5,20.58,102.9
4966,1978,90,4,554.93,2219.72
4967,1978,104,4,556.96,2227.84
4968,1978,105,3,864.39,2593.17
4969,1978,11,5,797.76,3988.8
4970,1979,135,2,316.62,633.24
4971,1979,50,3,258.18,774.54
4972,1979,200,3,983.19,2949.57
4973,1979,5,1,133.02,133.02
4974,1980,39,2,264.48,528.96
4975,1980,73,2,697.14,1394.28
4976,1980,173,4,848.64,3394.56
4977,1981,51,4,701.88,2807.52
4978,1981,160,2,444.08,888.16
4979,1981,178,2,18.72,37.44
4980,1982,23,5,294.0,1470.0
4981,1982,20,3,772.31,2316.93
4982,1983,160,1,444.08,444.08
4983,1983,118,1,923.87,923.87
4984,1984,178,3,18.72,56.16
4985,1984,123,2,154.99,309.98
4986,1984,108,1,423.99,423.99
4987,1985,86,4,807.13,3228.52
4988,1986,22,3,382.79,1148.37
4989,1987,191,1,920.62,920.62
4990,1988,18,4,462.36,1849.44
4991,1989,108,1,423.99,423.99
4992,1989,8,5,144.08,720.4
4993,1990,35,4,809.76,3239.04
4994,1991,144,5,761.2,3806.0
4995,1991,184,2,123.84,247.68
4996,1991,172,3,555.62,1666.86
4997,1992,87,5,621.68,3108.4
4998,1992,117,5,790.12,3950.6
4999,1992,53,2,377.58,755.16
5000,1992,82,3,945.45,2836.35
5001,1993,92,4,233.62,934.48
5002,1993,23,5,294.0,1470.0
5003,1994,28,3,654.62,1963.86
5004,1994,147,4,861.73,3446.92
5005,1995,146,1,441.87,441.87
5006,1995,65,4,786.87,3147.48
5007,1995,63,5,224.94,1124.7
5008,1995,106,4,905.67,3622.68
5009,1996,174,2,749.1,1498.2
5010,1996,40,1,265.24,265.24
5011,1996,54,1,84.85,84.85
5012,1997,178,2,18.72,37.44
5013,1997,169,4,629.93,2519.72
5014,1997,109,3,595.83,1787.49
5015,1997,38,5,403.83,2019.15
5016,1998,80,4,172.39,689.56
5017,1998,138,3,191.16,573.48
5018,1999,152,2,253.43,506.86
5019,1999,185,4,519.63,2078.52
5020,1999,172,2,555.62,1111.24
5021,2000,1,1,599.53,599.53
5022,2000,9,2,595.75,1191.5
5023,2000,6,5,756.18,3780.9
