order_id,customer_id,rep_id,order_date,status,channel,discount_pct,shipping_cost,region_id
1,481,21,2022-06-22,Cancelled,Phone,0.0,22.94,1
2,12,3,2023-02-09,Delivered,Online,0.0,22.63,3
3,63,2,2024-08-02,Pending,Online,10.0,10.83,4
4,255,1,2024-02-23,Delivered,Online,0.0,5.37,2
5,141,9,2024-07-02,Processing,Online,10.0,15.48,2
6,332,10,2024-10-18,Delivered,Phone,5.0,1.52,3
7,197,5,2024-05-08,Processing,Phone,20.0,13.15,5
8,407,1,2024-02-23,Shipped,In-Store,10.0,19.54,3
9,468,19,2024-10-25,Shipped,In-Store,0.0,4.5,3
10,306,8,2022-03-02,Shipped,Online,20.0,24.79,5
11,184,25,2023-04-22,Processing,Online,0.0,16.42,3
12,274,27,2022-04-25,Processing,Phone,20.0,24.57,4
13,182,30,2022-12-22,Processing,Online,10.0,7.95,3
14,468,19,2022-02-27,Shipped,Phone,10.0,3.55,2
15,429,26,2024-10-05,Cancelled,In-Store,0.0,12.26,1
16,29,8,2023-03-25,Pending,Phone,5.0,0.02,5
17,104,26,2022-09-25,Shipped,Phone,0.0,22.97,3
18,31,1,2022-10-30,Cancelled,Phone,0.0,19.36,5
19,441,12,2022-05-29,Shipped,Phone,15.0,9.89,1
20,173,10,2023-10-23,Processing,Online,15.0,23.72,4
21,333,11,2022-12-23,Cancelled,Phone,10.0,19.67,2
22,341,19,2022-12-26,Delivered,In-Store,15.0,17.21,2
23,91,24,2022-01-04,Cancelled,In-Store,20.0,24.86,5
24,17,6,2023-10-14,Cancelled,Online,15.0,14.14,4
25,73,11,2022-06-09,Processing,In-Store,0.0,4.2,1
26,421,23,2023-11-19,Delivered,Online,0.0,5.24,1
27,180,9,2022-08-10,Pending,Online,5.0,10.96,4
28,497,6,2024-04-27,Delivered,In-Store,0.0,13.65,1
29,425,16,2023-04-07,Processing,In-Store,0.0,19.98,1
30,151,1,2023-10-15,Shipped,Online,0.0,8.55,4
31,83,24,2022-06-03,Cancelled,Online,0.0,14.85,5
32,458,16,2022-03-05,Delivered,Phone,0.0,15.18,4
33,81,2,2022-07-27,Shipped,Online,0.0,10.23,5
34,370,30,2023-06-28,Shipped,In-Store,0.0,2.4,4
35,293,18,2024-10-02,Processing,Online,0.0,0.1,1
36,151,27,2024-09-10,Processing,Online,0.0,5.17,3
37,42,16,2022-08-25,Shipped,In-Store,5.0,12.23,3
38,47,21,2024-03-04,Processing,In-Store,5.0,9.24,4
39,23,9,2024-06-19,Delivered,In-Store,0.0,20.93,5
40,32,5,2022-07-18,Pending,Phone,0.0,20.2,4
41,498,25,2023-04-11,Cancelled,Online,20.0,9.68,5
42,215,18,2024-08-30,Cancelled,Online,5.0,7.47,4
43,463,28,2022-03-13,Cancelled,Phone,10.0,20.01,5
44,76,4,2024-07-08,Processing,Online,0.0,20.21,2
45,22,14,2022-06-10,Delivered,Online,20.0,15.68,5
46,133,11,2022-05-18,Pending,In-Store,10.0,9.93,3
47,439,9,2024-11-30,Delivered,Online,20.0,17.51,5
48,268,26,2024-05-09,Pending,In-Store,0.0,3.7,5
49,299,25,2022-07-25,Pending,Phone,20.0,2.52,3
50,445,18,2023-12-06,Delivered,In-Store,5.0,16.37,5
51,312,16,2022-03-18,Processing,In-Store,5.0,3.6,5
52,349,23,2024-04-02,Pending,In-Store,0.0,17.26,1
53,382,16,2023-07-05,Shipped,Online,0.0,20.43,3
54,160,9,2024-10-03,Pending,Online,0.0,7.51,4
55,397,27,2023-10-20,Shipped,Phone,5.0,15.12,1
56,97,15,2023-03-09,Delivered,Phone,5.0,18.99,3
57,421,2,2024-11-21,Processing,Online,0.0,17.74,4
58,70,25,2024-12-09,Cancelled,Online,0.0,4.82,2
59,429,2,2023-05-26,Pending,In-Store,0.0,22.95,2
60,141,12,2024-08-08,Cancelled,In-Store,15.0,23.08,1
61,124,12,2024-09-28,Cancelled,In-Store,0.0,24.01,4
62,301,18,2023-12-18,Shipped,Online,20.0,22.36,1
63,146,1,2024-03-02,Pending,Online,20.0,14.31,2
64,439,8,2023-04-07,Processing,In-Store,15.0,10.24,1
65,443,25,2022-01-19,Delivered,Online,15.0,4.33,1
66,115,9,2023-09-18,Shipped,In-Store,5.0,21.29,4
67,130,7,2024-08-13,Shipped,Phone,10.0,20.61,4
68,300,4,2022-01-16,Cancelled,Phone,20.0,20.98,5
69,332,20,2023-08-02,Shipped,Phone,0.0,12.04,3
70,142,21,2023-10-28,Shipped,In-Store,15.0,17.78,3
71,97,5,2024-11-25,Processing,Online,20.0,21.43,5
72,207,22,2023-10-17,Processing,Phone,0.0,16.39,3
73,133,30,2024-05-07,Delivered,In-Store,15.0,0.88,5
74,418,7,2023-12-04,Processing,Phone,10.0,15.96,4
75,465,22,2024-01-05,Cancelled,In-Store,20.0,4.25,5
76,93,10,2022-07-19,Delivered,Online,15.0,6.47,5
77,391,30,2023-01-10,Shipped,Phone,0.0,5.56,2
78,382,28,2023-09-21,Delivered,In-Store,0.0,6.51,3
79,238,28,2022-08-30,Delivered,Online,20.0,15.86,5
80,484,20,2022-05-26,Delivered,Online,10.0,3.0,4
81,272,10,2024-04-26,Pending,Online,0.0,24.81,3
82,210,19,2024-07-26,Processing,In-Store,20.0,17.89,1
83,250,11,2022-12-29,Shipped,Phone,0.0,0.12,3
84,108,25,2022-12-12,Cancelled,Online,5.0,19.63,1
85,67,20,2024-06-07,Delivered,In-Store,5.0,24.13,4
86,3,2,2024-12-29,Processing,Phone,0.0,23.75,3
87,388,27,2024-12-23,Processing,Online,15.0,0.1,2
88,116,23,2023-12-07,Shipped,Online,0.0,9.59,5
89,157,6,2022-05-14,Pending,In-Store,0.0,11.4,5
90,306,17,2023-11-23,Delivered,Phone,0.0,8.57,4
91,184,25,2023-01-21,Processing,In-Store,0.0,5.71,2
92,109,24,2022-02-14,Cancelled,Phone,0.0,3.08,1
93,193,29,2023-06-08,Cancelled,Phone,0.0,14.85,1
94,339,4,2022-02-10,Pending,Phone,0.0,10.42,4
95,64,18,2023-06-02,Delivered,Phone,0.0,5.14,1
96,155,14,2022-07-26,Cancelled,In-Store,10.0,15.14,2
97,215,27,2022-08-03,Cancelled,Phone,10.0,2.94,1
98,402,4,2024-10-16,Processing,Phone,0.0,19.45,5
99,499,7,2024-01-04,Delivered,In-Store,0.0,0.99,4
100,467,7,2024-09-11,Shipped,Online,0.0,0.32,1
101,465,4,2024-10-08,Processing,Online,20.0,12.79,1
102,464,9,2023-04-19,Delivered,In-Store,0.0,11.61,1
103,417,6,2022-03-22,Shipped,In-Store,20.0,16.92,4
104,379,4,2022-07-14,Pending,Online,20.0,3.46,2
105,169,12,2024-06-15,Cancelled,In-Store,15.0,2.32,3
106,94,4,2024-03-31,Delivered,In-Store,0.0,20.89,4
107,410,14,2022-12-08,Pending,Online,15.0,18.16,2
108,54,14,2024-09-15,Cancelled,Phone,5.0,4.53,4
109,399,12,2022-03-01,Processing,In-Store,5.0,2.82,4
110,226,2,2022-05-10,Shipped,Phone,0.0,0.31,5
111,393,24,2023-04-04,Shipped,Phone,10.0,17.21,5
112,49,14,2023-05-25,Delivered,In-Store,15.0,16.91,4
113,77,27,2022-04-22,Pending,Phone,0.0,12.64,4
114,437,16,2022-12-05,Pending,In-Store,0.0,6.02,3
115,26,17,2023-04-02,Cancelled,Phone,5.0,10.08,2
116,41,15,2024-06-28,Cancelled,In-Store,0.0,21.41,4
117,162,4,2024-10-15,Pending,Online,5.0,10.31,5
118,282,1,2022-07-06,Cancelled,Phone,15.0,7.61,5
119,288,7,2024-07-23,Shipped,In-Store,20.0,1.36,2
120,433,15,2023-11-11,Cancelled,Phone,10.0,11.83,3
121,367,15,2022-08-22,Pending,Phone,0.0,0.05,3
122,425,21,2023-08-21,Cancelled,Phone,0.0,17.55,1
123,460,6,2024-10-05,Processing,Phone,15.0,18.04,1
124,131,20,2023-02-06,Processing,Online,20.0,9.82,4
125,423,26,2023-01-26,Shipped,Online,20.0,10.36,5
126,64,25,2024-07-11,Delivered,Phone,10.0,23.9,2
127,494,16,2022-01-09,Cancelled,Phone,0.0,13.83,4
128,430,19,2024-09-16,Cancelled,Online,15.0,14.46,2
129,54,13,2023-10-22,Cancelled,In-Store,5.0,24.49,2
130,141,13,2023-12-04,Shipped,In-Store,20.0,3.33,4
131,309,23,2024-11-15,Shipped,Phone,10.0,21.52,5
132,324,7,2023-02-16,Processing,Phone,15.0,7.26,3
133,472,22,2022-09-29,Processing,Phone,10.0,17.36,3
134,364,4,2023-12-23,Cancelled,In-Store,10.0,14.27,4
135,346,24,2024-12-29,Shipped,In-Store,20.0,0.32,1
136,13,13,2022-10-25,Pending,Phone,0.0,5.0,2
137,147,22,2023-05-29,Processing,Online,15.0,19.61,2
138,386,18,2022-03-08,Shipped,In-Store,0.0,15.4,5
139,443,8,2024-03-07,Processing,Phone,20.0,19.92,3
140,355,22,2022-04-07,Delivered,In-Store,5.0,23.92,3
141,495,18,2022-04-21,Pending,Phone,0.0,5.08,4
142,425,8,2024-01-24,Cancelled,Phone,15.0,15.08,2
143,151,15,2022-12-30,Pending,Online,0.0,18.38,1
144,194,2,2024-05-27,Shipped,Phone,0.0,3.25,5
145,434,9,2022-01-12,Shipped,In-Store,15.0,23.44,1
146,79,30,2023-10-23,Cancelled,Online,20.0,23.31,5
147,432,22,2023-09-09,Delivered,Phone,10.0,8.95,3
148,270,8,2023-01-12,Cancelled,Online,20.0,12.63,4
149,279,18,2024-04-06,Pending,In-Store,0.0,22.08,3
150,170,12,2023-08-25,Processing,Phone,10.0,11.87,5
151,422,25,2022-01-19,Pending,Phone,0.0,11.14,5
152,471,20,2023-05-15,Pending,Phone,0.0,9.53,1
153,198,9,2023-08-03,Pending,Phone,20.0,19.26,5
154,412,17,2024-07-01,Delivered,Online,0.0,22.46,2
155,165,17,2022-06-18,Pending,Online,20.0,13.45,1
156,321,3,2023-03-08,Processing,Phone,5.0,20.89,2
157,276,27,2024-06-10,Pending,Phone,15.0,3.84,4
158,368,11,2022-03-19,Pending,Online,0.0,4.45,3
159,286,3,2023-04-12,Shipped,In-Store,5.0,11.28,4
160,222,11,2022-02-04,Delivered,Phone,0.0,13.37,5
161,33,25,2022-04-04,Pending,In-Store,10.0,2.65,3
162,311,3,2023-07-31,Delivered,In-Store,5.0,20.55,1
163,243,6,2024-12-28,Processing,Online,15.0,9.77,5
164,152,21,2022-10-23,Shipped,Phone,20.0,21.68,3
165,491,1,2022-10-17,Pending,Online,0.0,14.32,4
166,276,18,2022-06-24,Shipped,Online,15.0,18.54,3
167,109,14,2024-11-15,Processing,Online,0.0,5.52,3
168,100,4,2023-01-07,Cancelled,Online,20.0,18.78,5
169,237,21,2022-05-30,Shipped,Phone,0.0,6.27,2
170,372,19,2024-09-24,Shipped,In-Store,0.0,16.78,2
171,52,10,2022-05-23,Processing,In-Store,5.0,11.27,5
172,338,10,2022-11-09,Cancelled,Phone,0.0,20.19,4
173,87,1,2023-10-04,Processing,Online,15.0,18.5,4
174,142,27,2024-01-07,Processing,Phone,15.0,8.29,4
175,237,15,2024-01-05,Shipped,In-Store,10.0,2.72,5
176,42,27,2023-07-29,Processing,Phone,0.0,6.58,1
177,373,3,2022-02-08,Cancelled,Phone,0.0,20.32,5
178,208,25,2023-03-12,Pending,Phone,0.0,13.59,5
179,242,21,2022-11-01,Shipped,In-Store,0.0,22.29,5
180,376,28,2023-08-19,Processing,In-Store,10.0,12.76,4
181,187,17,2022-01-22,Processing,Phone,15.0,4.15,5
182,72,15,2022-11-23,Processing,Phone,10.0,16.49,2
183,377,24,2024-09-17,Shipped,Online,0.0,19.04,2
184,33,9,2024-01-27,Processing,Online,15.0,5.17,3
185,199,16,2024-07-20,Pending,Online,15.0,8.1,5
186,325,27,2023-07-15,Shipped,Phone,10.0,14.25,4
187,335,13,2024-01-19,Cancelled,Phone,20.0,1.95,3
188,193,30,2023-04-02,Cancelled,In-Store,0.0,20.43,3
189,250,26,2024-09-14,Cancelled,Online,10.0,22.05,4
190,85,8,2022-06-07,Cancelled,Phone,0.0,5.29,2
191,81,12,2022-08-31,Processing,In-Store,20.0,8.26,1
192,247,22,2024-09-07,Delivered,Online,10.0,4.03,4
193,12,8,2022-03-30,Processing,Phone,10.0,4.03,5
194,21,29,2022-10-28,Pending,Online,0.0,23.06,5
195,491,13,2022-02-08,Shipped,Online,0.0,11.23,4
196,445,16,2022-12-16,Processing,In-Store,10.0,3.57,5
197,421,25,2023-01-08,Cancelled,Phone,10.0,6.61,3
198,473,15,2022-05-21,Processing,In-Store,5.0,3.31,1
199,104,17,2024-10-29,Delivered,Online,10.0,2.41,4
200,462,20,2022-03-21,Cancelled,Phone,20.0,2.94,4
201,338,5,2022-01-03,Delivered,Phone,5.0,9.26,1
202,358,17,2024-05-28,Processing,In-Store,20.0,19.22,3
203,302,26,2022-07-20,Delivered,Online,0.0,11.93,2
204,466,28,2022-06-21,Shipped,Phone,10.0,10.22,2
205,3,23,2022-01-15,Cancelled,Phone,0.0,12.99,4
206,336,7,2023-10-09,Delivered,In-Store,0.0,3.87,5
207,130,9,2024-05-17,Cancelled,In-Store,10.0,6.89,4
208,387,7,2024-04-26,Cancelled,Phone,5.0,4.47,5
209,285,16,2023-06-04,Shipped,Phone,0.0,19.35,4
210,377,5,2022-09-01,Processing,In-Store,20.0,17.48,2
211,52,7,2024-11-07,Delivered,In-Store,20.0,13.76,1
212,83,13,2022-01-11,Pending,Online,5.0,23.15,4
213,46,3,2023-06-23,Processing,In-Store,0.0,15.23,4
214,477,13,2024-12-03,Shipped,Phone,10.0,1.44,2
215,328,16,2024-06-18,Pending,Online,20.0,16.42,5
216,147,7,2022-03-10,Cancelled,Phone,10.0,17.46,5
217,87,22,2022-03-15,Shipped,Online,15.0,0.01,2
218,45,9,2024-03-29,Shipped,Phone,5.0,10.14,2
219,266,1,2022-05-21,Pending,Phone,0.0,18.15,5
220,469,19,2023-12-14,Shipped,In-Store,0.0,15.16,2
221,233,30,2024-04-07,Cancelled,Online,0.0,4.38,5
222,55,18,2022-05-29,Cancelled,In-Store,0.0,23.68,5
223,490,9,2023-05-28,Delivered,In-Store,10.0,12.09,2
224,388,11,2024-07-28,Delivered,Phone,20.0,0.68,1
225,133,3,2024-02-23,Processing,Phone,15.0,5.75,3
226,212,12,2024-11-23,Cancelled,Online,15.0,20.8,2
227,148,3,2024-03-28,Shipped,Online,10.0,23.28,4
228,161,12,2023-03-24,Cancelled,In-Store,0.0,23.68,2
229,256,24,2023-02-13,Processing,Phone,0.0,21.82,2
230,118,7,2023-05-27,Cancelled,In-Store,0.0,19.47,1
231,472,3,2024-10-05,Cancelled,Online,20.0,21.43,1
232,435,16,2024-01-31,Cancelled,In-Store,5.0,22.45,5
233,445,9,2024-10-02,Processing,Phone,0.0,9.95,5
234,66,2,2024-12-12,Delivered,In-Store,10.0,0.81,3
235,202,28,2022-12-24,Delivered,Online,15.0,12.96,3
236,353,1,2022-01-25,Processing,In-Store,10.0,2.52,3
237,314,28,2023-06-16,Processing,Phone,0.0,5.93,4
238,491,20,2023-12-04,Shipped,Online,5.0,10.6,4
239,359,25,2024-02-02,Shipped,In-Store,0.0,11.27,5
240,68,19,2023-04-14,Pending,Phone,0.0,20.1,5
241,222,28,2024-02-20,Processing,Online,20.0,23.98,2
242,243,26,2022-01-20,Processing,In-Store,5.0,3.36,5
243,274,24,2023-10-09,Delivered,In-Store,0.0,14.05,5
244,25,13,2022-07-22,Processing,Online,0.0,20.35,4
245,430,21,2022-07-17,Delivered,Phone,0.0,6.49,3
246,287,18,2023-06-12,Shipped,Online,5.0,3.03,5
247,102,19,2022-12-24,Shipped,In-Store,0.0,16.83,4
248,397,24,2024-07-04,Pending,In-Store,10.0,7.16,2
249,445,6,2023-11-22,Delivered,Phone,10.0,14.29,1
250,41,6,2023-12-05,Processing,In-Store,0.0,16.33,3
251,310,21,2024-03-20,Shipped,In-Store,20.0,21.57,3
252,383,19,2024-12-02,Delivered,In-Store,0.0,4.6,1
253,65,24,2023-04-26,Shipped,Phone,15.0,18.74,2
254,86,13,2022-07-30,Pending,Online,5.0,13.71,1
255,395,13,2024-12-09,Pending,Online,0.0,15.45,1
256,336,30,2024-03-09,Shipped,Online,0.0,18.44,4
257,321,5,2022-09-26,Cancelled,Online,0.0,0.88,3
258,441,30,2023-10-29,Delivered,In-Store,20.0,13.51,3
259,281,15,2022-10-04,Cancelled,Online,10.0,14.94,5
260,223,17,2024-12-29,Shipped,In-Store,5.0,13.49,1
261,227,10,2024-01-20,Delivered,In-Store,0.0,7.59,1
262,268,27,2022-10-07,Shipped,In-Store,5.0,13.38,4
263,485,25,2024-09-04,Shipped,Online,20.0,10.76,3
264,306,8,2022-01-15,Cancelled,In-Store,0.0,10.29,5
265,224,13,2023-05-27,Processing,Phone,15.0,16.15,4
266,113,9,2022-06-12,Delivered,Phone,0.0,12.92,5
267,414,23,2023-07-11,Shipped,Phone,15.0,13.3,3
268,212,7,2022-05-21,Processing,Online,0.0,2.76,4
269,317,15,2023-07-12,Cancelled,In-Store,0.0,8.02,2
270,26,18,2022-02-15,Processing,Online,0.0,6.73,4
271,373,1,2023-04-22,Pending,Online,0.0,12.34,3
272,216,10,2024-10-17,Shipped,In-Store,15.0,19.79,3
273,42,27,2022-10-27,Pending,In-Store,20.0,9.81,5
274,241,6,2023-01-29,Shipped,In-Store,20.0,0.32,2
275,198,25,2024-06-26,Processing,Phone,0.0,4.98,1
276,267,22,2023-03-03,Delivered,In-Store,15.0,24.03,3
277,82,21,2022-03-28,Cancelled,Phone,0.0,6.33,3
278,102,12,2022-04-17,Processing,Online,0.0,15.82,3
279,8,6,2023-07-20,Cancelled,Online,5.0,19.73,1
280,497,2,2024-08-31,Cancelled,Online,0.0,19.27,2
281,81,16,2022-07-07,Cancelled,In-Store,20.0,15.63,1
282,183,21,2022-11-12,Cancelled,Online,0.0,12.2,3
283,286,26,2023-12-13,Delivered,Phone,0.0,0.53,4
284,184,24,2022-10-03,Shipped,Online,5.0,17.67,5
285,151,18,2024-09-30,Processing,Phone,0.0,13.59,3
286,375,15,2023-07-18,Cancelled,Phone,0.0,1.72,2
287,231,10,2023-06-24,Cancelled,In-Store,5.0,0.02,5
288,195,24,2023-01-15,Pending,Phone,20.0,9.1,5
289,123,11,2022-05-10,Cancelled,In-Store,0.0,13.1,4
290,393,18,2022-11-12,Cancelled,In-Store,0.0,10.25,3
291,57,4,2024-12-07,Pending,Online,20.0,23.44,2
292,448,2,2023-02-18,Pending,In-Store,0.0,2.47,5
293,329,27,2024-03-06,Delivered,Phone,10.0,17.53,3
294,26,12,2023-03-29,Cancelled,Phone,0.0,0.33,2
295,336,16,2022-06-13,Delivered,Phone,0.0,9.02,4
296,421,12,2022-04-30,Cancelled,In-Store,10.0,1.02,1
297,428,10,2022-06-09,Processing,Phone,0.0,2.53,2
298,273,13,2023-01-24,Processing,Phone,15.0,6.22,2
299,286,24,2024-04-30,Pending,Phone,10.0,8.95,4
300,360,22,2024-05-24,Pending,Online,20.0,4.51,4
301,259,11,2022-11-20,Cancelled,Phone,5.0,23.34,3
302,282,11,2024-02-01,Delivered,Phone,5.0,20.65,3
303,312,8,2023-03-15,Delivered,Phone,15.0,6.35,4
304,230,13,2022-01-01,Pending,In-Store,10.0,0.41,2
305,456,10,2022-01-14,Shipped,Online,0.0,21.39,1
306,396,27,2023-07-20,Cancelled,Phone,10.0,14.27,5
307,80,4,2022-03-19,Delivered,In-Store,0.0,3.46,3
308,456,19,2023-05-27,Processing,In-Store,20.0,7.51,5
309,205,19,2023-03-22,Pending,Phone,0.0,19.82,2
310,250,27,2022-07-15,Cancelled,Phone,0.0,0.93,5
311,196,3,2022-04-25,Shipped,In-Store,20.0,10.86,1
312,446,25,2023-04-10,Cancelled,Online,15.0,19.44,4
313,28,10,2024-12-09,Pending,In-Store,10.0,14.12,3
314,258,23,2023-03-29,Processing,Online,15.0,18.29,4
315,498,15,2024-10-30,Pending,Online,5.0,7.24,4
316,76,5,2023-11-20,Pending,In-Store,10.0,18.63,5
317,205,9,2022-06-24,Delivered,Phone,5.0,19.35,2
318,391,5,2024-09-11,Cancelled,Online,5.0,9.88,5
319,101,18,2024-12-09,Processing,Online,0.0,6.66,4
320,166,22,2022-07-03,Pending,Phone,5.0,10.59,3
321,98,11,2023-12-07,Cancelled,Phone,0.0,19.24,2
322,180,20,2024-06-24,Cancelled,Online,5.0,1.12,2
323,103,22,2024-02-05,Processing,Phone,20.0,2.15,1
324,125,20,2022-10-30,Shipped,Online,0.0,17.34,1
325,157,15,2024-08-22,Pending,In-Store,0.0,18.5,2
326,105,18,2024-12-07,Shipped,Phone,5.0,15.58,2
327,356,23,2022-02-07,Delivered,Phone,15.0,13.17,3
328,88,2,2023-08-05,Processing,Phone,10.0,6.78,4
329,336,1,2022-05-17,Delivered,Phone,0.0,16.57,3
330,443,4,2022-02-09,Shipped,Phone,5.0,5.78,4
331,261,23,2022-07-23,Shipped,In-Store,20.0,14.93,1
332,96,7,2024-10-22,Delivered,Phone,15.0,0.54,2
333,473,17,2023-09-17,Shipped,In-Store,5.0,18.61,1
334,178,22,2023-12-22,Shipped,Phone,0.0,5.91,5
335,142,26,2022-05-07,Shipped,In-Store,20.0,24.76,5
336,486,9,2023-04-07,Processing,In-Store,5.0,16.42,1
337,374,13,2024-12-02,Cancelled,Phone,15.0,5.69,2
338,294,5,2024-05-23,Shipped,Phone,0.0,11.23,2
339,106,21,2022-10-11,Cancelled,Phone,15.0,20.0,2
340,159,23,2024-12-08,Processing,In-Store,20.0,3.63,5
341,470,6,2023-10-13,Pending,Phone,10.0,23.72,1
342,95,11,2022-10-26,Pending,In-Store,5.0,24.03,3
343,227,24,2023-07-15,Processing,Online,0.0,3.29,1
344,391,20,2023-07-01,Cancelled,Phone,10.0,5.77,2
345,119,22,2022-02-23,Shipped,Online,15.0,19.5,2
346,258,28,2024-08-18,Shipped,Online,20.0,9.69,4
347,71,6,2023-01-31,Processing,Online,5.0,19.11,1
348,474,9,2024-04-25,Processing,Phone,15.0,24.71,2
349,34,6,2024-06-18,Cancelled,In-Store,15.0,8.12,4
350,455,8,2024-05-25,Delivered,Online,10.0,18.38,4
351,369,11,2024-03-18,Cancelled,Phone,10.0,14.85,5
352,329,29,2022-03-20,Cancelled,Online,5.0,11.42,1
353,450,8,2024-11-28,Cancelled,In-Store,15.0,0.98,4
354,265,25,2022-04-11,Processing,In-Store,5.0,9.95,3
355,397,27,2023-08-09,Delivered,Online,5.0,7.36,1
356,354,17,2022-10-19,Delivered,Phone,5.0,2.26,5
357,58,6,2022-10-05,Delivered,In-Store,0.0,11.27,2
358,233,19,2023-02-18,Delivered,Online,0.0,8.1,2
359,368,24,2022-09-11,Pending,Online,15.0,11.23,3
360,44,17,2024-02-26,Cancelled,Phone,0.0,9.47,4
361,23,25,2022-12-16,Shipped,Phone,20.0,16.49,2
362,84,28,2022-10-24,Processing,Phone,0.0,10.49,3
363,374,25,2024-07-02,Shipped,Phone,0.0,2.94,2
364,492,7,2022-01-08,Cancelled,In-Store,0.0,11.47,4
365,279,26,2022-01-12,Cancelled,In-Store,0.0,5.42,4
366,233,14,2024-06-23,Pending,Phone,10.0,0.16,5
367,143,20,2023-03-02,Pending,Online,0.0,1.38,3
368,19,5,2022-03-08,Cancelled,Phone,0.0,8.28,1
369,26,4,2024-05-03,Processing,Online,15.0,7.11,5
370,294,26,2022-12-30,Delivered,Phone,10.0,9.0,1
371,48,25,2023-09-05,Shipped,In-Store,5.0,20.51,4
372,432,18,2022-05-13,Shipped,In-Store,0.0,3.05,3
373,169,17,2024-04-27,Cancelled,Online,15.0,5.23,1
374,56,19,2024-12-19,Pending,In-Store,15.0,17.22,3
375,219,20,2023-10-11,Shipped,Phone,10.0,24.88,3
376,475,5,2024-10-13,Cancelled,Phone,15.0,12.44,2
377,453,20,2023-04-22,Shipped,Online,0.0,2.96,4
378,321,26,2022-08-30,Processing,Phone,5.0,10.35,3
379,180,18,2023-03-11,Pending,Phone,0.0,17.25,3
380,405,3,2023-09-23,Shipped,Phone,10.0,8.1,1
381,59,22,2023-11-14,Shipped,In-Store,15.0,14.22,1
382,427,6,2023-02-02,Shipped,In-Store,15.0,11.98,4
383,409,2,2022-10-06,Delivered,Online,15.0,11.52,5
384,459,11,2024-08-05,Delivered,Phone,0.0,20.88,3
385,290,24,2023-10-09,Cancelled,Phone,0.0,5.21,3
386,410,30,2023-12-26,Pending,Online,0.0,21.02,3
387,193,21,2024-12-30,Processing,Phone,10.0,9.74,5
388,60,28,2023-09-24,Shipped,Phone,0.0,6.79,1
389,255,29,2023-05-02,Shipped,In-Store,20.0,23.77,2
390,269,10,2022-12-25,Pending,In-Store,20.0,0.93,2
391,468,3,2024-06-27,Cancelled,Online,20.0,12.07,5
392,79,7,2023-11-28,Delivered,Phone,20.0,13.09,3
393,74,25,2022-07-21,Cancelled,Phone,0.0,5.13,1
394,236,13,2024-12-05,Pending,Online,0.0,23.31,5
395,447,3,2023-11-14,Delivered,Online,0.0,13.01,3
396,12,19,2023-10-02,Processing,In-Store,0.0,4.81,3
397,273,11,2024-06-22,Pending,In-Store,0.0,3.94,1
398,8,20,2024-11-18,Pending,Online,10.0,8.76,3
399,139,5,2023-08-04,Cancelled,Online,0.0,1.78,5
400,457,11,2024-06-27,Pending,Online,0.0,11.77,1
401,55,13,2022-04-21,Pending,In-Store,5.0,4.47,5
402,457,19,2024-07-02,Cancelled,In-Store,0.0,8.31,2
403,366,25,2024-12-28,Pending,In-Store,10.0,3.29,4
404,50,15,2023-09-28,Delivered,In-Store,0.0,23.69,2
405,441,29,2023-06-13,Shipped,In-Store,0.0,17.49,3
406,404,28,2023-10-28,Delivered,In-Store,0.0,1.63,1
407,180,16,2024-08-02,Processing,In-Store,20.0,8.72,5
408,66,17,2022-07-30,Delivered,Phone,20.0,2.67,5
409,333,3,2023-09-11,Cancelled,In-Store,5.0,14.76,2
410,318,8,2022-11-22,Delivered,In-Store,0.0,8.52,5
411,221,26,2024-06-10,Cancelled,In-Store,10.0,17.35,2
412,340,22,2022-06-09,Cancelled,In-Store,0.0,14.8,4
413,167,18,2022-07-19,Delivered,Online,0.0,23.9,1
414,307,4,2024-02-16,Shipped,In-Store,15.0,16.5,1
415,112,27,2022-10-12,Cancelled,Phone,20.0,0.0,2
416,339,5,2024-07-16,Cancelled,In-Store,5.0,15.39,4
417,101,7,2023-10-11,Shipped,Phone,20.0,22.83,3
418,471,30,2024-06-09,Shipped,Online,10.0,0.2,5
419,207,28,2022-09-19,Shipped,Online,0.0,22.53,1
420,1,23,2024-01-06,Pending,In-Store,20.0,0.78,4
421,360,19,2024-03-18,Shipped,Phone,5.0,10.15,4
422,280,7,2022-12-22,Delivered,Online,0.0,13.89,3
423,431,14,2022-11-12,Shipped,Phone,0.0,3.36,1
424,332,1,2022-10-22,Delivered,Phone,5.0,24.37,2
425,44,5,2024-05-01,Delivered,Phone,10.0,23.26,5
426,93,15,2024-11-09,Delivered,Phone,20.0,11.25,3
427,116,6,2024-05-19,Cancelled,Online,10.0,12.45,2
428,365,17,2023-07-06,Delivered,Phone,10.0,9.17,1
429,291,16,2024-01-25,Pending,Phone,5.0,24.04,1
430,73,24,2024-12-14,Shipped,In-Store,10.0,1.96,5
431,46,8,2024-08-25,Pending,Phone,15.0,13.48,5
432,160,20,2022-04-19,Shipped,Phone,20.0,0.27,4
433,263,29,2024-08-18,Cancelled,Phone,0.0,10.53,3
434,149,6,2022-03-14,Cancelled,Phone,0.0,18.17,5
435,134,2,2024-08-27,Cancelled,Online,10.0,1.29,3
436,415,24,2022-02-25,Shipped,In-Store,0.0,3.17,1
437,436,26,2023-07-24,Shipped,Online,10.0,7.02,3
438,8,24,2022-08-17,Cancelled,Online,10.0,18.47,4
439,190,26,2022-12-26,Shipped,Phone,0.0,12.12,5
440,442,2,2023-12-04,Pending,Online,10.0,23.35,2
441,429,16,2024-04-25,Delivered,Online,15.0,11.0,2
442,108,19,2023-12-08,Pending,Phone,0.0,18.89,1
443,27,6,2024-08-08,Delivered,In-Store,0.0,11.91,5
444,120,13,2024-03-09,Delivered,In-Store,0.0,13.26,4
445,7,10,2024-07-08,Delivered,Phone,0.0,24.04,1
446,50,30,2024-12-24,Shipped,In-Store,10.0,22.95,3
447,172,9,2023-07-01,Pending,In-Store,15.0,14.6,4
448,396,22,2023-05-11,Cancelled,Online,10.0,8.44,2
449,161,18,2022-01-22,Pending,Online,0.0,10.28,5
450,54,22,2024-07-02,Shipped,Online,15.0,7.08,2
451,18,1,2022-07-08,Pending,Phone,15.0,22.35,2
452,487,20,2022-09-07,Pending,Online,20.0,15.12,4
453,337,25,2023-01-14,Pending,Phone,0.0,6.33,4
454,339,30,2022-06-05,Delivered,In-Store,20.0,10.67,3
455,132,6,2022-06-01,Shipped,Online,5.0,9.71,1
456,133,27,2023-06-27,Processing,In-Store,0.0,12.29,2
457,313,13,2023-01-01,Delivered,Online,0.0,13.52,4
458,112,20,2022-08-06,Delivered,Phone,0.0,2.58,1
459,37,19,2023-05-29,Delivered,Online,5.0,3.72,1
460,478,2,2024-03-10,Shipped,Online,15.0,8.25,4
461,295,1,2024-11-21,Delivered,In-Store,5.0,10.1,1
462,277,8,2022-01-07,Delivered,Phone,20.0,19.5,1
463,291,18,2024-01-06,Shipped,Phone,0.0,10.02,1
464,188,18,2023-11-28,Pending,In-Store,20.0,19.16,2
465,91,18,2022-03-22,Delivered,Phone,0.0,7.47,4
466,459,4,2024-01-06,Delivered,Online,15.0,10.95,2
467,72,2,2023-01-31,Pending,Phone,10.0,5.96,4
468,33,26,2023-09-23,Delivered,Phone,20.0,20.29,1
469,19,11,2022-04-25,Shipped,Phone,0.0,10.14,2
470,414,21,2024-12-07,Delivered,Phone,20.0,21.86,2
471,380,19,2023-04-23,Pending,Online,15.0,3.54,1
472,242,30,2022-04-04,Processing,Phone,15.0,3.26,2
473,324,2,2023-09-22,Pending,In-Store,10.0,4.27,5
474,33,27,2022-08-06,Pending,In-Store,10.0,19.98,2
475,33,26,2023-02-20,Delivered,In-Store,20.0,20.9,4
476,167,4,2022-10-09,Shipped,Online,20.0,1.14,2
477,172,3,2022-09-05,Shipped,Online,20.0,10.38,3
478,284,6,2024-06-17,Processing,Phone,0.0,3.33,5
479,193,25,2022-11-20,Pending,In-Store,0.0,0.16,2
480,475,3,2023-08-05,Delivered,Phone,20.0,19.81,4
481,355,5,2023-02-27,Processing,Phone,0.0,13.08,4
482,123,6,2022-03-19,Cancelled,Online,15.0,12.5,1
483,322,27,2023-09-09,Shipped,In-Store,0.0,13.94,2
484,61,17,2022-07-15,Cancelled,In-Store,20.0,19.03,5
485,260,8,2024-08-08,Processing,In-Store,0.0,4.84,2
486,351,28,2024-08-29,Delivered,Online,0.0,16.75,1
487,28,21,2024-01-16,Shipped,Online,5.0,6.28,5
488,413,29,2024-07-17,Pending,Online,15.0,1.31,5
489,91,6,2022-03-01,Delivered,Phone,0.0,1.77,2
490,370,15,2023-10-30,Delivered,Online,15.0,16.92,3
491,118,25,2022-08-14,Shipped,Online,0.0,5.93,4
492,446,7,2024-02-09,Processing,Online,5.0,14.63,1
493,456,14,2022-10-24,Processing,Phone,5.0,4.45,3
494,70,15,2023-02-02,Shipped,In-Store,0.0,8.4,1
495,355,19,2022-05-03,Shipped,Online,0.0,21.29,4
496,215,6,2023-12-05,Processing,In-Store,10.0,3.92,5
497,464,6,2023-04-16,Pending,In-Store,20.0,13.04,2
498,303,16,2024-08-05,Shipped,Online,15.0,10.7,2
499,127,11,2024-06-08,Cancelled,Online,10.0,23.66,5
500,460,1,2024-05-05,Pending,Online,5.0,18.34,5
501,18,14,2024-12-23,Delivered,In-Store,20.0,19.95,1
502,232,16,2023-05-08,Pending,Phone,20.0,0.31,4
503,487,7,2022-09-29,Shipped,In-Store,0.0,16.19,1
504,9,16,2023-09-17,Processing,Phone,5.0,21.45,5
505,13,15,2024-08-07,Processing,Phone,5.0,4.62,3
506,321,15,2022-01-03,Pending,In-Store,15.0,8.32,1
507,152,14,2023-07-07,Cancelled,Phone,10.0,19.86,1
508,318,29,2023-11-19,Pending,Phone,15.0,9.1,1
509,57,13,2024-01-19,Delivered,Phone,0.0,9.14,2
510,332,18,2022-05-18,Cancelled,Phone,20.0,5.12,3
511,123,18,2022-08-21,Delivered,Phone,20.0,14.5,2
512,386,24,2023-04-07,Shipped,In-Store,0.0,12.59,4
513,142,2,2022-05-10,Shipped,In-Store,5.0,12.16,5
514,425,4,2024-08-20,Cancelled,Phone,20.0,13.32,3
515,232,20,2024-01-24,Pending,Online,5.0,2.18,4
516,460,6,2023-08-14,Pending,Online,0.0,6.9,2
517,255,5,2023-02-23,Cancelled,Phone,0.0,7.33,5
518,478,5,2024-08-28,Shipped,In-Store,5.0,18.44,1
519,150,7,2022-05-09,Pending,Online,20.0,23.69,3
520,211,19,2023-12-04,Shipped,In-Store,10.0,16.65,5
521,432,18,2024-06-30,Delivered,In-Store,10.0,3.3,3
522,88,26,2023-06-17,Processing,In-Store,0.0,24.27,1
523,76,12,2023-08-06,Delivered,Online,10.0,23.1,5
524,147,6,2022-12-26,Processing,Online,0.0,2.92,3
525,295,5,2024-06-21,Shipped,In-Store,0.0,5.13,1
526,341,11,2023-12-06,Processing,In-Store,5.0,13.5,2
527,274,10,2022-09-06,Pending,In-Store,5.0,19.21,4
528,476,11,2022-11-16,Pending,Phone,10.0,24.39,3
529,332,23,2023-08-29,Delivered,In-Store,20.0,24.52,5
530,342,5,2024-06-24,Shipped,Phone,0.0,18.29,1
531,72,22,2022-08-28,Shipped,Online,5.0,15.44,2
532,229,12,2022-07-09,Shipped,Online,10.0,16.03,5
533,270,8,2023-07-24,Processing,Online,0.0,13.46,4
534,347,22,2022-06-28,Cancelled,In-Store,0.0,12.26,5
535,310,17,2022-04-25,Shipped,In-Store,0.0,17.9,4
536,190,13,2024-02-03,Pending,In-Store,0.0,8.78,4
537,448,18,2022-06-29,Processing,Phone,5.0,18.54,4
538,412,15,2023-08-15,Processing,Phone,5.0,18.22,4
539,72,27,2022-06-26,Processing,Online,0.0,11.87,5
540,172,3,2024-02-09,Pending,Online,5.0,15.97,3
541,213,6,2024-08-04,Cancelled,Online,0.0,4.65,4
542,149,18,2024-10-01,Pending,In-Store,20.0,14.63,4
543,287,24,2024-08-07,Processing,Online,20.0,0.06,3
544,154,21,2024-08-25,Pending,Phone,15.0,22.32,4
545,92,16,2023-05-17,Pending,Online,20.0,6.93,1
546,307,24,2024-01-11,Cancelled,In-Store,10.0,10.9,3
547,322,22,2024-09-01,Pending,In-Store,10.0,18.32,1
548,433,9,2022-11-30,Cancelled,Online,0.0,7.99,2
549,183,6,2022-04-19,Shipped,In-Store,5.0,15.91,3
550,25,10,2023-08-21,Cancelled,Phone,0.0,12.85,2
551,392,4,2022-12-09,Cancelled,In-Store,20.0,7.91,3
552,139,22,2024-01-13,Pending,Phone,10.0,8.79,2
553,7,5,2024-11-27,Shipped,In-Store,20.0,12.12,3
554,472,30,2022-11-30,Pending,Online,0.0,12.58,2
555,408,29,2024-12-12,Cancelled,Phone,10.0,17.56,1
556,214,15,2022-06-06,Pending,Online,0.0,11.99,3
557,354,12,2022-10-12,Delivered,Phone,10.0,19.09,3
558,89,23,2023-09-16,Pending,Phone,20.0,2.96,2
559,439,23,2022-10-19,Processing,In-Store,0.0,5.25,1
560,218,23,2022-08-17,Pending,Online,20.0,12.11,4
561,22,7,2022-08-09,Pending,Phone,10.0,14.83,4
562,61,30,2023-06-03,Pending,Online,0.0,16.69,1
563,401,4,2023-02-25,Cancelled,Online,0.0,16.77,1
564,47,5,2023-07-23,Cancelled,In-Store,0.0,4.01,5
565,400,24,2023-05-11,Cancelled,Phone,0.0,2.48,5
566,391,1,2024-12-19,Processing,Phone,0.0,24.11,2
567,462,25,2022-01-09,Pending,Online,10.0,21.28,4
568,188,23,2023-01-15,Delivered,Phone,0.0,4.52,3
569,195,14,2023-03-15,Cancelled,Online,5.0,2.82,3
570,64,15,2022-08-14,Cancelled,Online,5.0,19.06,3
571,286,24,2022-03-25,Pending,In-Store,5.0,2.89,3
572,234,20,2023-10-01,Delivered,Online,10.0,10.18,4
573,97,28,2022-05-23,Delivered,Phone,0.0,4.48,4
574,345,4,2024-03-22,Delivered,Phone,15.0,16.91,1
575,74,13,2024-03-31,Cancelled,Online,15.0,23.13,2
576,34,12,2023-02-12,Shipped,Online,10.0,21.1,4
577,63,8,2024-05-19,Delivered,In-Store,20.0,17.84,5
578,304,9,2024-03-30,Shipped,In-Store,15.0,15.08,4
579,249,17,2023-07-26,Processing,In-Store,0.0,3.05,4
580,255,8,2022-10-03,Pending,Online,15.0,1.32,1
581,256,22,2022-02-24,Processing,In-Store,10.0,16.98,2
582,156,20,2022-07-17,Pending,Phone,20.0,13.0,4
583,406,15,2023-02-18,Shipped,Phone,5.0,12.26,3
584,278,11,2022-02-06,Pending,In-Store,0.0,9.59,3
585,437,13,2024-06-25,Delivered,Online,0.0,4.42,3
586,453,23,2022-12-03,Delivered,In-Store,0.0,7.81,4
587,250,25,2022-08-13,Cancelled,Phone,5.0,16.5,5
588,293,16,2024-09-01,Cancelled,Online,10.0,1.39,3
589,254,19,2024-02-13,Cancelled,Phone,0.0,19.16,3
590,165,2,2022-02-27,Cancelled,Online,0.0,20.92,3
591,415,24,2022-02-25,Shipped,In-Store,0.0,10.7,3
592,211,12,2022-04-26,Processing,Online,0.0,16.2,5
593,44,30,2022-05-15,Shipped,Online,0.0,4.24,5
594,167,2,2024-08-01,Delivered,Phone,10.0,22.54,3
595,11,23,2024-08-19,Cancelled,Online,0.0,9.44,4
596,166,19,2022-07-20,Delivered,Online,15.0,16.88,3
597,255,17,2023-11-27,Processing,Phone,0.0,9.08,4
598,104,16,2022-06-04,Cancelled,Online,0.0,6.63,3
599,294,13,2023-04-08,Cancelled,Phone,0.0,17.94,5
600,49,19,2023-11-21,Shipped,Online,10.0,20.03,4
601,219,7,2023-12-13,Pending,Phone,20.0,7.55,3
602,222,22,2023-10-04,Processing,In-Store,5.0,6.28,5
603,233,22,2023-01-05,Pending,Phone,15.0,12.91,2
604,296,16,2023-03-13,Delivered,In-Store,15.0,13.32,5
605,437,25,2024-06-07,Cancelled,Phone,15.0,1.5,2
606,187,15,2022-10-30,Processing,Online,15.0,17.13,3
607,433,14,2024-04-20,Shipped,Online,15.0,5.09,4
608,137,27,2023-08-11,Processing,In-Store,15.0,15.03,4
609,123,4,2022-11-04,Processing,Online,0.0,19.93,3
610,238,16,2024-06-12,Delivered,Phone,0.0,5.05,3
611,70,1,2023-06-14,Shipped,Phone,10.0,4.4,1
612,494,24,2024-09-22,Pending,Online,20.0,22.41,3
613,309,10,2022-05-11,Delivered,In-Store,15.0,16.44,1
614,204,27,2022-10-15,Processing,Online,10.0,18.36,1
615,268,22,2024-12-11,Shipped,In-Store,0.0,5.95,1
616,396,26,2023-10-04,Shipped,Phone,15.0,9.75,2
617,479,14,2023-03-23,Processing,Online,0.0,5.35,3
618,226,14,2023-06-05,Cancelled,Online,5.0,13.34,1
619,163,18,2024-05-17,Delivered,Phone,0.0,24.08,2
620,186,16,2024-01-24,Shipped,Online,15.0,24.17,5
621,18,27,2022-04-22,Processing,In-Store,10.0,9.62,3
622,463,26,2022-09-07,Cancelled,Online,20.0,11.06,1
623,466,13,2023-06-08,Shipped,Online,20.0,18.92,3
624,108,28,2022-11-25,Delivered,Phone,0.0,21.99,4
625,405,2,2023-07-16,Pending,In-Store,5.0,18.42,3
626,368,14,2022-07-25,Processing,Phone,0.0,12.66,3
627,216,20,2023-11-01,Delivered,Phone,0.0,19.05,2
628,323,15,2022-10-06,Pending,In-Store,0.0,15.71,3
629,295,3,2022-08-15,Processing,Online,10.0,17.84,2
630,434,20,2024-04-20,Shipped,In-Store,5.0,21.84,2
631,134,6,2023-11-02,Shipped,Online,0.0,10.36,2
632,202,29,2024-02-12,Cancelled,Online,0.0,23.7,5
633,332,20,2023-04-14,Pending,In-Store,0.0,6.54,2
634,26,13,2024-05-28,Cancelled,In-Store,0.0,2.23,3
635,88,19,2022-08-29,Pending,Phone,10.0,10.88,4
636,424,22,2024-10-09,Pending,Online,15.0,5.08,3
637,148,24,2024-10-09,Delivered,Online,5.0,21.41,5
638,111,27,2023-08-03,Processing,In-Store,0.0,10.21,2
639,15,10,2023-06-21,Processing,Phone,5.0,22.68,3
640,299,22,2024-07-27,Pending,Online,5.0,3.33,3
641,499,23,2024-03-25,Processing,Phone,5.0,17.71,5
642,132,3,2022-07-15,Cancelled,Online,0.0,8.32,2
643,242,30,2023-12-27,Cancelled,Phone,20.0,14.96,1
644,3,9,2024-10-30,Cancelled,In-Store,0.0,24.44,3
645,68,29,2022-03-26,Cancelled,Online,0.0,4.25,4
646,477,11,2024-08-16,Processing,Online,0.0,17.76,4
647,73,9,2022-08-28,Shipped,Online,0.0,12.48,3
648,383,12,2024-05-30,Shipped,In-Store,10.0,20.74,3
649,265,11,2024-06-11,Processing,In-Store,15.0,24.86,2
650,285,28,2024-06-20,Pending,Online,0.0,1.36,2
651,19,16,2023-06-17,Processing,Phone,5.0,10.91,4
652,21,15,2024-01-01,Cancelled,In-Store,5.0,12.32,2
653,64,12,2022-07-11,Processing,In-Store,0.0,20.87,5
654,422,9,2023-03-11,Cancelled,Online,10.0,19.17,2
655,214,30,2022-06-07,Processing,In-Store,15.0,2.36,3
656,14,10,2022-09-07,Delivered,In-Store,10.0,23.23,1
657,429,11,2022-11-11,Pending,Online,5.0,20.77,4
658,233,21,2023-07-06,Cancelled,Phone,0.0,8.24,1
659,336,20,2024-07-16,Shipped,Phone,15.0,22.67,5
660,67,7,2022-04-10,Shipped,In-Store,20.0,1.39,1
661,281,20,2024-02-21,Pending,In-Store,0.0,4.45,4
662,46,1,2023-03-03,Processing,In-Store,20.0,10.06,2
663,62,10,2024-10-02,Delivered,Phone,20.0,23.04,5
664,68,12,2022-07-16,Shipped,Phone,0.0,12.24,4
665,244,9,2024-05-16,Pending,In-Store,20.0,9.21,2
666,223,21,2024-05-22,Pending,Online,10.0,8.54,4
667,347,8,2022-11-14,Delivered,Phone,15.0,16.18,1
668,149,15,2024-06-14,Pending,In-Store,0.0,3.72,2
669,351,29,2023-09-08,Processing,Phone,5.0,7.39,1
670,283,3,2022-04-03,Cancelled,Online,10.0,10.62,1
671,238,22,2023-06-03,Shipped,In-Store,10.0,2.04,5
672,9,4,2024-08-05,Processing,Online,20.0,9.82,1
673,214,29,2023-09-02,Shipped,Phone,15.0,11.37,4
674,320,26,2023-06-27,Shipped,Online,0.0,4.63,5
675,133,28,2022-08-06,Delivered,Phone,0.0,0.15,1
676,7,6,2024-09-04,Delivered,Phone,5.0,21.72,5
677,372,16,2023-09-13,Cancelled,Phone,0.0,17.27,4
678,412,10,2022-06-29,Processing,Online,0.0,4.77,1
679,357,7,2022-02-24,Processing,In-Store,15.0,3.63,2
680,224,27,2023-01-26,Pending,In-Store,20.0,11.59,4
681,217,1,2022-08-27,Processing,Online,15.0,17.56,4
682,242,1,2024-07-09,Cancelled,Online,0.0,7.37,4
683,27,11,2022-01-17,Pending,Phone,20.0,17.83,4
684,435,16,2023-08-19,Pending,In-Store,5.0,12.15,5
685,372,20,2024-09-26,Processing,Phone,0.0,13.21,4
686,296,11,2022-05-11,Shipped,Phone,5.0,22.23,1
687,254,20,2023-12-12,Delivered,Phone,5.0,0.52,3
688,372,7,2024-08-19,Shipped,In-Store,0.0,12.69,5
689,466,22,2023-11-26,Cancelled,Phone,15.0,11.71,3
690,371,23,2024-03-10,Delivered,Phone,15.0,18.36,4
691,410,28,2022-11-28,Cancelled,Online,0.0,17.27,1
692,342,16,2022-09-22,Processing,Online,0.0,15.14,1
693,407,14,2024-10-08,Shipped,Online,0.0,13.92,1
694,184,29,2023-06-19,Shipped,Phone,0.0,4.37,5
695,17,26,2022-05-11,Shipped,In-Store,0.0,15.44,1
696,288,8,2024-09-23,Shipped,In-Store,20.0,8.88,1
697,395,29,2023-07-02,Processing,Phone,20.0,12.88,1
698,362,2,2024-06-15,Delivered,Online,0.0,19.54,5
699,401,28,2022-07-28,Cancelled,Online,10.0,2.64,1
700,446,7,2024-01-11,Processing,Phone,0.0,17.7,5
701,256,24,2022-07-23,Processing,Phone,0.0,8.37,2
702,63,28,2023-02-18,Delivered,In-Store,20.0,19.23,2
703,428,26,2024-08-28,Shipped,In-Store,10.0,4.28,3
704,191,23,2024-04-29,Shipped,Phone,15.0,6.14,5
705,216,26,2023-04-13,Processing,In-Store,5.0,22.95,4
706,488,28,2024-11-23,Shipped,Online,5.0,3.64,1
707,368,26,2024-11-25,Pending,Online,0.0,7.87,2
708,223,2,2024-03-16,Pending,Phone,15.0,3.77,5
709,30,21,2024-11-30,Shipped,In-Store,5.0,22.14,5
710,448,10,2023-10-05,Shipped,Online,20.0,6.99,5
711,313,30,2022-10-28,Delivered,In-Store,15.0,5.13,5
712,320,26,2024-06-24,Shipped,Phone,5.0,19.39,3
713,44,2,2023-11-17,Delivered,Phone,15.0,18.5,2
714,267,18,2023-08-05,Processing,Online,10.0,13.79,5
715,175,25,2022-11-24,Pending,Online,20.0,13.5,3
716,124,27,2023-09-15,Delivered,Phone,0.0,18.3,3
717,133,21,2024-11-05,Shipped,Online,0.0,18.91,1
718,230,10,2022-01-11,Delivered,In-Store,0.0,20.13,5
719,290,23,2024-12-28,Cancelled,Online,0.0,7.48,5
720,345,5,2024-02-13,Cancelled,Phone,0.0,2.63,5
721,299,7,2024-01-10,Delivered,Online,0.0,17.79,4
722,42,3,2022-05-08,Delivered,Online,5.0,5.37,1
723,190,22,2024-12-13,Delivered,Phone,10.0,12.97,4
724,447,9,2024-10-18,Delivered,In-Store,15.0,23.28,4
725,375,14,2022-11-30,Processing,Phone,0.0,12.12,4
726,67,23,2024-11-17,Cancelled,Online,15.0,5.32,4
727,17,24,2022-11-18,Cancelled,In-Store,0.0,15.04,4
728,57,4,2024-01-27,Cancelled,In-Store,0.0,13.07,1
729,191,10,2024-02-06,Shipped,In-Store,5.0,0.7,2
730,73,26,2024-05-13,Pending,In-Store,0.0,5.39,4
731,2,4,2023-12-16,Pending,Online,5.0,12.03,3
732,290,15,2023-11-23,Delivered,In-Store,20.0,18.0,5
733,68,25,2022-10-11,Cancelled,Phone,5.0,19.04,4
734,77,28,2023-10-29,Pending,Phone,15.0,15.59,4
735,120,29,2024-03-20,Shipped,Phone,0.0,23.95,4
736,377,9,2022-07-01,Processing,Phone,0.0,14.3,3
737,288,21,2022-09-11,Cancelled,Online,0.0,23.88,5
738,296,25,2022-04-19,Cancelled,Phone,0.0,18.76,5
739,460,1,2022-09-04,Cancelled,Online,0.0,6.87,2
740,126,27,2024-06-28,Pending,Phone,10.0,8.01,5
741,24,16,2022-02-17,Shipped,In-Store,0.0,10.37,5
742,163,13,2023-06-11,Pending,Online,0.0,13.54,3
743,74,6,2023-06-08,Pending,Online,0.0,23.8,2
744,31,20,2023-10-29,Processing,Online,15.0,1.46,4
745,51,11,2022-10-19,Delivered,In-Store,0.0,9.39,1
746,27,7,2023-05-06,Cancelled,Phone,0.0,12.32,5
747,198,4,2023-07-06,Pending,In-Store,5.0,13.83,1
748,248,1,2024-04-14,Processing,Online,0.0,13.85,5
749,346,4,2023-05-20,Cancelled,Phone,20.0,3.14,5
750,209,15,2022-06-21,Cancelled,Online,20.0,24.2,3
751,277,6,2023-05-18,Cancelled,In-Store,10.0,11.29,1
752,417,15,2023-08-16,Processing,Online,0.0,23.34,4
753,140,20,2023-05-29,Delivered,In-Store,20.0,15.81,5
754,431,17,2023-07-31,Pending,Online,15.0,13.35,1
755,154,3,2024-03-20,Pending,Online,15.0,13.91,3
756,450,14,2023-03-08,Cancelled,Phone,20.0,7.96,3
757,326,9,2024-07-16,Shipped,Online,15.0,24.58,3
758,108,15,2023-11-04,Pending,Phone,0.0,16.16,1
759,312,16,2022-01-09,Pending,Phone,0.0,10.33,4
760,391,13,2022-06-16,Pending,Phone,0.0,22.31,4
761,345,4,2023-12-24,Delivered,Phone,0.0,9.67,1
762,64,15,2024-01-29,Processing,In-Store,0.0,5.54,1
763,389,9,2024-01-03,Processing,Online,20.0,15.34,3
764,414,23,2023-03-29,Processing,In-Store,0.0,0.92,4
765,464,23,2023-03-05,Pending,Online,20.0,15.96,1
766,446,9,2024-10-21,Delivered,Online,10.0,4.84,5
767,345,22,2022-12-26,Pending,Phone,0.0,18.65,2
768,133,30,2023-04-12,Cancelled,Phone,20.0,6.86,1
769,497,23,2024-12-27,Cancelled,In-Store,15.0,14.0,4
770,2,14,2022-04-17,Shipped,In-Store,20.0,24.88,3
771,63,22,2024-11-27,Delivered,In-Store,0.0,12.93,1
772,453,24,2023-04-05,Pending,In-Store,5.0,13.31,3
773,3,13,2023-02-03,Shipped,Online,10.0,20.19,2
774,354,14,2022-06-02,Processing,Online,0.0,8.23,1
775,321,21,2022-07-18,Pending,In-Store,5.0,20.2,5
776,409,21,2023-11-16,Shipped,Online,0.0,11.84,3
777,427,2,2023-11-15,Cancelled,Online,0.0,19.39,5
778,225,25,2022-07-15,Delivered,Phone,0.0,2.14,1
779,470,2,2024-02-12,Shipped,Phone,0.0,19.57,1
780,471,26,2024-06-24,Pending,In-Store,10.0,15.65,1
781,53,22,2022-04-25,Cancelled,Online,0.0,21.25,4
782,50,20,2024-04-21,Processing,Phone,20.0,16.49,1
783,233,13,2024-08-08,Delivered,Phone,10.0,2.53,1
784,233,17,2023-11-04,Cancelled,Online,0.0,2.57,5
785,366,3,2023-02-01,Cancelled,Online,15.0,12.72,3
786,216,16,2024-06-29,Processing,Online,0.0,19.93,1
787,66,10,2024-06-11,Cancelled,Phone,20.0,8.94,5
788,454,18,2022-10-26,Processing,In-Store,0.0,15.08,3
789,189,1,2024-11-26,Cancelled,Phone,15.0,3.62,2
790,260,27,2022-04-22,Delivered,In-Store,0.0,24.41,2
791,403,3,2023-12-01,Processing,Phone,5.0,17.37,4
792,308,23,2023-11-10,Cancelled,Phone,0.0,15.4,4
793,169,6,2022-08-03,Delivered,Online,5.0,5.49,1
794,328,8,2023-04-17,Delivered,Phone,0.0,5.98,3
795,414,24,2024-02-09,Processing,In-Store,0.0,20.65,1
796,186,1,2022-06-01,Shipped,Online,10.0,2.88,3
797,226,7,2024-01-08,Pending,Online,0.0,4.95,2
798,113,29,2023-06-21,Processing,In-Store,20.0,13.86,2
799,101,1,2022-12-27,Shipped,Online,0.0,20.79,2
800,195,21,2022-08-16,Shipped,Online,0.0,11.41,3
801,415,12,2022-12-17,Cancelled,Phone,5.0,21.96,1
802,61,5,2022-09-25,Processing,Online,10.0,9.45,3
803,163,20,2024-05-29,Processing,Online,20.0,15.4,2
804,438,18,2023-08-26,Processing,In-Store,0.0,1.33,3
805,447,5,2024-11-06,Cancelled,In-Store,0.0,18.18,4
806,405,22,2022-05-13,Processing,Phone,5.0,18.78,5
807,192,16,2024-11-28,Delivered,Online,0.0,17.81,5
808,356,16,2024-10-10,Delivered,In-Store,10.0,10.02,5
809,333,2,2023-03-01,Processing,Online,5.0,21.58,4
810,112,10,2024-05-20,Delivered,Phone,0.0,23.39,3
811,131,18,2022-06-23,Processing,Online,0.0,11.11,3
812,118,19,2022-03-26,Delivered,Phone,10.0,8.41,4
813,240,14,2024-04-17,Shipped,In-Store,0.0,6.83,1
814,92,15,2023-04-24,Shipped,Phone,0.0,8.98,1
815,151,27,2024-10-24,Cancelled,Phone,15.0,1.95,3
816,475,8,2022-07-21,Pending,Online,0.0,0.96,2
817,171,7,2023-11-06,Shipped,In-Store,15.0,20.39,3
818,98,23,2022-10-10,Cancelled,In-Store,0.0,19.25,3
819,422,12,2024-04-07,Delivered,Phone,20.0,16.38,4
820,335,17,2022-11-02,Delivered,Online,0.0,18.08,2
821,243,8,2024-11-22,Cancelled,Phone,20.0,11.72,4
822,175,26,2022-06-25,Shipped,Online,5.0,19.25,4
823,108,15,2024-07-10,Cancelled,Online,0.0,3.47,2
824,157,24,2022-01-20,Delivered,Phone,20.0,8.87,2
825,215,14,2024-04-06,Cancelled,In-Store,0.0,14.67,5
826,403,2,2022-10-12,Processing,In-Store,10.0,15.75,5
827,468,20,2024-03-11,Delivered,Online,5.0,1.59,4
828,97,16,2022-08-11,Shipped,Phone,5.0,15.98,3
829,48,6,2022-08-02,Cancelled,Online,0.0,20.66,5
830,251,1,2023-01-18,Processing,Online,5.0,7.1,2
831,150,22,2024-12-09,Pending,In-Store,0.0,9.22,1
832,88,11,2024-04-21,Delivered,Online,0.0,3.23,4
833,245,24,2022-05-21,Delivered,Online,0.0,21.76,3
834,222,27,2024-08-30,Processing,Phone,10.0,23.48,5
835,104,17,2024-07-28,Shipped,Online,0.0,24.78,4
836,33,27,2024-03-28,Cancelled,Online,10.0,8.22,5
837,451,16,2024-07-31,Delivered,Phone,0.0,18.43,3
838,331,29,2024-07-23,Shipped,Phone,20.0,17.79,3
839,201,20,2022-12-25,Delivered,Online,0.0,22.5,4
840,235,13,2023-01-11,Cancelled,Online,5.0,17.47,1
841,123,29,2022-11-20,Shipped,Phone,10.0,7.3,1
842,358,24,2023-03-21,Delivered,In-Store,20.0,13.82,3
843,40,25,2022-08-04,Cancelled,In-Store,5.0,11.27,3
844,107,17,2022-04-02,Delivered,Online,0.0,15.97,4
845,196,11,2024-03-28,Processing,In-Store,0.0,0.27,1
846,364,30,2022-10-07,Shipped,Phone,15.0,11.61,4
847,35,3,2023-05-12,Delivered,Online,5.0,20.51,2
848,88,27,2022-02-06,Cancelled,Online,0.0,7.35,5
849,380,13,2022-12-11,Pending,Phone,20.0,0.28,3
850,79,15,2024-01-04,Processing,Online,15.0,0.86,5
851,111,15,2022-04-08,Cancelled,Phone,15.0,17.91,1
852,200,23,2023-09-24,Delivered,Online,10.0,0.12,4
853,393,7,2023-05-27,Shipped,Online,0.0,2.28,4
854,15,1,2023-11-22,Processing,Phone,15.0,1.58,1
855,409,27,2022-12-10,Processing,Online,5.0,12.81,3
856,166,18,2023-01-24,Cancelled,Online,10.0,9.88,4
857,62,8,2023-03-14,Pending,In-Store,0.0,4.34,4
858,335,11,2022-01-25,Delivered,Online,5.0,5.5,3
859,333,20,2024-01-26,Pending,Online,0.0,10.28,5
860,256,4,2022-12-18,Shipped,Online,10.0,8.11,4
861,348,30,2022-09-30,Shipped,Online,15.0,19.04,3
862,436,22,2024-09-14,Pending,In-Store,0.0,15.21,5
863,230,13,2024-11-12,Processing,Phone,10.0,17.62,1
864,120,1,2022-09-12,Shipped,Online,15.0,10.71,2
865,318,3,2022-05-03,Processing,In-Store,5.0,7.42,2
866,193,7,2022-03-19,Processing,Phone,10.0,24.71,4
867,379,29,2023-11-05,Processing,In-Store,0.0,16.09,1
868,267,26,2024-04-29,Shipped,Online,0.0,21.17,3
869,176,8,2023-02-26,Cancelled,Online,15.0,24.71,2
870,312,28,2024-02-21,Cancelled,In-Store,0.0,11.06,1
871,34,28,2024-10-03,Pending,Online,0.0,15.86,2
872,481,7,2022-09-15,Pending,Online,10.0,13.72,2
873,121,17,2022-06-10,Delivered,Phone,5.0,7.79,2
874,126,14,2022-12-28,Cancelled,Online,0.0,7.13,4
875,496,21,2023-02-17,Shipped,In-Store,0.0,23.78,3
876,204,13,2022-12-10,Delivered,In-Store,5.0,12.63,4
877,390,5,2024-09-14,Pending,In-Store,5.0,21.35,3
878,305,18,2022-11-09,Cancelled,Phone,0.0,6.43,4
879,157,15,2023-08-04,Delivered,Phone,10.0,12.02,3
880,70,23,2024-08-19,Processing,Online,0.0,0.1,5
881,374,24,2024-02-06,Delivered,In-Store,5.0,23.51,3
882,197,16,2023-09-23,Cancelled,Online,5.0,22.12,1
883,198,30,2022-11-29,Processing,In-Store,0.0,19.28,3
884,261,23,2024-09-27,Shipped,Phone,0.0,16.27,4
885,377,8,2023-05-12,Delivered,Online,20.0,9.04,1
886,358,22,2022-10-30,Shipped,Phone,5.0,23.61,2
887,131,8,2022-11-27,Pending,Online,20.0,2.31,4
888,204,23,2022-06-14,Cancelled,Online,5.0,4.15,4
889,130,23,2023-09-11,Cancelled,Phone,15.0,22.17,5
890,158,24,2024-04-22,Pending,Online,15.0,14.32,3
891,417,5,2023-07-05,Processing,Phone,5.0,17.48,1
892,87,27,2024-10-04,Pending,Online,0.0,19.34,4
893,269,14,2023-08-14,Delivered,Online,0.0,9.37,2
894,102,16,2023-01-08,Cancelled,Online,5.0,14.18,2
895,96,7,2022-05-01,Processing,Online,0.0,24.57,4
896,226,21,2022-08-12,Processing,Online,0.0,2.14,1
897,142,3,2023-12-02,Pending,Phone,0.0,11.95,1
898,5,2,2023-06-29,Pending,Phone,10.0,19.73,1
899,50,7,2024-12-05,Pending,In-Store,10.0,13.0,3
900,478,16,2024-08-27,Shipped,Phone,5.0,8.41,3
901,162,27,2023-05-06,Shipped,Phone,5.0,9.46,1
902,500,12,2023-11-08,Pending,Online,5.0,21.76,4
903,372,27,2022-10-12,Pending,Phone,0.0,21.73,3
904,487,23,2023-05-25,Shipped,In-Store,10.0,17.15,4
905,264,14,2023-01-20,Pending,Phone,20.0,8.05,3
906,448,2,2023-10-29,Delivered,Online,10.0,12.11,5
907,407,3,2023-12-15,Delivered,In-Store,15.0,21.43,1
908,376,13,2023-08-25,Cancelled,Online,15.0,3.58,5
909,449,19,2024-10-30,Pending,Online,5.0,19.92,3
910,427,22,2024-08-14,Processing,In-Store,0.0,12.05,5
911,124,8,2023-03-10,Processing,Phone,15.0,2.24,4
912,367,1,2022-11-25,Shipped,In-Store,20.0,7.01,3
913,341,16,2022-09-10,Processing,Phone,15.0,18.14,1
914,408,23,2023-11-13,Processing,Phone,20.0,23.1,1
915,330,11,2024-02-12,Delivered,Phone,15.0,19.63,4
916,414,8,2023-04-03,Shipped,Online,0.0,2.19,1
917,175,24,2023-01-21,Pending,Phone,0.0,3.19,3
918,489,13,2022-01-04,Shipped,Online,10.0,13.39,4
919,217,11,2024-01-18,Processing,Phone,15.0,15.04,2
920,55,13,2022-01-19,Cancelled,In-Store,0.0,3.62,3
921,429,8,2024-10-20,Delivered,Online,10.0,7.08,1
922,307,11,2023-09-25,Cancelled,Phone,0.0,6.84,5
923,245,21,2023-03-18,Delivered,In-Store,15.0,24.16,1
924,415,11,2022-11-09,Processing,Phone,20.0,5.63,1
925,473,28,2023-01-02,Delivered,Phone,5.0,7.48,2
926,12,18,2024-03-14,Shipped,In-Store,15.0,11.84,3
927,388,13,2024-03-11,Pending,Phone,15.0,7.08,2
928,359,28,2024-03-17,Pending,Online,0.0,18.81,5
929,444,26,2022-04-21,Shipped,In-Store,15.0,4.09,2
930,227,23,2024-09-15,Shipped,Online,0.0,5.45,2
931,377,21,2022-01-19,Shipped,Phone,20.0,14.39,2
932,193,14,2022-12-11,Pending,Online,0.0,24.35,2
933,484,2,2022-08-29,Cancelled,Phone,0.0,14.83,2
934,322,24,2024-04-07,Processing,Online,0.0,6.02,4
935,155,23,2022-12-20,Delivered,Phone,20.0,16.77,1
936,399,15,2024-02-22,Shipped,Phone,15.0,11.13,1
937,62,4,2022-06-19,Pending,In-Store,15.0,16.72,5
938,116,1,2024-09-09,Shipped,Phone,15.0,2.36,5
939,93,13,2024-09-18,Delivered,In-Store,10.0,3.13,3
940,33,23,2023-01-14,Delivered,Phone,0.0,9.84,5
941,402,26,2024-12-21,Delivered,Online,10.0,20.93,5
942,366,27,2022-09-12,Processing,Phone,0.0,4.52,5
943,356,6,2022-01-11,Cancelled,In-Store,20.0,7.86,1
944,66,19,2023-02-27,Processing,Online,10.0,6.42,1
945,44,4,2024-11-02,Shipped,In-Store,10.0,4.29,1
946,128,10,2022-04-05,Cancelled,In-Store,15.0,13.35,2
947,296,16,2023-10-03,Cancelled,In-Store,10.0,13.46,2
948,353,4,2022-04-02,Processing,Online,0.0,3.54,2
949,491,5,2023-03-19,Cancelled,In-Store,0.0,3.21,5
950,217,3,2023-06-07,Shipped,In-Store,15.0,22.59,4
951,234,3,2023-06-05,Delivered,Phone,0.0,13.4,1
952,323,24,2023-07-06,Processing,Phone,0.0,14.09,5
953,310,6,2024-05-09,Processing,In-Store,20.0,10.84,1
954,494,20,2023-05-22,Pending,In-Store,0.0,13.29,5
955,209,3,2023-11-06,Pending,In-Store,0.0,19.45,2
956,445,26,2023-04-08,Shipped,Online,0.0,9.43,2
957,194,4,2022-09-10,Processing,Phone,15.0,21.89,5
958,421,26,2024-09-29,Pending,Phone,0.0,17.51,3
959,283,9,2022-07-22,Pending,Online,0.0,23.66,4
960,93,12,2024-12-24,Cancelled,Phone,20.0,10.07,5
961,66,9,2022-01-20,Cancelled,Phone,0.0,16.44,2
962,194,19,2023-07-02,Pending,Phone,15.0,24.36,2
963,348,20,2024-05-06,Delivered,Online,5.0,24.66,4
964,258,10,2023-07-19,Delivered,Phone,15.0,22.03,2
965,157,21,2022-06-28,Shipped,In-Store,20.0,7.82,1
966,325,3,2022-06-07,Processing,Online,0.0,14.38,1
967,381,10,2024-10-06,Pending,In-Store,15.0,12.72,2
968,246,16,2024-11-20,Cancelled,Phone,0.0,10.14,5
969,98,30,2022-01-15,Delivered,Phone,10.0,18.74,2
970,379,22,2024-12-17,Cancelled,Online,10.0,11.22,2
971,346,30,2024-12-08,Processing,Online,0.0,9.18,2
972,264,12,2022-04-15,Delivered,In-Store,5.0,4.26,1
973,174,30,2023-05-27,Cancelled,Online,0.0,7.48,3
974,136,7,2022-01-05,Cancelled,In-Store,0.0,23.08,5
975,423,29,2022-03-14,Delivered,Phone,20.0,12.21,3
976,4,20,2024-07-31,Shipped,In-Store,0.0,2.68,3
977,456,24,2023-01-17,Delivered,In-Store,0.0,2.53,4
978,102,3,2024-12-19,Cancelled,Online,5.0,3.1,4
979,4,5,2023-05-28,Processing,In-Store,5.0,9.36,3
980,220,29,2023-01-09,Cancelled,In-Store,0.0,24.73,4
981,83,5,2023-12-26,Delivered,Online,0.0,22.09,2
982,57,7,2023-08-07,Pending,Online,5.0,10.53,3
983,462,2,2022-11-25,Processing,In-Store,15.0,24.57,1
984,216,16,2024-10-11,Processing,In-Store,20.0,19.11,4
985,257,24,2024-03-07,Processing,Online,0.0,19.82,2
986,80,12,2024-10-21,Pending,Phone,0.0,1.3,3
987,220,20,2022-01-17,Delivered,In-Store,0.0,7.06,1
988,390,14,2023-05-23,Cancelled,Online,15.0,12.78,2
989,144,25,2022-08-24,Shipped,Phone,0.0,16.66,4
990,102,16,2022-07-31,Cancelled,Phone,0.0,4.72,5
991,323,21,2022-11-01,Processing,Online,0.0,10.03,3
992,99,30,2022-10-27,Delivered,Online,10.0,4.99,1
993,195,14,2024-12-11,Shipped,Phone,15.0,24.5,2
994,173,14,2024-09-08,Pending,Phone,5.0,16.1,3
995,57,9,2024-01-15,Shipped,In-Store,15.0,10.45,3
996,459,2,2023-01-08,Pending,Online,0.0,16.51,3
997,109,10,2024-08-24,Shipped,Phone,0.0,10.77,3
998,486,16,2024-01-15,Shipped,In-Store,0.0,2.42,1
999,350,18,2022-09-24,Shipped,In-Store,15.0,20.25,5
1000,271,20,2024-02-01,Processing,Phone,0.0,5.25,4
1001,45,29,2022-08-06,Processing,Phone,15.0,15.05,1
1002,301,30,2023-01-26,Processing,Phone,5.0,23.14,1
1003,483,18,2023-12-04,Shipped,Phone,5.0,24.74,2
1004,274,24,2022-11-11,Pending,Online,0.0,10.46,3
1005,457,29,2023-12-13,Shipped,In-Store,15.0,17.93,4
1006,35,16,2024-05-08,Cancelled,Phone,20.0,0.55,5
1007,141,23,2022-09-22,Shipped,Online,10.0,1.52,2
1008,380,27,2024-03-25,Delivered,Phone,10.0,21.76,1
1009,85,15,2024-11-09,Delivered,Phone,20.0,9.76,5
1010,140,7,2023-01-12,Pending,Online,10.0,5.45,1
1011,451,30,2024-11-16,Delivered,Phone,15.0,18.01,3
1012,156,28,2023-03-28,Shipped,Phone,0.0,13.8,2
1013,115,2,2024-12-28,Processing,In-Store,0.0,15.99,3
1014,475,5,2023-07-08,Pending,Phone,0.0,24.74,2
1015,274,4,2022-01-03,Shipped,Phone,10.0,24.31,3
1016,43,23,2023-06-25,Processing,In-Store,10.0,7.37,1
1017,321,27,2022-01-22,Shipped,Online,15.0,24.13,2
1018,132,1,2022-08-06,Delivered,Phone,0.0,21.75,5
1019,283,7,2024-06-24,Processing,In-Store,0.0,5.1,4
1020,80,15,2023-04-20,Delivered,In-Store,0.0,22.55,1
1021,254,6,2024-07-29,Processing,Online,0.0,14.24,2
1022,332,10,2022-02-13,Shipped,Online,0.0,20.44,5
1023,97,3,2022-10-21,Pending,In-Store,0.0,11.38,4
1024,52,24,2024-12-14,Processing,Phone,20.0,20.2,5
1025,52,13,2024-02-26,Pending,Online,20.0,0.34,1
1026,68,8,2022-06-21,Shipped,Online,15.0,14.99,1
1027,491,26,2022-08-06,Cancelled,Phone,20.0,8.46,1
1028,104,5,2024-09-10,Cancelled,In-Store,20.0,4.08,3
1029,246,5,2023-05-15,Pending,Phone,15.0,6.69,5
1030,64,1,2022-04-02,Pending,Phone,0.0,2.56,4
1031,73,1,2023-04-05,Pending,Online,5.0,9.63,3
1032,336,10,2023-04-08,Delivered,Phone,15.0,20.57,1
1033,252,6,2022-08-14,Processing,Online,0.0,8.93,5
1034,171,4,2024-01-09,Pending,Online,10.0,3.78,4
1035,272,11,2023-01-07,Delivered,Online,15.0,17.18,5
1036,419,10,2023-12-15,Pending,In-Store,5.0,16.54,3
1037,416,30,2022-06-06,Pending,Online,20.0,16.4,3
1038,76,13,2024-07-03,Delivered,Online,0.0,14.45,3
1039,75,3,2023-10-24,Processing,Online,20.0,9.63,3
1040,254,14,2024-09-12,Delivered,Phone,20.0,15.92,2
1041,411,21,2023-05-19,Delivered,In-Store,10.0,12.43,5
1042,253,18,2023-04-17,Delivered,Online,10.0,17.87,5
1043,296,25,2023-03-26,Pending,Online,0.0,0.07,1
1044,186,18,2024-08-28,Processing,Online,0.0,22.78,3
1045,435,28,2022-10-13,Shipped,In-Store,0.0,20.88,5
1046,498,30,2024-05-12,Processing,Online,20.0,5.61,2
1047,61,23,2022-10-21,Delivered,Phone,0.0,17.4,4
1048,191,2,2022-08-06,Cancelled,Online,5.0,20.94,2
1049,16,5,2024-01-19,Processing,Online,0.0,1.93,5
1050,426,27,2024-05-02,Processing,Online,5.0,18.59,5
1051,358,10,2024-08-20,Delivered,Phone,0.0,11.1,1
1052,147,4,2022-11-16,Pending,Phone,0.0,15.1,2
1053,258,6,2022-01-23,Delivered,In-Store,15.0,23.71,4
1054,284,23,2023-06-13,Cancelled,Phone,0.0,17.73,4
1055,477,6,2023-07-11,Pending,Phone,5.0,24.45,2
1056,381,7,2024-03-31,Cancelled,Online,0.0,9.81,5
1057,310,27,2022-06-08,Delivered,In-Store,0.0,16.32,4
1058,424,13,2022-12-04,Pending,In-Store,15.0,10.61,3
1059,56,4,2022-06-09,Shipped,Phone,20.0,21.17,1
1060,123,10,2022-11-30,Cancelled,Online,0.0,5.3,1
1061,388,30,2023-09-26,Processing,Phone,0.0,15.96,1
1062,124,9,2022-06-24,Cancelled,Phone,0.0,14.09,4
1063,24,2,2023-10-07,Pending,In-Store,0.0,24.51,3
1064,491,13,2024-10-21,Processing,In-Store,20.0,9.77,3
1065,499,5,2022-07-19,Shipped,In-Store,15.0,12.59,5
1066,414,25,2022-11-04,Pending,Phone,20.0,9.55,5
1067,445,28,2022-03-18,Shipped,Online,0.0,17.06,1
1068,454,21,2022-07-11,Processing,Online,20.0,17.04,2
1069,394,23,2022-11-26,Cancelled,Phone,15.0,15.22,5
1070,477,25,2023-12-01,Delivered,Online,0.0,7.27,5
1071,439,14,2022-03-23,Delivered,Online,0.0,24.93,5
1072,39,5,2024-10-15,Pending,Online,0.0,19.16,3
1073,281,28,2022-06-28,Delivered,Online,5.0,7.84,3
1074,83,3,2023-07-28,Cancelled,In-Store,0.0,2.23,2
1075,364,25,2024-08-01,Shipped,In-Store,0.0,19.08,4
1076,333,30,2022-10-15,Pending,Phone,5.0,0.99,3
1077,206,14,2022-09-22,Delivered,In-Store,10.0,21.12,3
1078,192,3,2024-04-26,Cancelled,In-Store,0.0,21.94,1
1079,318,21,2022-04-27,Processing,Phone,20.0,14.02,2
1080,437,4,2023-08-19,Delivered,Online,10.0,9.98,1
1081,115,13,2024-08-04,Pending,In-Store,5.0,11.71,5
1082,461,27,2024-08-10,Pending,Online,0.0,18.29,4
1083,394,14,2023-02-13,Delivered,In-Store,0.0,7.93,5
1084,249,7,2024-09-02,Pending,In-Store,5.0,0.96,2
1085,486,16,2022-10-26,Processing,In-Store,10.0,0.78,5
1086,397,13,2022-05-08,Shipped,In-Store,5.0,5.34,2
1087,445,1,2024-05-16,Shipped,In-Store,15.0,4.4,2
1088,36,9,2024-04-09,Pending,In-Store,20.0,17.81,4
1089,269,7,2023-06-16,Processing,Online,0.0,22.37,4
1090,176,25,2023-09-01,Processing,Online,0.0,23.55,4
1091,244,18,2022-11-26,Delivered,In-Store,15.0,14.26,1
1092,288,26,2023-02-11,Pending,Phone,15.0,14.46,2
1093,166,22,2023-10-11,Pending,Online,5.0,23.35,4
1094,443,11,2022-08-21,Delivered,In-Store,10.0,18.06,4
1095,483,27,2022-09-15,Delivered,Phone,10.0,2.44,2
1096,382,7,2024-05-10,Cancelled,Online,10.0,9.44,3
1097,108,7,2022-01-30,Shipped,In-Store,0.0,7.55,3
1098,258,27,2022-09-13,Delivered,Phone,5.0,10.35,3
1099,181,27,2024-05-22,Cancelled,In-Store,0.0,23.16,4
1100,220,12,2022-12-29,Cancelled,Phone,0.0,13.57,4
1101,146,28,2024-06-14,Shipped,Phone,10.0,23.45,1
1102,45,26,2022-08-01,Pending,Phone,0.0,15.41,4
1103,54,16,2022-07-24,Delivered,Phone,10.0,20.15,3
1104,437,14,2023-03-10,Processing,In-Store,10.0,9.53,2
1105,439,16,2022-09-12,Shipped,In-Store,5.0,22.7,4
1106,4,12,2023-04-04,Cancelled,In-Store,0.0,21.99,3
1107,158,27,2024-04-29,Processing,Online,5.0,0.82,1
1108,79,26,2024-02-06,Cancelled,Phone,10.0,7.94,2
1109,492,19,2024-05-30,Processing,Phone,5.0,4.82,4
1110,425,2,2024-05-28,Processing,Phone,5.0,24.43,2
1111,207,29,2023-10-14,Cancelled,Online,5.0,5.77,2
1112,259,4,2024-03-13,Shipped,Phone,0.0,23.72,2
1113,48,3,2022-02-22,Delivered,Online,15.0,19.25,2
1114,15,20,2022-06-11,Cancelled,In-Store,0.0,18.56,2
1115,233,21,2024-01-04,Processing,Online,15.0,22.45,3
1116,100,18,2023-05-18,Delivered,In-Store,15.0,1.29,1
1117,479,5,2022-02-17,Cancelled,Online,0.0,11.48,5
1118,63,4,2022-10-18,Shipped,In-Store,0.0,2.32,4
1119,433,12,2023-03-02,Delivered,Online,5.0,19.89,4
1120,38,16,2022-06-06,Processing,Phone,5.0,9.38,3
1121,325,30,2024-07-12,Processing,Online,0.0,0.25,2
1122,338,19,2022-03-06,Pending,In-Store,0.0,12.1,5
1123,308,18,2022-01-11,Processing,Phone,15.0,6.36,1
1124,99,20,2022-03-02,Cancelled,Online,10.0,12.79,2
1125,111,28,2024-01-18,Pending,Online,0.0,8.19,2
1126,43,24,2022-09-17,Shipped,In-Store,5.0,4.98,1
1127,179,23,2023-08-26,Delivered,Phone,20.0,12.4,5
1128,485,13,2023-01-31,Shipped,Online,0.0,17.18,3
1129,493,13,2022-07-30,Cancelled,Phone,0.0,4.14,2
1130,489,24,2024-09-26,Delivered,In-Store,5.0,14.91,3
1131,418,11,2022-08-09,Cancelled,In-Store,5.0,4.99,3
1132,192,29,2022-05-12,Delivered,Online,0.0,23.95,3
1133,301,14,2023-08-25,Cancelled,Phone,10.0,8.81,1
1134,59,6,2023-10-23,Delivered,Online,0.0,6.13,2
1135,337,12,2024-02-01,Processing,In-Store,0.0,0.24,1
1136,368,11,2023-03-14,Delivered,Phone,20.0,8.04,2
1137,288,3,2024-02-29,Shipped,Phone,0.0,13.18,1
1138,288,9,2022-06-03,Cancelled,Phone,5.0,17.05,4
1139,163,27,2023-10-18,Processing,Online,0.0,20.07,4
1140,24,9,2024-05-12,Pending,Online,5.0,4.28,3
1141,303,13,2023-04-30,Cancelled,Online,0.0,0.45,5
1142,3,30,2024-08-03,Shipped,Online,20.0,24.17,1
1143,459,18,2024-12-16,Pending,In-Store,15.0,0.41,4
1144,49,27,2024-04-30,Shipped,In-Store,0.0,18.84,4
1145,41,18,2023-10-04,Delivered,Phone,0.0,9.83,4
1146,253,28,2022-09-06,Shipped,Phone,0.0,0.73,1
1147,423,1,2022-10-12,Pending,In-Store,20.0,17.19,4
1148,116,6,2022-06-30,Processing,Phone,20.0,9.22,5
1149,3,30,2022-04-18,Shipped,Online,0.0,1.2,3
1150,39,9,2023-11-06,Cancelled,In-Store,0.0,17.47,2
1151,299,15,2022-09-03,Processing,In-Store,20.0,3.7,5
1152,455,28,2024-04-26,Delivered,Phone,0.0,13.04,2
1153,296,16,2024-09-30,Shipped,In-Store,20.0,18.27,2
1154,48,9,2023-08-30,Pending,In-Store,10.0,20.89,2
1155,338,21,2023-02-26,Pending,Online,5.0,1.51,1
1156,344,7,2024-08-16,Delivered,Online,5.0,2.61,2
1157,417,19,2024-12-16,Cancelled,In-Store,20.0,23.61,4
1158,336,5,2024-10-30,Pending,Online,0.0,22.92,4
1159,500,15,2024-11-17,Processing,In-Store,0.0,1.72,4
1160,85,22,2023-09-22,Cancelled,Phone,0.0,3.68,1
1161,382,4,2023-05-08,Pending,In-Store,0.0,6.67,4
1162,339,17,2024-07-16,Shipped,In-Store,0.0,23.17,1
1163,182,14,2023-03-11,Processing,In-Store,10.0,10.77,3
1164,28,15,2023-07-13,Shipped,Online,0.0,16.22,4
1165,100,10,2023-01-23,Delivered,Online,10.0,6.9,5
1166,253,17,2024-06-06,Pending,Phone,0.0,16.16,1
1167,113,4,2022-04-19,Pending,Phone,0.0,5.97,5
1168,52,9,2023-04-09,Cancelled,Phone,15.0,10.11,4
1169,52,8,2023-07-04,Delivered,Online,0.0,19.64,3
1170,327,10,2023-08-13,Pending,Online,0.0,12.58,5
1171,245,24,2023-09-18,Processing,Online,0.0,17.04,2
1172,96,11,2024-07-21,Processing,Online,15.0,11.87,3
1173,11,6,2023-06-25,Pending,Online,15.0,19.01,1
1174,305,12,2024-08-28,Cancelled,Online,5.0,21.83,4
1175,57,2,2022-02-05,Cancelled,Phone,0.0,20.88,5
1176,258,6,2022-10-28,Pending,Online,0.0,20.1,3
1177,232,16,2023-12-20,Cancelled,In-Store,15.0,12.16,3
1178,235,1,2023-12-24,Shipped,Phone,0.0,22.28,5
1179,248,4,2023-07-07,Cancelled,Phone,15.0,0.52,4
1180,439,8,2022-10-18,Shipped,In-Store,0.0,6.11,4
1181,185,7,2022-07-02,Processing,In-Store,15.0,2.7,3
1182,450,21,2024-07-09,Cancelled,Online,0.0,22.76,3
1183,455,11,2024-03-11,Cancelled,In-Store,0.0,7.73,1
1184,297,17,2023-12-05,Cancelled,Online,5.0,19.88,5
1185,496,26,2023-12-12,Shipped,Online,0.0,12.47,2
1186,239,22,2022-11-04,Cancelled,In-Store,10.0,13.95,2
1187,156,16,2023-08-14,Pending,In-Store,0.0,11.35,2
1188,145,27,2022-09-10,Pending,In-Store,0.0,0.13,3
1189,339,27,2022-01-02,Pending,In-Store,0.0,8.76,3
1190,403,28,2024-10-25,Cancelled,Online,0.0,17.83,2
1191,376,7,2024-06-03,Cancelled,Online,0.0,5.47,4
1192,478,12,2023-05-25,Delivered,In-Store,5.0,24.17,1
1193,458,9,2023-09-11,Cancelled,In-Store,0.0,14.1,3
1194,412,19,2022-10-13,Processing,In-Store,0.0,10.41,2
1195,155,10,2022-06-25,Shipped,Phone,15.0,11.53,2
1196,193,26,2024-06-13,Pending,Online,10.0,11.05,3
1197,258,30,2024-01-03,Delivered,In-Store,5.0,11.66,4
1198,237,1,2022-02-24,Delivered,Online,20.0,3.51,3
1199,403,8,2024-11-14,Shipped,Online,10.0,13.58,5
1200,450,10,2022-04-20,Delivered,Online,5.0,16.75,4
1201,414,25,2024-11-26,Delivered,Online,0.0,1.37,1
1202,171,20,2022-07-19,Shipped,Phone,5.0,17.26,1
1203,63,24,2024-11-12,Pending,Phone,0.0,12.91,5
1204,380,16,2022-10-07,Processing,Phone,15.0,21.31,3
1205,322,10,2022-01-14,Delivered,Phone,15.0,5.02,1
1206,1,5,2022-09-05,Cancelled,Online,0.0,5.11,4
1207,13,27,2024-11-01,Delivered,In-Store,0.0,23.15,3
1208,208,16,2023-01-12,Processing,Phone,0.0,20.54,4
1209,440,22,2022-09-10,Delivered,Online,15.0,0.54,2
1210,420,24,2023-05-08,Processing,Phone,15.0,17.49,2
1211,244,16,2023-08-17,Shipped,Phone,0.0,23.98,4
1212,189,22,2023-07-18,Delivered,In-Store,15.0,20.0,4
1213,214,27,2024-05-20,Processing,Online,0.0,11.43,5
1214,200,1,2023-09-13,Pending,Phone,15.0,22.33,5
1215,228,2,2023-12-28,Processing,In-Store,15.0,11.46,1
1216,82,12,2024-10-22,Cancelled,Online,0.0,22.56,5
1217,200,17,2022-05-09,Processing,Phone,0.0,8.8,5
1218,174,15,2022-10-14,Shipped,Phone,0.0,23.09,1
1219,470,27,2024-09-17,Delivered,In-Store,10.0,16.47,5
1220,363,30,2024-11-04,Cancelled,In-Store,0.0,17.44,5
1221,490,19,2023-12-14,Cancelled,Phone,20.0,10.09,1
1222,16,28,2022-11-22,Processing,Online,15.0,2.66,4
1223,166,25,2023-04-20,Processing,Online,0.0,18.2,4
1224,387,14,2022-05-12,Pending,Phone,0.0,2.86,1
1225,227,25,2024-02-06,Cancelled,Phone,20.0,0.74,2
1226,165,4,2024-07-09,Delivered,Online,15.0,14.34,2
1227,101,9,2024-10-02,Delivered,Phone,0.0,5.64,2
1228,223,27,2024-12-18,Processing,Online,10.0,0.61,1
1229,105,2,2022-10-15,Pending,In-Store,20.0,10.2,5
1230,443,3,2023-11-29,Processing,Phone,15.0,23.94,5
1231,255,7,2023-03-01,Cancelled,In-Store,10.0,8.8,5
1232,461,18,2022-10-10,Pending,In-Store,5.0,15.64,1
1233,292,3,2022-09-18,Cancelled,In-Store,0.0,2.95,2
1234,27,20,2023-11-09,Pending,Online,20.0,23.52,3
1235,200,23,2024-01-03,Pending,Online,0.0,1.87,5
1236,124,28,2024-11-26,Cancelled,Phone,0.0,9.98,1
1237,280,23,2022-08-16,Cancelled,In-Store,0.0,16.33,1
1238,174,14,2023-06-19,Processing,In-Store,20.0,1.48,2
1239,281,27,2023-11-07,Pending,Online,5.0,1.82,5
1240,464,20,2022-03-14,Shipped,Online,5.0,14.95,5
1241,476,3,2024-09-07,Processing,In-Store,15.0,1.04,1
1242,255,17,2023-04-07,Shipped,In-Store,5.0,7.59,2
1243,11,30,2022-04-24,Pending,Online,10.0,15.2,4
1244,350,22,2022-02-07,Cancelled,In-Store,0.0,9.68,4
1245,357,5,2024-05-30,Delivered,Phone,0.0,2.89,1
1246,460,20,2024-01-24,Shipped,Online,0.0,10.91,1
1247,122,8,2022-07-08,Cancelled,Online,0.0,10.33,5
1248,291,2,2022-01-31,Processing,Online,0.0,1.42,4
1249,93,10,2022-03-31,Shipped,In-Store,10.0,16.38,2
1250,150,5,2024-03-25,Delivered,Phone,0.0,16.41,1
1251,129,18,2023-02-26,Delivered,Phone,15.0,20.34,2
1252,228,23,2023-09-12,Shipped,Phone,0.0,21.72,2
1253,270,29,2023-07-02,Shipped,Phone,10.0,12.59,1
1254,178,29,2024-04-21,Cancelled,In-Store,0.0,1.96,2
1255,431,17,2023-04-18,Shipped,Phone,10.0,5.27,3
1256,372,27,2022-10-18,Pending,Online,15.0,11.01,4
1257,488,4,2022-02-13,Delivered,Online,0.0,6.95,4
1258,154,27,2022-06-23,Pending,In-Store,20.0,15.24,4
1259,10,28,2024-02-23,Delivered,In-Store,0.0,5.61,4
1260,95,22,2024-06-01,Cancelled,Online,15.0,7.63,5
1261,391,12,2022-02-23,Cancelled,In-Store,20.0,22.69,5
1262,111,25,2022-02-26,Shipped,Phone,20.0,15.54,4
1263,401,24,2022-04-27,Pending,Phone,5.0,23.81,3
1264,440,18,2024-08-07,Delivered,Phone,15.0,14.21,5
1265,134,6,2024-02-20,Delivered,Phone,0.0,3.3,1
1266,144,26,2023-07-16,Pending,Online,20.0,13.57,3
1267,293,13,2022-03-21,Cancelled,In-Store,0.0,6.72,3
1268,401,21,2022-01-26,Pending,In-Store,10.0,16.52,3
1269,434,6,2024-06-27,Delivered,Online,5.0,0.22,1
1270,495,12,2024-09-10,Cancelled,Online,5.0,1.46,1
1271,142,29,2023-10-06,Pending,In-Store,0.0,6.45,3
1272,133,28,2024-10-10,Processing,Online,15.0,4.36,5
1273,336,2,2023-04-22,Pending,Phone,0.0,4.61,5
1274,441,15,2023-10-12,Pending,Phone,15.0,5.7,3
1275,500,9,2022-02-03,Shipped,Phone,15.0,1.12,2
1276,180,4,2022-06-08,Cancelled,In-Store,0.0,12.78,2
1277,105,11,2024-01-31,Delivered,Online,15.0,10.66,3
1278,74,1,2023-10-31,Cancelled,In-Store,0.0,24.38,3
1279,241,10,2022-03-05,Processing,In-Store,0.0,7.27,2
1280,467,19,2022-02-22,Pending,Phone,0.0,20.2,5
1281,367,25,2024-11-06,Cancelled,Phone,0.0,23.5,4
1282,426,19,2022-03-08,Processing,In-Store,20.0,24.95,1
1283,490,3,2023-04-05,Cancelled,Phone,10.0,15.76,4
1284,276,24,2022-09-06,Cancelled,Online,10.0,11.81,5
1285,267,15,2023-10-12,Shipped,Online,20.0,14.38,2
1286,169,8,2024-01-12,Processing,In-Store,0.0,18.7,1
1287,355,8,2024-06-30,Delivered,In-Store,0.0,8.8,5
1288,40,30,2024-01-12,Delivered,Phone,0.0,11.22,4
1289,118,19,2022-09-14,Cancelled,Online,20.0,22.73,5
1290,341,5,2023-06-18,Shipped,In-Store,0.0,2.95,4
1291,216,17,2022-10-31,Cancelled,In-Store,15.0,22.04,2
1292,461,6,2024-07-18,Pending,Online,0.0,10.47,5
1293,365,30,2024-08-20,Pending,Online,20.0,0.85,4
1294,13,23,2022-12-08,Pending,Online,10.0,21.67,4
1295,463,14,2023-12-27,Processing,In-Store,15.0,13.92,3
1296,61,11,2023-11-21,Cancelled,Phone,10.0,2.69,1
1297,38,24,2023-12-28,Delivered,In-Store,15.0,11.24,4
1298,149,25,2024-09-04,Processing,Phone,0.0,18.09,5
1299,470,27,2024-11-09,Pending,Online,0.0,14.84,3
1300,346,21,2024-07-17,Delivered,In-Store,5.0,4.42,5
1301,144,25,2022-07-18,Processing,In-Store,5.0,8.53,5
1302,266,29,2024-12-11,Cancelled,Phone,20.0,23.2,3
1303,166,13,2023-10-15,Processing,Online,0.0,20.35,2
1304,221,17,2023-07-24,Cancelled,Phone,0.0,2.49,3
1305,85,4,2023-08-13,Shipped,In-Store,5.0,5.59,2
1306,148,30,2023-06-16,Cancelled,Online,0.0,16.66,2
1307,50,7,2024-11-07,Processing,Online,10.0,22.56,5
1308,276,26,2023-02-04,Pending,In-Store,20.0,20.56,3
1309,105,10,2024-05-23,Delivered,Phone,0.0,20.78,3
1310,471,4,2022-09-03,Delivered,In-Store,5.0,6.58,2
1311,143,24,2022-08-27,Shipped,Online,15.0,19.83,1
1312,168,6,2024-11-04,Shipped,In-Store,5.0,15.77,5
1313,345,25,2022-06-01,Shipped,Online,5.0,2.51,5
1314,163,7,2022-03-14,Pending,Online,0.0,14.66,2
1315,345,7,2023-06-28,Delivered,Online,5.0,20.35,4
1316,145,5,2023-02-11,Pending,Phone,20.0,18.08,2
1317,2,14,2022-05-18,Delivered,Phone,10.0,5.21,2
1318,20,14,2023-06-23,Cancelled,In-Store,15.0,14.6,3
1319,248,17,2023-01-04,Shipped,Online,0.0,16.7,4
1320,408,21,2024-03-14,Cancelled,In-Store,10.0,12.02,1
1321,113,4,2023-08-12,Delivered,In-Store,0.0,6.18,4
1322,60,6,2024-08-09,Shipped,Phone,0.0,8.69,4
1323,361,5,2024-09-17,Delivered,Phone,5.0,17.18,1
1324,149,9,2024-11-05,Processing,In-Store,0.0,14.06,3
1325,134,22,2023-10-13,Delivered,In-Store,20.0,11.05,4
1326,134,30,2022-04-22,Shipped,In-Store,15.0,5.47,1
1327,158,15,2024-04-19,Processing,Phone,0.0,13.4,1
1328,486,20,2023-11-07,Processing,Phone,10.0,0.5,1
1329,411,13,2022-07-04,Shipped,In-Store,20.0,19.15,1
1330,336,2,2024-11-28,Processing,In-Store,10.0,4.96,2
1331,430,18,2024-03-21,Processing,In-Store,20.0,4.04,3
1332,170,14,2023-03-18,Cancelled,Phone,0.0,23.5,1
1333,433,1,2024-12-14,Pending,Phone,5.0,19.78,1
1334,81,10,2023-09-10,Pending,Online,15.0,19.31,2
1335,18,9,2022-09-11,Delivered,Phone,5.0,3.28,3
1336,442,3,2022-06-06,Pending,Phone,15.0,17.59,4
1337,11,1,2022-11-07,Pending,Phone,10.0,19.82,2
1338,426,20,2023-10-02,Shipped,In-Store,10.0,18.59,3
1339,141,15,2023-02-20,Pending,In-Store,15.0,14.41,4
1340,150,14,2022-07-10,Processing,In-Store,10.0,6.96,3
1341,465,23,2024-12-28,Cancelled,Online,5.0,0.43,4
1342,373,13,2024-02-03,Cancelled,Phone,0.0,11.31,5
1343,500,1,2024-03-24,Processing,In-Store,0.0,11.92,1
1344,330,10,2023-11-12,Processing,Phone,0.0,2.38,2
1345,107,28,2024-09-30,Cancelled,Online,0.0,3.53,5
1346,430,16,2024-12-07,Cancelled,Online,0.0,19.19,3
1347,211,10,2023-11-23,Processing,Online,0.0,17.22,5
1348,209,28,2022-01-12,Shipped,Phone,0.0,18.88,4
1349,280,16,2023-10-04,Processing,In-Store,5.0,17.72,5
1350,285,28,2022-06-16,Pending,In-Store,15.0,1.94,2
1351,388,1,2022-11-28,Cancelled,Phone,0.0,4.15,4
1352,446,4,2022-03-21,Delivered,In-Store,0.0,15.65,5
1353,250,5,2024-05-06,Delivered,Online,0.0,2.94,3
1354,369,30,2023-07-10,Cancelled,In-Store,10.0,22.24,5
1355,333,6,2022-10-17,Shipped,Phone,15.0,5.11,5
1356,488,23,2024-01-31,Cancelled,Phone,0.0,11.8,2
1357,480,11,2022-10-05,Processing,Phone,15.0,20.74,1
1358,163,14,2023-01-03,Processing,In-Store,0.0,24.83,1
1359,160,23,2023-01-20,Processing,Phone,0.0,13.44,3
1360,49,2,2024-08-17,Cancelled,Online,0.0,8.76,5
1361,453,8,2023-12-08,Pending,Online,0.0,7.1,4
1362,300,24,2023-09-19,Shipped,Phone,20.0,10.08,3
1363,288,18,2023-02-19,Pending,Phone,0.0,2.57,2
1364,144,6,2023-06-23,Cancelled,Online,0.0,19.92,5
1365,331,25,2024-02-24,Shipped,Phone,20.0,21.34,5
1366,142,26,2024-08-27,Processing,Online,0.0,19.58,2
1367,47,30,2022-10-28,Processing,Online,5.0,21.87,3
1368,40,29,2022-04-17,Processing,Phone,20.0,10.99,4
1369,168,10,2024-10-21,Pending,Online,10.0,9.83,4
1370,362,16,2023-12-29,Shipped,Phone,0.0,13.27,5
1371,432,7,2022-12-07,Shipped,Phone,0.0,21.0,5
1372,227,16,2023-05-29,Pending,Phone,5.0,16.3,2
1373,13,28,2024-01-19,Delivered,Phone,0.0,18.21,2
1374,316,18,2023-01-27,Delivered,In-Store,0.0,23.33,1
1375,101,15,2024-01-10,Cancelled,Online,0.0,14.65,3
1376,49,30,2024-01-26,Shipped,Phone,0.0,15.17,1
1377,332,9,2024-09-07,Delivered,Online,15.0,17.61,3
1378,321,2,2022-03-04,Delivered,Phone,15.0,11.36,2
1379,243,24,2022-08-01,Pending,In-Store,0.0,15.32,2
1380,362,24,2022-12-29,Processing,Online,5.0,20.85,1
1381,29,15,2022-05-08,Shipped,Online,20.0,13.6,2
1382,336,20,2022-02-04,Shipped,Phone,20.0,22.49,2
1383,464,19,2024-01-21,Cancelled,Online,15.0,10.08,1
1384,34,7,2024-10-24,Processing,Phone,0.0,2.1,4
1385,23,9,2023-02-11,Cancelled,In-Store,0.0,15.88,1
1386,160,9,2023-12-20,Pending,In-Store,5.0,14.2,1
1387,290,30,2024-08-06,Pending,Online,0.0,4.56,1
1388,96,11,2022-02-11,Processing,Online,0.0,15.95,4
1389,42,29,2023-05-21,Shipped,Phone,15.0,23.57,2
1390,383,25,2022-09-29,Shipped,Online,5.0,17.65,2
1391,143,5,2023-10-09,Delivered,Online,20.0,4.71,2
1392,91,10,2023-06-16,Delivered,In-Store,0.0,12.25,5
1393,187,12,2024-12-07,Delivered,Phone,15.0,20.79,1
1394,487,27,2024-02-29,Processing,Phone,10.0,5.27,4
1395,178,21,2023-08-15,Processing,In-Store,15.0,24.21,5
1396,425,24,2023-07-05,Pending,Phone,20.0,5.27,2
1397,240,9,2022-03-06,Pending,Phone,15.0,15.78,4
1398,72,15,2023-10-24,Shipped,Phone,5.0,16.46,1
1399,166,23,2022-08-03,Shipped,Online,0.0,10.54,3
1400,173,21,2022-07-25,Processing,In-Store,0.0,4.07,5
1401,96,25,2022-02-14,Delivered,Phone,5.0,14.84,4
1402,375,13,2024-08-27,Processing,In-Store,15.0,9.33,3
1403,248,22,2024-04-01,Shipped,Online,0.0,19.08,5
1404,56,14,2024-05-22,Shipped,Phone,5.0,14.83,2
1405,263,6,2023-09-08,Cancelled,Phone,10.0,4.96,5
1406,385,5,2022-09-24,Shipped,Online,0.0,7.73,2
1407,411,12,2024-07-28,Delivered,Online,5.0,0.02,2
1408,103,29,2022-12-19,Shipped,In-Store,0.0,4.61,2
1409,224,3,2023-05-17,Processing,Phone,10.0,21.14,3
1410,3,16,2022-11-23,Shipped,Online,5.0,13.75,4
1411,358,7,2024-08-25,Delivered,In-Store,15.0,6.07,1
1412,199,5,2023-10-14,Processing,In-Store,20.0,8.18,3
1413,420,22,2024-05-19,Cancelled,In-Store,10.0,1.79,4
1414,343,24,2022-02-25,Processing,Phone,0.0,19.2,3
1415,186,11,2024-10-23,Pending,Phone,10.0,18.79,1
1416,331,8,2022-10-10,Delivered,Online,0.0,5.28,4
1417,48,11,2024-02-26,Processing,In-Store,0.0,7.12,4
1418,346,27,2024-09-11,Pending,In-Store,5.0,4.49,4
1419,350,17,2022-08-06,Delivered,Online,0.0,17.15,1
1420,336,28,2024-04-08,Pending,Online,0.0,3.22,5
1421,197,22,2024-07-20,Pending,In-Store,15.0,24.0,4
1422,217,25,2022-04-22,Shipped,In-Store,0.0,18.55,1
1423,310,26,2024-07-11,Cancelled,In-Store,20.0,11.84,3
1424,433,18,2024-01-18,Pending,Online,5.0,13.29,4
1425,446,22,2022-06-13,Processing,Online,0.0,23.71,5
1426,133,7,2024-11-20,Cancelled,Phone,20.0,11.37,1
1427,238,10,2022-03-23,Pending,In-Store,5.0,9.18,5
1428,352,12,2023-06-01,Delivered,In-Store,15.0,7.4,1
1429,278,9,2023-01-02,Shipped,In-Store,5.0,0.44,3
1430,153,21,2022-03-14,Cancelled,Online,0.0,18.3,5
1431,379,13,2023-05-25,Processing,Online,10.0,2.36,2
1432,325,16,2024-06-01,Shipped,In-Store,5.0,17.22,2
1433,471,27,2024-12-08,Cancelled,In-Store,0.0,1.91,3
1434,20,5,2022-07-27,Delivered,Phone,15.0,1.97,3
1435,217,13,2022-02-15,Processing,Phone,0.0,18.04,1
1436,429,30,2024-06-06,Pending,Online,10.0,6.52,3
1437,316,17,2023-05-15,Pending,In-Store,10.0,11.82,4
1438,141,24,2023-01-16,Shipped,Phone,15.0,1.14,4
1439,466,6,2023-08-07,Shipped,Online,5.0,5.18,4
1440,337,5,2023-07-17,Shipped,In-Store,10.0,19.76,3
1441,50,8,2023-04-06,Pending,Phone,0.0,5.53,5
1442,148,24,2024-08-01,Cancelled,In-Store,15.0,14.88,5
1443,200,16,2022-01-26,Shipped,In-Store,0.0,8.66,4
1444,78,15,2024-10-18,Processing,Phone,15.0,4.25,4
1445,131,13,2022-03-08,Cancelled,Online,15.0,12.16,3
1446,43,7,2024-12-20,Shipped,In-Store,0.0,18.77,4
1447,346,15,2022-03-02,Processing,Phone,10.0,4.17,3
1448,290,14,2024-04-30,Pending,In-Store,10.0,18.6,2
1449,193,30,2022-09-27,Delivered,Phone,20.0,3.09,4
1450,112,7,2022-08-15,Cancelled,In-Store,0.0,21.62,4
1451,282,14,2023-12-22,Processing,In-Store,10.0,6.97,3
1452,323,4,2023-10-13,Cancelled,Phone,10.0,9.8,4
1453,254,25,2024-08-08,Shipped,In-Store,0.0,23.1,2
1454,205,10,2022-01-07,Cancelled,In-Store,20.0,11.6,2
1455,350,30,2022-07-21,Delivered,Phone,15.0,10.45,4
1456,211,7,2022-03-01,Cancelled,Online,0.0,15.24,5
1457,42,20,2024-04-17,Pending,In-Store,10.0,6.25,5
1458,321,16,2022-07-06,Shipped,Online,15.0,15.03,4
1459,283,17,2023-01-31,Processing,In-Store,0.0,18.08,2
1460,90,16,2023-02-14,Shipped,Online,0.0,1.62,1
1461,106,19,2024-08-02,Delivered,Online,15.0,15.08,2
1462,408,6,2024-08-02,Cancelled,Phone,0.0,20.09,3
1463,447,30,2022-11-23,Processing,In-Store,15.0,24.06,1
1464,384,2,2024-04-12,Cancelled,In-Store,20.0,9.63,4
1465,491,9,2022-09-05,Cancelled,Phone,10.0,17.87,4
1466,247,27,2022-05-03,Shipped,In-Store,20.0,20.56,1
1467,187,13,2024-11-13,Delivered,In-Store,20.0,3.1,2
1468,434,9,2022-08-17,Processing,In-Store,5.0,16.41,2
1469,468,8,2024-09-15,Processing,In-Store,0.0,8.25,1
1470,235,29,2024-10-03,Processing,In-Store,0.0,7.38,4
1471,170,26,2024-07-11,Shipped,Phone,0.0,14.86,2
1472,76,17,2023-08-14,Pending,Online,0.0,14.09,3
1473,158,23,2022-11-21,Cancelled,Phone,0.0,11.88,4
1474,345,10,2022-11-13,Processing,Online,10.0,7.31,4
1475,132,21,2023-04-12,Pending,Online,10.0,7.57,5
1476,7,9,2024-01-16,Cancelled,Phone,20.0,24.9,4
1477,245,20,2022-12-15,Shipped,Phone,0.0,14.68,5
1478,161,17,2024-02-06,Delivered,In-Store,15.0,4.23,5
1479,247,6,2024-09-18,Delivered,Online,15.0,23.67,3
1480,116,10,2023-02-27,Processing,Online,0.0,15.22,1
1481,333,7,2024-01-01,Delivered,In-Store,10.0,22.82,1
1482,431,24,2024-12-09,Processing,Phone,0.0,9.09,1
1483,205,21,2022-07-22,Shipped,Phone,0.0,6.79,5
1484,434,24,2022-06-12,Pending,In-Store,10.0,13.07,2
1485,132,26,2023-01-10,Processing,Online,15.0,17.93,2
1486,21,20,2023-06-29,Cancelled,In-Store,0.0,18.58,1
1487,464,29,2022-09-29,Cancelled,In-Store,0.0,5.19,2
1488,300,25,2024-09-04,Delivered,Online,10.0,22.04,1
1489,164,26,2022-05-30,Processing,In-Store,0.0,11.05,4
1490,102,4,2023-03-17,Cancelled,In-Store,0.0,14.23,5
1491,221,28,2022-08-17,Delivered,Phone,0.0,14.72,5
1492,387,15,2022-01-02,Shipped,In-Store,10.0,6.77,2
1493,169,17,2024-09-16,Cancelled,In-Store,15.0,7.49,5
1494,128,11,2023-07-18,Cancelled,Phone,0.0,15.65,1
1495,388,6,2024-09-25,Pending,In-Store,10.0,11.76,2
1496,92,3,2024-06-03,Shipped,Online,20.0,11.08,5
1497,422,6,2023-02-01,Pending,Online,0.0,7.68,3
1498,164,25,2024-12-22,Delivered,Online,15.0,7.5,5
1499,108,19,2022-11-13,Shipped,Online,0.0,19.16,2
1500,437,6,2022-11-18,Shipped,Phone,5.0,16.34,4
1501,400,24,2023-07-06,Processing,In-Store,5.0,23.36,3
1502,190,5,2023-09-20,Shipped,Phone,0.0,20.73,3
1503,231,10,2024-05-21,Cancelled,In-Store,20.0,10.43,4
1504,29,14,2023-12-26,Processing,In-Store,20.0,6.86,2
1505,107,22,2023-06-09,Shipped,In-Store,0.0,8.05,4
1506,167,18,2023-02-13,Processing,Phone,10.0,11.0,3
1507,55,3,2023-05-13,Processing,In-Store,15.0,11.99,5
1508,241,2,2024-03-09,Delivered,Online,0.0,24.67,5
1509,193,2,2022-07-27,Pending,Phone,0.0,6.9,3
1510,225,30,2023-08-06,Pending,In-Store,0.0,22.02,1
1511,167,25,2024-04-27,Processing,Online,10.0,7.47,2
1512,288,3,2024-06-16,Processing,In-Store,10.0,13.66,3
1513,286,17,2023-08-20,Pending,Online,20.0,19.25,3
1514,491,28,2024-01-10,Delivered,Phone,0.0,4.6,4
1515,117,15,2024-01-12,Shipped,Online,15.0,24.29,3
1516,131,20,2022-02-17,Processing,Online,15.0,10.27,4
1517,413,16,2022-04-09,Cancelled,Online,10.0,9.34,5
1518,224,2,2024-10-29,Shipped,Phone,5.0,7.07,3
1519,325,3,2022-06-04,Cancelled,Online,10.0,19.51,5
1520,82,26,2024-11-17,Pending,Phone,5.0,15.25,2
1521,385,3,2024-06-01,Shipped,In-Store,5.0,22.23,2
1522,334,11,2022-05-30,Processing,Phone,10.0,8.5,5
1523,400,23,2024-06-04,Pending,In-Store,10.0,7.35,5
1524,425,13,2022-02-08,Pending,Online,0.0,10.68,3
1525,439,8,2023-10-31,Cancelled,In-Store,15.0,16.64,5
1526,474,12,2022-11-09,Processing,Online,0.0,7.71,1
1527,14,18,2022-03-22,Processing,Phone,0.0,23.87,3
1528,446,11,2023-04-17,Processing,Online,0.0,4.08,3
1529,120,30,2023-03-21,Shipped,Online,0.0,21.94,4
1530,64,27,2024-02-08,Pending,In-Store,20.0,18.6,2
1531,195,2,2024-07-04,Delivered,In-Store,0.0,5.14,4
1532,303,27,2022-09-13,Pending,Online,10.0,22.83,5
1533,63,6,2023-03-06,Pending,In-Store,15.0,15.12,3
1534,213,7,2023-03-07,Pending,Phone,0.0,11.95,5
1535,58,15,2022-02-03,Pending,In-Store,20.0,10.5,1
1536,182,12,2023-09-27,Pending,In-Store,20.0,16.3,2
1537,360,3,2024-03-09,Delivered,Online,0.0,18.24,3
1538,24,5,2023-05-25,Processing,Phone,0.0,3.2,2
1539,72,23,2024-08-20,Pending,Online,10.0,20.06,3
1540,191,20,2024-04-29,Processing,In-Store,0.0,4.37,5
1541,495,5,2023-01-07,Shipped,Online,20.0,4.06,4
1542,105,10,2024-04-06,Shipped,In-Store,10.0,8.03,1
1543,170,1,2024-08-21,Pending,Phone,20.0,3.61,4
1544,24,18,2024-02-12,Cancelled,Phone,10.0,4.24,1
1545,8,12,2023-04-02,Pending,In-Store,0.0,2.81,4
1546,238,14,2024-06-20,Processing,Phone,20.0,15.92,3
1547,244,16,2023-06-11,Processing,In-Store,15.0,13.5,5
1548,343,23,2022-07-17,Delivered,In-Store,15.0,20.78,5
1549,101,5,2023-03-26,Cancelled,Online,20.0,23.56,2
1550,338,3,2022-07-14,Delivered,In-Store,10.0,2.63,2
1551,129,6,2023-09-09,Shipped,Phone,5.0,16.71,5
1552,265,19,2023-07-01,Processing,In-Store,5.0,9.37,2
1553,297,24,2022-03-12,Delivered,Phone,0.0,19.85,2
1554,8,5,2022-03-11,Processing,Online,5.0,8.06,5
1555,247,16,2023-12-06,Processing,Phone,20.0,20.42,5
1556,208,15,2023-03-16,Delivered,Phone,0.0,13.65,1
1557,382,9,2024-11-19,Shipped,In-Store,0.0,6.38,4
1558,396,18,2024-07-23,Pending,Phone,20.0,8.56,5
1559,135,3,2024-01-19,Delivered,Phone,0.0,24.12,2
1560,49,8,2024-07-25,Pending,Online,10.0,17.82,2
1561,448,12,2023-09-21,Delivered,In-Store,10.0,24.61,1
1562,495,28,2024-10-30,Processing,In-Store,20.0,23.53,5
1563,100,5,2023-03-31,Pending,Online,15.0,18.61,5
1564,308,25,2022-11-07,Cancelled,Phone,10.0,1.17,5
1565,186,18,2023-04-17,Cancelled,Online,0.0,3.97,2
1566,326,21,2023-04-09,Processing,Phone,10.0,10.6,2
1567,143,2,2024-03-31,Shipped,In-Store,10.0,24.3,4
1568,240,11,2022-10-06,Shipped,Online,0.0,6.28,5
1569,343,10,2023-03-04,Cancelled,Phone,0.0,1.48,4
1570,72,5,2024-09-11,Processing,Online,5.0,19.66,4
1571,201,19,2023-02-01,Processing,In-Store,0.0,5.66,3
1572,72,29,2024-04-02,Pending,Phone,15.0,14.65,2
1573,106,15,2022-10-19,Shipped,In-Store,0.0,15.92,5
1574,160,17,2022-07-30,Cancelled,In-Store,0.0,16.51,3
1575,421,4,2024-07-19,Processing,Online,20.0,22.76,3
1576,449,9,2022-03-25,Delivered,In-Store,0.0,15.67,4
1577,300,6,2024-09-24,Shipped,Online,10.0,2.58,5
1578,492,20,2024-01-13,Processing,Phone,5.0,20.92,4
1579,216,2,2022-08-04,Shipped,Phone,15.0,6.9,3
1580,328,17,2023-11-05,Delivered,Phone,20.0,6.28,3
1581,43,1,2022-07-27,Delivered,Online,10.0,12.37,5
1582,223,22,2023-06-29,Pending,Phone,5.0,14.02,5
1583,193,20,2024-11-28,Delivered,Online,10.0,2.69,1
1584,295,4,2022-08-29,Processing,In-Store,10.0,16.82,5
1585,216,27,2024-03-17,Pending,In-Store,15.0,19.7,4
1586,294,28,2024-12-06,Pending,In-Store,20.0,20.13,4
1587,343,30,2022-02-22,Processing,Phone,0.0,0.6,3
1588,51,10,2024-04-24,Pending,Phone,5.0,21.24,3
1589,184,27,2023-12-06,Shipped,Online,0.0,11.15,1
1590,167,15,2023-06-23,Processing,Online,10.0,19.27,5
1591,332,11,2024-04-01,Shipped,Online,20.0,12.5,1
1592,171,12,2023-04-12,Shipped,In-Store,0.0,22.85,1
1593,328,13,2023-10-03,Cancelled,In-Store,15.0,4.65,4
1594,104,9,2024-09-21,Shipped,In-Store,20.0,10.94,3
1595,387,6,2022-12-12,Shipped,Online,0.0,4.74,3
1596,466,17,2023-08-30,Cancelled,Phone,0.0,9.95,1
1597,102,3,2022-07-05,Cancelled,Phone,5.0,21.31,2
1598,367,11,2024-12-27,Shipped,In-Store,0.0,23.03,1
1599,433,24,2023-08-25,Cancelled,Phone,0.0,8.1,2
1600,227,27,2022-03-25,Processing,Phone,0.0,16.69,3
1601,14,16,2023-04-05,Processing,Online,0.0,11.01,2
1602,75,1,2023-08-31,Processing,Online,20.0,15.31,4
1603,213,18,2023-01-29,Delivered,Online,20.0,12.96,4
1604,322,19,2024-03-03,Shipped,Phone,20.0,24.55,3
1605,221,12,2024-01-17,Processing,In-Store,10.0,8.93,2
1606,165,28,2023-05-21,Cancelled,Phone,0.0,2.42,5
1607,363,16,2023-10-05,Pending,Phone,0.0,18.0,5
1608,421,8,2024-08-10,Shipped,Phone,20.0,1.33,5
1609,225,16,2024-06-12,Pending,Online,0.0,14.0,5
1610,333,2,2023-12-13,Delivered,Phone,0.0,1.59,3
1611,34,24,2023-07-20,Cancelled,In-Store,15.0,0.69,5
1612,252,14,2022-10-01,Delivered,Online,15.0,11.3,5
1613,357,22,2023-09-16,Shipped,Online,10.0,19.96,5
1614,485,14,2022-10-23,Cancelled,Phone,10.0,7.86,1
1615,498,20,2022-04-19,Shipped,Phone,0.0,19.37,1
1616,315,3,2024-12-20,Delivered,Phone,0.0,18.31,2
1617,308,25,2023-01-03,Processing,Online,15.0,23.22,1
1618,170,3,2022-07-12,Delivered,Phone,15.0,23.73,4
1619,413,14,2024-02-20,Delivered,Online,20.0,8.58,1
1620,160,12,2022-12-30,Delivered,In-Store,5.0,2.27,3
1621,206,7,2023-04-10,Shipped,Phone,15.0,2.04,4
1622,385,4,2024-12-08,Shipped,Online,10.0,1.52,5
1623,31,22,2024-02-04,Pending,Online,0.0,24.09,5
1624,7,1,2023-11-01,Delivered,In-Store,0.0,20.0,5
1625,289,12,2022-05-23,Processing,Online,15.0,15.52,2
1626,275,7,2023-12-09,Pending,Phone,0.0,14.99,5
1627,91,29,2024-06-21,Processing,Phone,0.0,20.36,4
1628,16,20,2022-03-21,Cancelled,Online,20.0,23.36,3
1629,56,12,2023-01-05,Cancelled,Phone,0.0,22.51,4
1630,99,20,2022-11-14,Cancelled,In-Store,5.0,23.22,5
1631,426,13,2024-07-06,Pending,Phone,10.0,1.64,2
1632,188,5,2023-05-06,Delivered,Online,20.0,10.11,3
1633,31,30,2024-09-10,Cancelled,Online,20.0,13.0,3
1634,467,17,2024-12-25,Cancelled,In-Store,20.0,13.66,2
1635,145,11,2022-10-05,Delivered,Online,0.0,23.61,4
1636,207,14,2024-02-12,Pending,In-Store,0.0,12.28,3
1637,288,16,2024-03-07,Shipped,In-Store,20.0,19.27,1
1638,271,27,2022-03-27,Processing,Online,0.0,22.3,5
1639,278,6,2023-10-05,Pending,Phone,0.0,1.18,3
1640,198,7,2023-12-22,Cancelled,Online,20.0,20.63,4
1641,379,17,2024-12-09,Processing,Phone,0.0,17.03,1
1642,467,7,2022-07-22,Delivered,Online,0.0,17.81,1
1643,366,7,2024-10-11,Processing,Phone,15.0,15.33,1
1644,473,13,2023-02-26,Pending,In-Store,0.0,22.61,3
1645,91,13,2023-04-13,Shipped,In-Store,0.0,3.9,5
1646,127,20,2023-06-13,Delivered,Phone,10.0,17.75,3
1647,105,29,2023-07-13,Delivered,Phone,0.0,10.4,4
1648,194,9,2023-01-24,Delivered,In-Store,10.0,0.26,4
1649,22,23,2024-07-08,Processing,Phone,15.0,5.57,1
1650,60,6,2024-09-27,Pending,Online,10.0,8.18,3
1651,490,22,2024-03-26,Shipped,Phone,0.0,7.12,5
1652,134,4,2022-09-02,Delivered,Online,0.0,13.87,4
1653,103,5,2024-11-27,Pending,In-Store,5.0,2.73,2
1654,20,27,2024-03-05,Processing,Online,20.0,17.34,1
1655,124,14,2024-01-30,Delivered,Phone,0.0,11.05,1
1656,340,30,2024-10-28,Processing,Online,15.0,7.95,5
1657,8,5,2023-12-01,Shipped,Online,0.0,11.55,1
1658,201,13,2022-11-10,Shipped,Phone,0.0,5.63,2
1659,172,22,2024-06-17,Pending,In-Store,0.0,21.09,5
1660,271,10,2022-11-26,Processing,Phone,0.0,1.42,1
1661,210,17,2024-12-30,Pending,Phone,15.0,4.25,3
1662,190,2,2022-10-21,Pending,Phone,0.0,0.15,1
1663,289,2,2024-03-04,Cancelled,Online,20.0,5.61,1
1664,289,18,2022-06-01,Pending,Phone,20.0,22.77,5
1665,331,13,2023-08-02,Cancelled,In-Store,5.0,22.76,2
1666,350,16,2023-05-28,Shipped,Phone,5.0,11.98,2
1667,233,18,2024-01-08,Processing,Online,0.0,15.93,2
1668,494,13,2023-06-11,Processing,In-Store,15.0,0.52,3
1669,74,2,2024-07-30,Delivered,Phone,10.0,21.29,4
1670,65,27,2023-12-24,Processing,In-Store,5.0,22.09,4
1671,376,15,2024-06-28,Delivered,In-Store,0.0,8.45,4
1672,69,24,2024-12-21,Processing,Online,0.0,17.81,5
1673,100,28,2024-01-15,Delivered,Phone,20.0,19.1,4
1674,192,21,2023-09-21,Processing,In-Store,0.0,11.76,5
1675,334,15,2023-09-08,Cancelled,In-Store,0.0,4.99,3
1676,283,29,2022-11-17,Delivered,Phone,5.0,4.51,4
1677,13,23,2023-02-27,Delivered,Phone,15.0,4.31,5
1678,394,5,2024-04-03,Cancelled,Online,0.0,10.28,4
1679,126,28,2022-09-25,Delivered,In-Store,10.0,23.33,5
1680,272,24,2022-03-14,Pending,Online,0.0,0.54,1
1681,170,28,2022-07-04,Shipped,In-Store,0.0,18.59,2
1682,158,27,2022-05-16,Shipped,Phone,0.0,14.59,4
1683,244,11,2022-12-25,Shipped,In-Store,0.0,20.06,2
1684,462,29,2022-11-08,Processing,In-Store,0.0,13.31,5
1685,210,6,2024-08-19,Shipped,Phone,20.0,22.59,1
1686,340,5,2024-06-30,Pending,Online,0.0,22.01,4
1687,195,16,2022-12-16,Pending,Phone,15.0,24.69,3
1688,477,15,2023-01-08,Delivered,Online,5.0,23.67,5
1689,177,29,2023-11-27,Pending,In-Store,0.0,4.43,5
1690,154,22,2024-03-17,Processing,Online,20.0,24.01,2
1691,493,21,2023-10-19,Shipped,Phone,20.0,23.72,1
1692,182,20,2024-10-10,Pending,Phone,10.0,10.44,2
1693,187,28,2023-06-02,Processing,Phone,0.0,24.55,1
1694,251,11,2022-12-08,Pending,Phone,0.0,17.51,3
1695,230,14,2023-11-23,Pending,In-Store,15.0,24.88,4
1696,338,3,2023-11-13,Cancelled,Online,0.0,21.8,5
1697,6,24,2022-02-09,Shipped,In-Store,0.0,22.61,4
1698,199,2,2023-07-08,Delivered,In-Store,0.0,20.08,4
1699,209,23,2023-12-02,Processing,In-Store,15.0,6.54,2
1700,251,10,2023-07-01,Pending,In-Store,15.0,2.12,3
1701,442,17,2022-08-21,Pending,Online,20.0,19.05,2
1702,39,6,2024-02-04,Pending,Online,10.0,20.04,1
1703,443,3,2022-01-20,Pending,Phone,20.0,8.53,5
1704,37,5,2024-08-01,Shipped,Phone,0.0,15.31,1
1705,361,5,2023-02-13,Pending,Online,0.0,17.96,1
1706,2,14,2023-04-23,Processing,Online,15.0,1.99,3
1707,321,17,2023-01-30,Delivered,Online,15.0,24.7,5
1708,362,6,2024-08-18,Shipped,Phone,15.0,14.8,1
1709,227,6,2024-11-05,Pending,Online,0.0,24.35,3
1710,74,29,2023-01-23,Pending,Phone,20.0,1.89,2
1711,435,11,2023-04-12,Processing,In-Store,15.0,20.9,3
1712,308,14,2024-11-03,Shipped,Online,5.0,6.27,3
1713,377,8,2024-12-22,Pending,Phone,15.0,6.29,2
1714,34,2,2022-05-09,Delivered,In-Store,15.0,1.51,4
1715,41,22,2024-07-02,Pending,Phone,15.0,2.21,5
1716,395,30,2024-01-11,Cancelled,Phone,0.0,14.23,3
1717,231,12,2024-09-10,Shipped,In-Store,0.0,19.09,3
1718,280,24,2023-01-25,Processing,Phone,0.0,1.07,3
1719,210,15,2024-08-03,Shipped,In-Store,5.0,21.72,4
1720,232,5,2022-10-18,Delivered,In-Store,0.0,21.83,3
1721,196,28,2022-11-02,Delivered,In-Store,0.0,10.86,2
1722,78,19,2023-01-12,Processing,Online,0.0,9.78,2
1723,139,11,2023-02-10,Pending,In-Store,5.0,3.96,5
1724,143,8,2023-01-25,Delivered,Phone,15.0,12.48,4
1725,486,28,2022-11-24,Delivered,Phone,0.0,8.83,1
1726,35,11,2024-09-03,Cancelled,In-Store,0.0,5.88,4
1727,412,7,2024-05-02,Delivered,Online,0.0,15.79,3
1728,323,10,2024-05-28,Cancelled,Online,10.0,3.24,3
1729,175,24,2024-02-04,Processing,In-Store,10.0,24.26,1
1730,10,15,2024-01-28,Delivered,Online,0.0,23.61,2
1731,466,28,2023-10-03,Delivered,In-Store,10.0,8.52,3
1732,358,7,2022-09-18,Shipped,Phone,10.0,24.28,2
1733,363,19,2023-05-01,Processing,In-Store,10.0,11.74,1
1734,161,17,2022-07-15,Delivered,Online,10.0,8.04,5
1735,252,15,2023-06-29,Pending,In-Store,5.0,19.44,3
1736,365,5,2024-01-16,Pending,In-Store,0.0,5.58,1
1737,168,12,2024-09-15,Cancelled,Online,20.0,6.82,3
1738,249,11,2023-02-14,Processing,Phone,10.0,3.01,1
1739,377,29,2023-02-04,Cancelled,Phone,0.0,6.21,4
1740,217,23,2022-01-23,Shipped,In-Store,0.0,3.6,1
1741,15,21,2024-05-13,Pending,In-Store,5.0,19.39,2
1742,229,21,2024-02-22,Cancelled,Online,10.0,11.1,3
1743,56,30,2023-07-15,Delivered,In-Store,0.0,17.66,4
1744,146,6,2022-09-21,Shipped,Online,0.0,1.31,3
1745,283,16,2024-01-26,Processing,In-Store,20.0,18.01,5
1746,14,21,2024-06-08,Shipped,In-Store,0.0,8.17,1
1747,330,10,2023-10-26,Cancelled,Phone,0.0,22.08,1
1748,371,23,2022-09-28,Delivered,Online,0.0,3.5,1
1749,268,6,2023-04-27,Pending,In-Store,0.0,8.45,4
1750,176,25,2022-05-23,Delivered,In-Store,10.0,1.55,4
1751,329,26,2024-03-21,Processing,Phone,20.0,2.24,2
1752,230,6,2022-08-25,Shipped,Online,0.0,1.41,5
1753,13,2,2023-04-07,Delivered,Online,0.0,5.48,2
1754,487,5,2022-10-09,Cancelled,In-Store,0.0,9.69,4
1755,10,17,2023-08-17,Delivered,Online,15.0,17.87,4
1756,282,3,2022-03-24,Processing,Phone,0.0,5.22,5
1757,252,1,2023-12-17,Pending,Phone,0.0,12.73,2
1758,204,7,2022-11-08,Cancelled,Online,15.0,18.61,3
1759,137,18,2024-02-06,Cancelled,In-Store,0.0,20.87,5
1760,132,11,2023-02-05,Shipped,In-Store,5.0,2.98,3
1761,232,1,2024-07-01,Cancelled,Phone,15.0,12.8,4
1762,105,6,2022-08-19,Pending,In-Store,20.0,2.67,2
1763,103,25,2023-09-04,Processing,Phone,20.0,7.58,4
1764,28,21,2023-04-16,Cancelled,In-Store,0.0,12.78,3
1765,7,7,2023-01-06,Shipped,Online,5.0,23.67,4
1766,369,11,2024-07-26,Delivered,Phone,20.0,4.13,4
1767,246,18,2023-08-08,Processing,Online,10.0,2.68,1
1768,437,1,2022-04-13,Pending,In-Store,0.0,7.59,4
1769,374,19,2022-11-23,Pending,Online,0.0,5.38,2
1770,498,14,2024-02-03,Pending,In-Store,5.0,16.34,3
1771,395,2,2022-09-03,Shipped,Online,0.0,11.42,2
1772,62,30,2022-03-04,Delivered,Online,0.0,2.81,2
1773,234,28,2023-07-14,Shipped,Online,15.0,14.08,1
1774,375,23,2022-11-10,Processing,Online,5.0,16.95,1
1775,20,16,2024-06-04,Delivered,In-Store,0.0,24.32,5
1776,460,2,2022-05-10,Shipped,Phone,0.0,17.97,2
1777,411,9,2022-02-19,Shipped,Online,0.0,17.24,1
1778,333,2,2024-06-10,Cancelled,Phone,5.0,19.8,1
1779,147,12,2022-07-01,Cancelled,In-Store,5.0,20.52,5
1780,84,12,2024-01-31,Cancelled,Phone,0.0,8.02,3
1781,209,6,2024-04-02,Shipped,In-Store,0.0,19.18,2
1782,417,22,2024-10-09,Cancelled,In-Store,0.0,24.03,1
1783,309,9,2022-10-09,Shipped,In-Store,15.0,11.66,5
1784,442,22,2022-12-03,Pending,In-Store,10.0,22.96,2
1785,307,11,2022-11-23,Cancelled,Online,20.0,19.81,4
1786,42,27,2024-05-08,Pending,Phone,10.0,1.05,1
1787,295,1,2023-06-06,Cancelled,Phone,0.0,18.49,3
1788,251,4,2023-10-29,Shipped,Phone,5.0,13.08,4
1789,113,19,2023-12-21,Delivered,Phone,20.0,24.7,2
1790,328,21,2024-07-18,Processing,Phone,20.0,4.71,1
1791,458,26,2024-10-30,Pending,In-Store,0.0,22.9,3
1792,124,25,2024-04-11,Shipped,Online,10.0,15.96,2
1793,13,1,2022-03-05,Shipped,Online,0.0,4.64,1
1794,35,9,2024-07-15,Pending,In-Store,0.0,16.54,1
1795,358,20,2023-09-07,Shipped,In-Store,0.0,5.21,4
1796,318,19,2024-09-06,Cancelled,Phone,0.0,16.98,1
1797,256,11,2023-12-21,Pending,In-Store,15.0,11.84,4
1798,386,18,2022-07-20,Delivered,Phone,10.0,15.51,3
1799,486,22,2024-10-01,Pending,In-Store,0.0,24.07,1
1800,244,9,2022-07-08,Pending,Online,15.0,20.77,1
1801,233,13,2023-11-22,Processing,Phone,5.0,0.86,3
1802,283,25,2024-07-13,Processing,Phone,5.0,2.37,2
1803,304,28,2022-02-27,Cancelled,In-Store,0.0,12.55,4
1804,141,23,2024-03-05,Cancelled,Phone,15.0,1.22,5
1805,61,23,2024-11-24,Delivered,Online,5.0,7.33,2
1806,21,10,2023-11-10,Delivered,Online,15.0,3.87,1
1807,102,16,2024-09-22,Processing,Online,5.0,19.39,2
1808,396,13,2022-03-31,Shipped,Online,0.0,8.5,5
1809,433,16,2023-04-14,Delivered,Phone,0.0,2.54,2
1810,68,24,2022-02-18,Delivered,In-Store,0.0,19.86,4
1811,11,23,2024-12-11,Shipped,Phone,10.0,2.66,4
1812,18,9,2024-06-12,Cancelled,Phone,5.0,1.67,1
1813,135,29,2024-01-03,Delivered,In-Store,10.0,22.98,2
1814,62,1,2022-11-28,Pending,Phone,0.0,16.62,4
1815,338,18,2024-02-04,Cancelled,In-Store,5.0,1.67,2
1816,299,14,2022-08-26,Cancelled,Online,0.0,5.06,3
1817,69,24,2024-03-11,Pending,In-Store,0.0,12.75,1
1818,58,17,2023-06-29,Cancelled,Phone,0.0,7.58,2
1819,164,30,2023-05-15,Delivered,Online,0.0,16.6,4
1820,246,7,2022-07-22,Processing,In-Store,10.0,15.83,5
1821,440,26,2022-05-26,Processing,Phone,0.0,21.45,2
1822,441,25,2022-05-20,Delivered,Phone,0.0,14.15,2
1823,321,25,2024-04-26,Shipped,Online,20.0,6.56,1
1824,386,14,2022-03-29,Shipped,In-Store,0.0,4.82,3
1825,201,15,2023-04-06,Processing,In-Store,10.0,23.73,5
1826,456,14,2022-11-19,Processing,Phone,10.0,7.19,1
1827,222,20,2022-03-05,Delivered,Online,10.0,2.12,2
1828,396,21,2022-03-23,Shipped,In-Store,5.0,7.02,3
1829,156,27,2023-11-01,Shipped,In-Store,10.0,12.19,5
1830,356,18,2022-10-09,Delivered,In-Store,0.0,17.29,3
1831,273,17,2022-05-09,Shipped,Phone,0.0,23.35,3
1832,305,17,2023-04-12,Shipped,In-Store,0.0,14.15,3
1833,498,10,2023-01-28,Shipped,Phone,15.0,10.29,3
1834,307,14,2023-01-21,Cancelled,Online,20.0,19.25,3
1835,98,22,2024-01-11,Cancelled,Phone,0.0,5.11,4
1836,298,17,2022-12-22,Pending,Phone,15.0,21.9,2
1837,106,20,2023-11-22,Processing,Phone,20.0,12.42,2
1838,201,16,2023-07-09,Cancelled,In-Store,10.0,8.53,3
1839,311,3,2023-06-02,Pending,In-Store,20.0,13.77,4
1840,2,3,2023-01-22,Shipped,In-Store,5.0,23.37,5
1841,299,27,2023-07-22,Cancelled,Phone,5.0,4.98,1
1842,219,21,2024-09-29,Cancelled,Online,5.0,10.93,3
1843,62,5,2023-01-06,Pending,In-Store,20.0,20.03,1
1844,22,28,2022-05-24,Shipped,Online,10.0,13.38,2
1845,402,4,2024-05-16,Processing,Online,15.0,14.16,1
1846,58,11,2023-07-22,Shipped,In-Store,0.0,5.76,5
1847,310,19,2023-07-01,Cancelled,In-Store,20.0,5.91,1
1848,284,19,2023-10-11,Processing,Online,20.0,24.16,4
1849,105,18,2022-02-05,Processing,Online,10.0,18.51,3
1850,415,16,2022-09-13,Pending,Online,20.0,10.16,2
1851,236,20,2022-12-06,Processing,Online,0.0,2.68,2
1852,344,10,2024-06-10,Cancelled,Phone,20.0,9.67,2
1853,119,4,2022-06-17,Delivered,Phone,5.0,11.06,4
1854,436,20,2024-02-18,Pending,Phone,20.0,6.79,4
1855,224,26,2024-12-09,Shipped,In-Store,0.0,12.48,5
1856,199,27,2024-06-24,Cancelled,Online,0.0,3.61,1
1857,308,27,2024-02-13,Processing,In-Store,0.0,5.45,3
1858,208,9,2023-05-25,Shipped,Online,5.0,15.01,4
1859,492,1,2023-05-15,Pending,In-Store,15.0,20.0,4
1860,293,12,2024-01-07,Delivered,Online,5.0,10.91,4
1861,466,14,2022-07-03,Delivered,In-Store,0.0,5.71,3
1862,467,9,2024-09-07,Processing,Online,0.0,21.34,5
1863,307,17,2023-02-05,Pending,In-Store,0.0,1.2,2
1864,47,23,2022-11-22,Pending,Phone,15.0,13.82,3
1865,41,17,2023-06-07,Delivered,Online,0.0,3.54,4
1866,143,28,2023-01-16,Processing,In-Store,0.0,4.17,1
1867,119,28,2022-07-08,Cancelled,Online,10.0,16.37,2
1868,148,18,2024-08-21,Delivered,Online,0.0,0.43,2
1869,309,23,2022-06-07,Pending,Online,0.0,20.43,2
1870,274,4,2024-08-05,Cancelled,In-Store,15.0,4.47,5
1871,478,6,2023-05-19,Pending,In-Store,20.0,4.29,3
1872,263,27,2022-02-12,Cancelled,Phone,0.0,9.85,2
1873,25,16,2022-11-16,Processing,Online,20.0,15.22,3
1874,294,26,2023-07-26,Delivered,Online,5.0,4.38,1
1875,366,8,2022-11-28,Cancelled,Online,0.0,24.57,2
1876,1,10,2024-08-01,Cancelled,In-Store,15.0,18.86,5
1877,278,24,2024-04-07,Cancelled,In-Store,15.0,23.58,3
1878,403,20,2024-04-09,Shipped,Phone,5.0,4.17,4
1879,65,26,2022-03-16,Processing,Online,10.0,24.87,3
1880,60,20,2024-04-24,Delivered,In-Store,0.0,9.34,3
1881,250,7,2022-02-02,Processing,In-Store,20.0,15.96,2
1882,231,28,2022-10-14,Shipped,In-Store,0.0,3.56,2
1883,463,15,2023-06-02,Delivered,In-Store,5.0,17.82,3
1884,452,7,2024-08-06,Processing,In-Store,0.0,6.13,2
1885,460,21,2022-07-27,Shipped,In-Store,0.0,8.76,4
1886,455,21,2024-06-06,Pending,Phone,0.0,8.87,5
1887,283,16,2022-03-24,Delivered,Online,0.0,8.29,3
1888,473,17,2022-12-06,Pending,Online,0.0,18.61,5
1889,139,2,2022-02-20,Cancelled,Online,15.0,13.03,1
1890,230,13,2023-11-16,Cancelled,In-Store,0.0,15.54,3
1891,189,2,2024-11-24,Cancelled,Online,5.0,18.96,4
1892,391,17,2022-03-16,Cancelled,Phone,15.0,14.16,1
1893,496,5,2024-02-13,Shipped,Phone,15.0,11.0,3
1894,74,5,2023-02-07,Pending,Phone,5.0,6.89,2
1895,22,2,2023-09-13,Pending,Online,0.0,10.46,2
1896,214,26,2022-11-07,Delivered,Phone,10.0,6.38,2
1897,1,3,2022-12-01,Pending,In-Store,15.0,12.07,1
1898,113,15,2022-12-06,Delivered,Online,0.0,16.74,3
1899,316,24,2024-02-02,Delivered,In-Store,10.0,13.96,3
1900,324,22,2023-10-31,Cancelled,Online,15.0,17.05,5
1901,267,22,2023-07-26,Cancelled,Online,0.0,20.37,4
1902,248,9,2023-11-04,Cancelled,In-Store,5.0,24.32,4
1903,27,19,2023-09-08,Shipped,Online,20.0,3.7,2
1904,433,26,2023-03-25,Processing,In-Store,0.0,23.15,5
1905,259,12,2024-04-25,Delivered,In-Store,10.0,8.28,1
1906,125,6,2024-09-12,Pending,In-Store,0.0,10.89,4
1907,79,14,2024-08-27,Pending,In-Store,0.0,2.96,2
1908,250,29,2024-10-04,Delivered,Phone,0.0,10.13,2
1909,147,8,2022-12-04,Shipped,Online,10.0,8.18,4
1910,437,3,2022-07-26,Pending,Online,20.0,18.44,2
1911,277,14,2024-10-05,Pending,Phone,15.0,3.8,1
1912,2,16,2022-12-30,Pending,Online,0.0,24.59,3
1913,348,22,2024-01-02,Cancelled,Online,0.0,4.13,3
1914,170,4,2022-03-21,Cancelled,Online,0.0,15.36,2
1915,405,6,2024-03-11,Delivered,Online,0.0,14.83,5
1916,429,17,2022-05-27,Cancelled,In-Store,0.0,1.62,5
1917,437,9,2022-11-19,Cancelled,Online,5.0,15.16,3
1918,17,13,2023-11-25,Processing,Phone,5.0,20.26,3
1919,488,17,2023-09-20,Shipped,Phone,15.0,20.37,4
1920,414,30,2023-04-27,Shipped,Phone,0.0,5.26,4
1921,77,23,2022-11-14,Pending,Online,0.0,14.69,1
1922,76,4,2024-07-08,Processing,Online,15.0,1.84,3
1923,353,11,2023-05-05,Delivered,In-Store,5.0,3.07,5
1924,374,19,2023-09-12,Processing,In-Store,15.0,0.85,2
1925,201,7,2023-12-08,Pending,Online,0.0,21.03,3
1926,200,6,2024-10-16,Delivered,Phone,5.0,19.59,3
1927,231,5,2023-11-01,Delivered,Phone,0.0,23.95,5
1928,445,23,2023-01-12,Pending,Online,0.0,10.4,4
1929,449,11,2022-10-31,Pending,Online,0.0,12.82,4
1930,491,9,2023-02-19,Processing,In-Store,0.0,19.27,3
1931,365,11,2024-02-03,Shipped,Online,0.0,12.07,5
1932,104,7,2022-10-30,Shipped,Phone,15.0,21.44,5
1933,141,17,2024-03-11,Cancelled,Phone,10.0,23.16,2
1934,223,25,2022-03-22,Delivered,Phone,10.0,13.68,5
1935,387,15,2022-04-02,Shipped,In-Store,0.0,10.18,1
1936,243,27,2024-05-04,Delivered,Phone,10.0,5.77,3
1937,428,19,2023-04-02,Delivered,In-Store,0.0,22.29,1
1938,419,8,2023-06-05,Delivered,In-Store,0.0,13.27,1
1939,114,27,2024-07-09,Processing,In-Store,0.0,10.75,1
1940,411,26,2023-07-15,Cancelled,Phone,5.0,0.41,3
1941,394,20,2022-04-15,Delivered,Phone,0.0,13.35,5
1942,148,25,2022-08-26,Processing,In-Store,10.0,18.14,2
1943,280,21,2023-02-15,Pending,Phone,5.0,1.99,2
1944,485,16,2022-02-12,Pending,Online,15.0,18.28,2
1945,337,10,2023-06-11,Delivered,Online,5.0,5.1,2
1946,186,4,2023-08-15,Shipped,Phone,15.0,13.72,1
1947,40,5,2022-09-06,Pending,Online,0.0,19.47,3
1948,495,6,2022-08-21,Delivered,In-Store,0.0,12.51,5
1949,239,17,2022-09-08,Delivered,Phone,10.0,6.96,1
1950,183,26,2022-07-08,Shipped,Online,5.0,20.17,5
1951,484,9,2022-02-07,Cancelled,Online,0.0,4.06,3
1952,83,17,2024-12-31,Processing,In-Store,20.0,15.79,1
1953,175,28,2024-03-08,Delivered,Online,20.0,12.81,4
1954,109,6,2023-01-25,Cancelled,Phone,5.0,19.34,1
1955,500,24,2023-04-10,Delivered,Phone,20.0,11.45,3
1956,329,12,2023-02-12,Pending,Online,5.0,4.7,5
1957,182,1,2024-02-02,Shipped,In-Store,15.0,20.94,3
1958,442,15,2022-06-24,Processing,Online,10.0,13.01,1
1959,304,5,2024-08-27,Delivered,Phone,10.0,18.15,3
1960,62,20,2022-03-08,Shipped,Online,0.0,13.43,4
1961,151,2,2022-08-07,Pending,In-Store,15.0,24.1,2
1962,357,9,2024-02-17,Processing,In-Store,0.0,21.24,1
1963,500,17,2024-01-16,Pending,In-Store,0.0,18.47,4
1964,12,1,2023-08-07,Shipped,Online,15.0,2.33,2
1965,477,17,2022-07-25,Shipped,Online,0.0,24.37,3
1966,163,29,2022-09-11,Processing,Phone,0.0,14.56,1
1967,119,2,2023-07-21,Shipped,Phone,20.0,13.53,1
1968,416,23,2023-09-01,Cancelled,Phone,0.0,2.51,4
1969,386,30,2022-03-25,Shipped,In-Store,0.0,16.45,3
1970,380,2,2022-10-08,Pending,Online,10.0,0.1,4
1971,22,16,2024-01-10,Delivered,Phone,0.0,6.61,5
1972,482,18,2023-05-23,Pending,In-Store,0.0,4.63,5
1973,359,28,2022-08-01,Pending,In-Store,0.0,18.22,2
1974,87,24,2024-11-09,Processing,In-Store,0.0,17.04,3
1975,296,26,2023-01-20,Delivered,Phone,0.0,1.48,2
1976,314,22,2024-03-06,Processing,Phone,0.0,8.61,4
1977,499,19,2024-04-22,Cancelled,In-Store,0.0,6.23,1
1978,362,14,2023-06-07,Cancelled,In-Store,0.0,24.45,4
1979,303,7,2023-06-03,Processing,Phone,0.0,20.36,5
1980,62,22,2023-05-25,Processing,Phone,0.0,5.77,2
1981,382,2,2022-05-28,Delivered,Online,0.0,6.91,1
1982,295,1,2023-03-07,Pending,Phone,0.0,10.33,3
1983,106,15,2022-10-23,Processing,Phone,15.0,19.64,3
1984,167,14,2024-02-15,Cancelled,Phone,0.0,11.09,2
1985,440,21,2022-10-26,Processing,In-Store,0.0,4.7,2
1986,251,16,2023-07-15,Delivered,Online,0.0,0.08,4
1987,82,2,2022-05-03,Delivered,Phone,0.0,5.1,1
1988,452,10,2022-10-16,Shipped,In-Store,0.0,10.65,1
1989,243,26,2024-12-20,Pending,Phone,5.0,8.7,2
1990,231,7,2023-07-19,Delivered,In-Store,0.0,4.01,2
1991,225,29,2022-10-01,Pending,Online,15.0,12.15,2
1992,486,18,2024-11-09,Processing,Online,0.0,18.03,5
1993,131,23,2022-07-22,Shipped,Phone,10.0,19.99,4
1994,11,3,2022-08-08,Processing,In-Store,0.0,20.24,5
1995,439,20,2024-12-21,Processing,Phone,5.0,24.44,1
1996,77,1,2023-11-02,Cancelled,In-Store,10.0,8.53,4
1997,100,6,2022-08-11,Shipped,Phone,20.0,10.62,3
1998,301,7,2024-04-03,Cancelled,Phone,10.0,8.92,4
1999,242,20,2023-02-06,Processing,In-Store,0.0,21.44,3
2000,242,25,2023-05-09,Cancelled,In-Store,5.0,5.69,5
